id,product_id,batch_number,quantity,manufacturing_date,expiry_date,received_date,created_at,updated_at
1,1,BAT-MED-PCM-500-INIT,1012.5,2025-07-02,2026-06-17,2025-08-01,2025-08-01T00:00:00+00:00,2025-08-01T00:00:00+00:00
2,2,BAT-MED-IBU-400-INIT,375.0,2025-07-02,2026-02-20,2025-08-01,2025-08-01T00:00:00+00:00,2025-08-01T00:00:00+00:00
3,3,BAT-MED-AMX-500-INIT,312.5,2025-07-02,2026-02-24,2025-08-01,2025-08-01T00:00:00+00:00,2025-08-01T00:00:00+00:00
4,4,BAT-MED-MET-500-INIT,1000.0,2025-07-02,2026-11-07,2025-08-01,2025-08-01T00:00:00+00:00,2025-08-01T00:00:00+00:00
5,5,BAT-MED-ATO-20-INIT,612.5,2025-07-02,2026-06-26,2025-08-01,2025-08-01T00:00:00+00:00,2025-08-01T00:00:00+00:00
6,6,BAT-MED-OME-20-INIT,420.0,2025-07-02,2027-01-20,2025-08-01,2025-08-01T00:00:00+00:00,2025-08-01T00:00:00+00:00
7,7,BAT-MED-AML-5-INIT,560.0,2025-07-02,2026-04-02,2025-08-01,2025-08-01T00:00:00+00:00,2025-08-01T00:00:00+00:00
8,8,BAT-MED-AZI-250-INIT,262.5,2025-07-02,2026-12-20,2025-08-01,2025-08-01T00:00:00+00:00,2025-08-01T00:00:00+00:00
9,9,BAT-MED-GAB-300-INIT,250.0,2025-07-02,2026-10-06,2025-08-01,2025-08-01T00:00:00+00:00,2025-08-01T00:00:00+00:00
10,10,BAT-MED-LOS-50-INIT,375.0,2025-07-02,2026-03-21,2025-08-01,2025-08-01T00:00:00+00:00,2025-08-01T00:00:00+00:00
11,11,BAT-MED-PAN-40-INIT,495.0,2025-07-02,2026-02-03,2025-08-01,2025-08-01T00:00:00+00:00,2025-08-01T00:00:00+00:00
12,12,BAT-MED-CET-10-INIT,315.0,2025-07-02,2026-11-17,2025-08-01,2025-08-01T00:00:00+00:00,2025-08-01T00:00:00+00:00
13,13,BAT-MED-PRE-10-INIT,180.0,2025-07-02,2026-06-22,2025-08-01,2025-08-01T00:00:00+00:00,2025-08-01T00:00:00+00:00
14,14,BAT-MED-CLO-75-INIT,375.0,2025-07-02,2026-09-25,2025-08-01,2025-08-01T00:00:00+00:00,2025-08-01T00:00:00+00:00
15,15,BAT-MED-MON-10-INIT,250.0,2025-07-02,2026-09-30,2025-08-01,2025-08-01T00:00:00+00:00,2025-08-01T00:00:00+00:00
16,16,BAT-MED-ALB-INH-INIT,180.0,2025-07-02,2026-09-10,2025-08-01,2025-08-01T00:00:00+00:00,2025-08-01T00:00:00+00:00
17,17,BAT-MED-LEV-50-INIT,1000.0,2025-07-02,2026-07-21,2025-08-01,2025-08-01T00:00:00+00:00,2025-08-01T00:00:00+00:00
18,18,BAT-MED-TRA-50-INIT,280.0,2025-07-02,2026-05-02,2025-08-01,2025-08-01T00:00:00+00:00,2025-08-01T00:00:00+00:00
19,19,BAT-MED-MTP-25-INIT,560.0,2025-07-02,2026-02-23,2025-08-01,2025-08-01T00:00:00+00:00,2025-08-01T00:00:00+00:00
20,20,BAT-MED-WAR-5-INIT,225.0,2025-07-02,2026-06-06,2025-08-01,2025-08-01T00:00:00+00:00,2025-08-01T00:00:00+00:00
21,21,BAT-SUP-SYR-5ML-INIT,1500.0,2025-07-02,2026-09-29,2025-08-01,2025-08-01T00:00:00+00:00,2025-08-01T00:00:00+00:00
22,22,BAT-SUP-SYR-2ML-INIT,3375.0,2025-07-02,2026-03-27,2025-08-01,2025-08-01T00:00:00+00:00,2025-08-01T00:00:00+00:00
23,23,BAT-SUP-SYR-10ML-INIT,1600.0,2025-07-02,2026-03-02,2025-08-01,2025-08-01T00:00:00+00:00,2025-08-01T00:00:00+00:00
24,24,BAT-SUP-IVC-20G-INIT,625.0,2025-07-02,2026-08-21,2025-08-01,2025-08-01T00:00:00+00:00,2025-08-01T00:00:00+00:00
25,25,BAT-SUP-IVC-22G-INIT,1500.0,2025-07-02,2026-10-06,2025-08-01,2025-08-01T00:00:00+00:00,2025-08-01T00:00:00+00:00
26,26,BAT-SUP-IVC-18G-INIT,450.0,2025-07-02,2026-03-06,2025-08-01,2025-08-01T00:00:00+00:00,2025-08-01T00:00:00+00:00
27,27,BAT-SUP-ALC-PAD-INIT,210.0,2025-07-02,2026-11-19,2025-08-01,2025-08-01T00:00:00+00:00,2025-08-01T00:00:00+00:00
28,28,BAT-SUP-CTN-ROL-INIT,337.5,2025-07-02,2026-12-16,2025-08-01,2025-08-01T00:00:00+00:00,2025-08-01T00:00:00+00:00
29,29,BAT-SUP-ADH-PLST-INIT,100.0,2025-07-02,2027-01-14,2025-08-01,2025-08-01T00:00:00+00:00,2025-08-01T00:00:00+00:00
30,30,BAT-SUP-BND-4IN-INIT,1000.0,2025-07-02,2026-02-24,2025-08-01,2025-08-01T00:00:00+00:00,2025-08-01T00:00:00+00:00
31,31,BAT-SUP-BND-3IN-INIT,1125.0,2025-07-02,2026-04-15,2025-08-01,2025-08-01T00:00:00+00:00,2025-08-01T00:00:00+00:00
32,32,BAT-SUP-GZE-SWB-INIT,315.0,2025-07-02,2026-04-14,2025-08-01,2025-08-01T00:00:00+00:00,2025-08-01T00:00:00+00:00
33,33,BAT-SUP-IVF-SET-INIT,1575.0,2025-07-02,2026-11-12,2025-08-01,2025-08-01T00:00:00+00:00,2025-08-01T00:00:00+00:00
34,34,BAT-SUP-URN-BAG-INIT,375.0,2025-07-02,2026-07-02,2025-08-01,2025-08-01T00:00:00+00:00,2025-08-01T00:00:00+00:00
35,35,BAT-SUP-FOL-CAT-INIT,375.0,2025-07-02,2026-03-12,2025-08-01,2025-08-01T00:00:00+00:00,2025-08-01T00:00:00+00:00
36,36,BAT-SUP-DSC-11-INIT,300.0,2025-07-02,2026-06-04,2025-08-01,2025-08-01T00:00:00+00:00,2025-08-01T00:00:00+00:00
37,37,BAT-SUP-DSC-15-INIT,315.0,2025-07-02,2026-03-29,2025-08-01,2025-08-01T00:00:00+00:00,2025-08-01T00:00:00+00:00
38,38,BAT-SUP-WTR-10ML-INIT,2000.0,2025-07-02,2026-11-09,2025-08-01,2025-08-01T00:00:00+00:00,2025-08-01T00:00:00+00:00
39,39,BAT-SUP-SAL-500-INIT,1050.0,2025-07-02,2026-08-29,2025-08-01,2025-08-01T00:00:00+00:00,2025-08-01T00:00:00+00:00
40,40,BAT-SUP-RIN-500-INIT,1000.0,2025-07-02,2026-12-04,2025-08-01,2025-08-01T00:00:00+00:00,2025-08-01T00:00:00+00:00
41,41,BAT-PPE-GLV-LAT-M-INIT,625.0,2025-07-02,2026-11-29,2025-08-01,2025-08-01T00:00:00+00:00,2025-08-01T00:00:00+00:00
42,42,BAT-PPE-GLV-LAT-L-INIT,300.0,2025-07-02,2026-12-10,2025-08-01,2025-08-01T00:00:00+00:00,2025-08-01T00:00:00+00:00
43,43,BAT-PPE-GLV-LAT-S-INIT,262.5,2025-07-02,2026-05-23,2025-08-01,2025-08-01T00:00:00+00:00,2025-08-01T00:00:00+00:00
44,44,BAT-PPE-GLV-NIT-M-INIT,750.0,2025-07-02,2026-10-22,2025-08-01,2025-08-01T00:00:00+00:00,2025-08-01T00:00:00+00:00
45,45,BAT-PPE-GLV-NIT-L-INIT,560.0,2025-07-02,2026-08-10,2025-08-01,2025-08-01T00:00:00+00:00,2025-08-01T00:00:00+00:00
46,46,BAT-PPE-GLV-NIT-S-INIT,450.0,2025-07-02,2026-09-15,2025-08-01,2025-08-01T00:00:00+00:00,2025-08-01T00:00:00+00:00
47,47,BAT-PPE-MSK-N95-INIT,1125.0,2025-07-02,2026-09-11,2025-08-01,2025-08-01T00:00:00+00:00,2025-08-01T00:00:00+00:00
48,48,BAT-PPE-MSK-3PLY-INIT,225.0,2025-07-02,2026-06-29,2025-08-01,2025-08-01T00:00:00+00:00,2025-08-01T00:00:00+00:00
49,49,BAT-PPE-GWN-STR-INIT,275.0,2025-07-02,2026-11-25,2025-08-01,2025-08-01T00:00:00+00:00,2025-08-01T00:00:00+00:00
50,50,BAT-PPE-GWN-DSP-INIT,437.5,2025-07-02,2026-09-04,2025-08-01,2025-08-01T00:00:00+00:00,2025-08-01T00:00:00+00:00
51,51,BAT-PPE-GOG-PRT-INIT,125.0,2025-07-02,2026-07-03,2025-08-01,2025-08-01T00:00:00+00:00,2025-08-01T00:00:00+00:00
52,52,BAT-PPE-FSH-CLR-INIT,100.0,2025-07-02,2026-11-15,2025-08-01,2025-08-01T00:00:00+00:00,2025-08-01T00:00:00+00:00
53,53,BAT-PPE-SHC-DSP-INIT,120.0,2025-07-02,2026-12-11,2025-08-01,2025-08-01T00:00:00+00:00,2025-08-01T00:00:00+00:00
54,54,BAT-PPE-CAP-BLU-INIT,87.5,2025-07-02,2026-02-27,2025-08-01,2025-08-01T00:00:00+00:00,2025-08-01T00:00:00+00:00
55,55,BAT-PPE-SAN-500-INIT,210.0,2025-07-02,2026-12-06,2025-08-01,2025-08-01T00:00:00+00:00,2025-08-01T00:00:00+00:00
56,56,BAT-PPE-SAN-100-INIT,450.0,2025-07-02,2026-03-19,2025-08-01,2025-08-01T00:00:00+00:00,2025-08-01T00:00:00+00:00
57,57,BAT-PPE-WIP-DIS-INIT,200.0,2025-07-02,2026-05-14,2025-08-01,2025-08-01T00:00:00+00:00,2025-08-01T00:00:00+00:00
58,58,BAT-PPE-BIO-LRG-INIT,600.0,2025-07-02,2026-12-14,2025-08-01,2025-08-01T00:00:00+00:00,2025-08-01T00:00:00+00:00
59,59,BAT-PPE-BIO-MED-INIT,1125.0,2025-07-02,2026-05-16,2025-08-01,2025-08-01T00:00:00+00:00,2025-08-01T00:00:00+00:00
60,60,BAT-PPE-APR-WPR-INIT,70.0,2025-07-02,2026-06-12,2025-08-01,2025-08-01T00:00:00+00:00,2025-08-01T00:00:00+00:00
61,61,BAT-SRG-VIC-30-INIT,135.0,2025-07-02,2027-01-01,2025-08-01,2025-08-01T00:00:00+00:00,2025-08-01T00:00:00+00:00
62,62,BAT-SRG-VIC-20-INIT,100.0,2025-07-02,2026-03-10,2025-08-01,2025-08-01T00:00:00+00:00,2025-08-01T00:00:00+00:00
63,63,BAT-SRG-VIC-40-INIT,80.0,2025-07-02,2026-04-18,2025-08-01,2025-08-01T00:00:00+00:00,2025-08-01T00:00:00+00:00
64,64,BAT-SRG-SLK-30-INIT,75.0,2025-07-02,2026-05-30,2025-08-01,2025-08-01T00:00:00+00:00,2025-08-01T00:00:00+00:00
65,65,BAT-SRG-SLK-20-INIT,80.0,2025-07-02,2026-04-26,2025-08-01,2025-08-01T00:00:00+00:00,2025-08-01T00:00:00+00:00
66,66,BAT-SRG-MON-40-INIT,45.0,2025-07-02,2026-11-06,2025-08-01,2025-08-01T00:00:00+00:00,2025-08-01T00:00:00+00:00
67,67,BAT-SRG-STP-DSP-INIT,200.0,2025-07-02,2026-03-07,2025-08-01,2025-08-01T00:00:00+00:00,2025-08-01T00:00:00+00:00
68,68,BAT-SRG-STP-REM-INIT,200.0,2025-07-02,2026-04-18,2025-08-01,2025-08-01T00:00:00+00:00,2025-08-01T00:00:00+00:00
69,69,BAT-SRG-NDL-EPI-INIT,270.0,2025-07-02,2026-01-29,2025-08-01,2025-08-01T00:00:00+00:00,2025-08-01T00:00:00+00:00
70,70,BAT-SRG-SUC-TUB-INIT,225.0,2025-07-02,2026-08-25,2025-08-01,2025-08-01T00:00:00+00:00,2025-08-01T00:00:00+00:00
71,71,BAT-SRG-LAP-SPN-INIT,375.0,2025-07-02,2026-09-15,2025-08-01,2025-08-01T00:00:00+00:00,2025-08-01T00:00:00+00:00
72,72,BAT-SRG-BLD-10-INIT,67.5,2025-07-02,2027-01-15,2025-08-01,2025-08-01T00:00:00+00:00,2025-08-01T00:00:00+00:00
73,73,BAT-SRG-BLD-22-INIT,40.0,2025-07-02,2026-11-28,2025-08-01,2025-08-01T00:00:00+00:00,2025-08-01T00:00:00+00:00
74,74,BAT-SRG-BNE-WAX-INIT,30.0,2025-07-02,2026-09-25,2025-08-01,2025-08-01T00:00:00+00:00,2025-08-01T00:00:00+00:00
75,75,BAT-SRG-FOL-18-INIT,150.0,2025-07-02,2026-06-26,2025-08-01,2025-08-01T00:00:00+00:00,2025-08-01T00:00:00+00:00
76,76,BAT-SRG-TAP-2IN-INIT,315.0,2025-07-02,2026-02-13,2025-08-01,2025-08-01T00:00:00+00:00,2025-08-01T00:00:00+00:00
77,77,BAT-SRG-SKN-PEN-INIT,187.5,2025-07-02,2026-05-26,2025-08-01,2025-08-01T00:00:00+00:00,2025-08-01T00:00:00+00:00
78,78,BAT-SRG-SUC-YNK-INIT,240.0,2025-07-02,2026-06-24,2025-08-01,2025-08-01T00:00:00+00:00,2025-08-01T00:00:00+00:00
79,79,BAT-SRG-DRP-CS-INIT,75.0,2025-07-02,2026-06-21,2025-08-01,2025-08-01T00:00:00+00:00,2025-08-01T00:00:00+00:00
80,80,BAT-SRG-DRP-UNV-INIT,250.0,2025-07-02,2027-01-22,2025-08-01,2025-08-01T00:00:00+00:00,2025-08-01T00:00:00+00:00
81,81,BAT-LAB-EDT-K2-INIT,3000.0,2025-07-02,2026-09-17,2025-08-01,2025-08-01T00:00:00+00:00,2025-08-01T00:00:00+00:00
82,82,BAT-LAB-SRM-SST-INIT,4500.0,2025-07-02,2026-03-05,2025-08-01,2025-08-01T00:00:00+00:00,2025-08-01T00:00:00+00:00
83,83,BAT-LAB-SCT-TUBE-INIT,1500.0,2025-07-02,2027-01-14,2025-08-01,2025-08-01T00:00:00+00:00,2025-08-01T00:00:00+00:00
84,84,BAT-LAB-GLU-STP-INIT,300.0,2025-07-02,2026-05-27,2025-08-01,2025-08-01T00:00:00+00:00,2025-08-01T00:00:00+00:00
85,85,BAT-LAB-HIV-KIT-INIT,125.0,2025-07-02,2026-06-12,2025-08-01,2025-08-01T00:00:00+00:00,2025-08-01T00:00:00+00:00
86,86,BAT-LAB-HCV-KIT-INIT,90.0,2025-07-02,2026-12-14,2025-08-01,2025-08-01T00:00:00+00:00,2025-08-01T00:00:00+00:00
87,87,BAT-LAB-SYP-KIT-INIT,80.0,2025-07-02,2026-11-25,2025-08-01,2025-08-01T00:00:00+00:00,2025-08-01T00:00:00+00:00
88,88,BAT-LAB-URN-DIP-INIT,120.0,2025-07-02,2027-01-01,2025-08-01,2025-08-01T00:00:00+00:00,2025-08-01T00:00:00+00:00
89,89,BAT-LAB-HCG-STR-INIT,675.0,2025-07-02,2026-05-09,2025-08-01,2025-08-01T00:00:00+00:00,2025-08-01T00:00:00+00:00
90,90,BAT-LAB-DDM-KIT-INIT,45.0,2025-07-02,2026-09-02,2025-08-01,2025-08-01T00:00:00+00:00,2025-08-01T00:00:00+00:00
91,91,BAT-LAB-TRP-KIT-INIT,135.0,2025-07-02,2026-03-27,2025-08-01,2025-08-01T00:00:00+00:00,2025-08-01T00:00:00+00:00
92,92,BAT-LAB-CRP-KIT-INIT,40.0,2025-07-02,2026-11-02,2025-08-01,2025-08-01T00:00:00+00:00,2025-08-01T00:00:00+00:00
93,93,BAT-LAB-RF-KIT-INIT,25.0,2025-07-02,2026-05-23,2025-08-01,2025-08-01T00:00:00+00:00,2025-08-01T00:00:00+00:00
94,94,BAT-LAB-BLD-CUL-INIT,495.0,2025-07-02,2026-12-25,2025-08-01,2025-08-01T00:00:00+00:00,2025-08-01T00:00:00+00:00
95,95,BAT-LAB-MAL-KIT-INIT,187.5,2025-07-02,2026-04-14,2025-08-01,2025-08-01T00:00:00+00:00,2025-08-01T00:00:00+00:00
96,96,BAT-LAB-PIP-200-INIT,67.5,2025-07-02,2026-06-13,2025-08-01,2025-08-01T00:00:00+00:00,2025-08-01T00:00:00+00:00
97,97,BAT-LAB-PIP-1KW-INIT,50.0,2025-07-02,2026-04-10,2025-08-01,2025-08-01T00:00:00+00:00,2025-08-01T00:00:00+00:00
98,98,BAT-LAB-MIC-SLD-INIT,62.5,2025-07-02,2026-03-05,2025-08-01,2025-08-01T00:00:00+00:00,2025-08-01T00:00:00+00:00
99,99,BAT-LAB-HCG-CAS-INIT,625.0,2025-07-02,2026-02-27,2025-08-01,2025-08-01T00:00:00+00:00,2025-08-01T00:00:00+00:00
100,100,BAT-LAB-BGP-ANA-INIT,30.0,2025-07-02,2026-04-22,2025-08-01,2025-08-01T00:00:00+00:00,2025-08-01T00:00:00+00:00
101,24,BAT-SUP-IVC-20G-4,750.0,2025-07-27,2026-02-26,2025-08-11,2025-08-11T00:00:00+00:00,2025-08-11T00:00:00+00:00
102,47,BAT-PPE-MSK-N95-5,1350.0,2025-07-27,2026-08-28,2025-08-11,2025-08-11T00:00:00+00:00,2025-08-11T00:00:00+00:00
103,50,BAT-PPE-GWN-DSP-3,525.0,2025-07-27,2026-07-26,2025-08-11,2025-08-11T00:00:00+00:00,2025-08-11T00:00:00+00:00
104,98,BAT-LAB-MIC-SLD-7,75.0,2025-07-28,2026-05-24,2025-08-12,2025-08-12T00:00:00+00:00,2025-08-12T00:00:00+00:00
105,42,BAT-PPE-GLV-LAT-L-18,300.0,2025-07-29,2026-04-24,2025-08-13,2025-08-13T00:00:00+00:00,2025-08-13T00:00:00+00:00
106,26,BAT-SUP-IVC-18G-23,450.0,2025-07-30,2026-12-09,2025-08-14,2025-08-14T00:00:00+00:00,2025-08-14T00:00:00+00:00
107,29,BAT-SUP-ADH-PLST-24,120.0,2025-07-30,2026-05-29,2025-08-14,2025-08-14T00:00:00+00:00,2025-08-14T00:00:00+00:00
108,2,BAT-MED-IBU-400-12,450.0,2025-07-31,2026-12-06,2025-08-15,2025-08-15T00:00:00+00:00,2025-08-15T00:00:00+00:00
109,3,BAT-MED-AMX-500-2,375.0,2025-07-31,2026-08-08,2025-08-15,2025-08-15T00:00:00+00:00,2025-08-15T00:00:00+00:00
110,15,BAT-MED-MON-10-6,300.0,2025-07-31,2026-08-07,2025-08-15,2025-08-15T00:00:00+00:00,2025-08-15T00:00:00+00:00
111,49,BAT-PPE-GWN-STR-1,330.0,2025-07-31,2026-07-02,2025-08-15,2025-08-15T00:00:00+00:00,2025-08-15T00:00:00+00:00
112,90,BAT-LAB-DDM-KIT-21,45.0,2025-07-31,2026-06-06,2025-08-15,2025-08-15T00:00:00+00:00,2025-08-15T00:00:00+00:00
113,95,BAT-LAB-MAL-KIT-14,225.0,2025-07-31,2026-12-18,2025-08-15,2025-08-15T00:00:00+00:00,2025-08-15T00:00:00+00:00
114,21,BAT-SUP-SYR-5ML-8,1800.0,2025-08-01,2026-06-08,2025-08-16,2025-08-16T00:00:00+00:00,2025-08-16T00:00:00+00:00
115,77,BAT-SRG-SKN-PEN-30,225.0,2025-08-01,2026-03-29,2025-08-16,2025-08-16T00:00:00+00:00,2025-08-16T00:00:00+00:00
116,88,BAT-LAB-URN-DIP-9,120.0,2025-08-01,2026-09-26,2025-08-16,2025-08-16T00:00:00+00:00,2025-08-16T00:00:00+00:00
117,10,BAT-MED-LOS-50-10,450.0,2025-08-02,2026-08-16,2025-08-17,2025-08-17T00:00:00+00:00,2025-08-17T00:00:00+00:00
118,13,BAT-MED-PRE-10-31,180.0,2025-08-02,2026-10-02,2025-08-17,2025-08-17T00:00:00+00:00,2025-08-17T00:00:00+00:00
119,70,BAT-SRG-SUC-TUB-17,225.0,2025-08-02,2026-09-30,2025-08-17,2025-08-17T00:00:00+00:00,2025-08-17T00:00:00+00:00
120,79,BAT-SRG-DRP-CS-13,90.0,2025-08-02,2026-09-04,2025-08-17,2025-08-17T00:00:00+00:00,2025-08-17T00:00:00+00:00
121,81,BAT-LAB-EDT-K2-16,3000.0,2025-08-02,2026-02-13,2025-08-17,2025-08-17T00:00:00+00:00,2025-08-17T00:00:00+00:00
122,100,BAT-LAB-BGP-ANA-29,30.0,2025-08-02,2026-03-02,2025-08-17,2025-08-17T00:00:00+00:00,2025-08-17T00:00:00+00:00
123,12,BAT-MED-CET-10-20,270.0,2025-08-03,2026-02-27,2025-08-18,2025-08-18T00:00:00+00:00,2025-08-18T00:00:00+00:00
124,52,BAT-PPE-FSH-CLR-15,120.0,2025-08-03,2026-12-24,2025-08-18,2025-08-18T00:00:00+00:00,2025-08-18T00:00:00+00:00
125,58,BAT-PPE-BIO-LRG-33,600.0,2025-08-03,2026-12-26,2025-08-18,2025-08-18T00:00:00+00:00,2025-08-18T00:00:00+00:00
126,93,BAT-LAB-RF-KIT-22,30.0,2025-08-03,2026-06-30,2025-08-18,2025-08-18T00:00:00+00:00,2025-08-18T00:00:00+00:00
127,9,BAT-MED-GAB-300-11,300.0,2025-08-04,2026-08-26,2025-08-19,2025-08-19T00:00:00+00:00,2025-08-19T00:00:00+00:00
128,48,BAT-PPE-MSK-3PLY-19,225.0,2025-08-04,2027-01-01,2025-08-19,2025-08-19T00:00:00+00:00,2025-08-19T00:00:00+00:00
129,5,BAT-MED-ATO-20-43,525.0,2025-08-05,2026-08-23,2025-08-20,2025-08-20T00:00:00+00:00,2025-08-20T00:00:00+00:00
130,8,BAT-MED-AZI-250-26,225.0,2025-08-05,2026-04-14,2025-08-20,2025-08-20T00:00:00+00:00,2025-08-20T00:00:00+00:00
131,39,BAT-SUP-SAL-500-25,900.0,2025-08-05,2026-12-10,2025-08-20,2025-08-20T00:00:00+00:00,2025-08-20T00:00:00+00:00
132,55,BAT-PPE-SAN-500-32,210.0,2025-08-05,2026-10-20,2025-08-20,2025-08-20T00:00:00+00:00,2025-08-20T00:00:00+00:00
133,66,BAT-SRG-MON-40-28,45.0,2025-08-05,2027-02-04,2025-08-20,2025-08-20T00:00:00+00:00,2025-08-20T00:00:00+00:00
134,71,BAT-SRG-LAP-SPN-41,375.0,2025-08-05,2026-03-28,2025-08-20,2025-08-20T00:00:00+00:00,2025-08-20T00:00:00+00:00
135,6,BAT-MED-OME-20-34,420.0,2025-08-06,2026-10-09,2025-08-21,2025-08-21T00:00:00+00:00,2025-08-21T00:00:00+00:00
136,36,BAT-SUP-DSC-11-37,300.0,2025-08-06,2027-01-30,2025-08-21,2025-08-21T00:00:00+00:00,2025-08-21T00:00:00+00:00
137,54,BAT-PPE-CAP-BLU-36,75.0,2025-08-06,2026-11-18,2025-08-21,2025-08-21T00:00:00+00:00,2025-08-21T00:00:00+00:00
138,75,BAT-SRG-FOL-18-35,150.0,2025-08-06,2026-05-04,2025-08-21,2025-08-21T00:00:00+00:00,2025-08-21T00:00:00+00:00
139,83,BAT-LAB-SCT-TUBE-38,1500.0,2025-08-06,2026-12-10,2025-08-21,2025-08-21T00:00:00+00:00,2025-08-21T00:00:00+00:00
140,23,BAT-SUP-SYR-10ML-49,1200.0,2025-08-07,2026-03-22,2025-08-22,2025-08-22T00:00:00+00:00,2025-08-22T00:00:00+00:00
141,37,BAT-SUP-DSC-15-27,270.0,2025-08-07,2026-08-27,2025-08-22,2025-08-22T00:00:00+00:00,2025-08-22T00:00:00+00:00
142,7,BAT-MED-AML-5-56,480.0,2025-08-08,2026-11-15,2025-08-23,2025-08-23T00:00:00+00:00,2025-08-23T00:00:00+00:00
143,18,BAT-MED-TRA-50-59,210.0,2025-08-08,2026-11-18,2025-08-23,2025-08-23T00:00:00+00:00,2025-08-23T00:00:00+00:00
144,34,BAT-SUP-URN-BAG-39,375.0,2025-08-08,2026-11-28,2025-08-23,2025-08-23T00:00:00+00:00,2025-08-23T00:00:00+00:00
145,38,BAT-SUP-WTR-10ML-40,1500.0,2025-08-08,2027-02-13,2025-08-23,2025-08-23T00:00:00+00:00,2025-08-23T00:00:00+00:00
146,53,BAT-PPE-SHC-DSP-48,90.0,2025-08-08,2026-04-18,2025-08-23,2025-08-23T00:00:00+00:00,2025-08-23T00:00:00+00:00
147,60,BAT-PPE-APR-WPR-53,60.0,2025-08-08,2026-09-20,2025-08-23,2025-08-23T00:00:00+00:00,2025-08-23T00:00:00+00:00
148,78,BAT-SRG-SUC-YNK-44,180.0,2025-08-08,2026-10-12,2025-08-23,2025-08-23T00:00:00+00:00,2025-08-23T00:00:00+00:00
149,32,BAT-SUP-GZE-SWB-42,270.0,2025-08-09,2026-07-23,2025-08-24,2025-08-24T00:00:00+00:00,2025-08-24T00:00:00+00:00
150,30,BAT-SUP-BND-4IN-68,600.0,2025-08-10,2026-05-08,2025-08-25,2025-08-25T00:00:00+00:00,2025-08-25T00:00:00+00:00
151,45,BAT-PPE-GLV-NIT-L-45,420.0,2025-08-10,2026-04-07,2025-08-25,2025-08-25T00:00:00+00:00,2025-08-25T00:00:00+00:00
152,64,BAT-SRG-SLK-30-46,75.0,2025-08-10,2026-08-28,2025-08-25,2025-08-25T00:00:00+00:00,2025-08-25T00:00:00+00:00
153,65,BAT-SRG-SLK-20-52,60.0,2025-08-10,2026-05-19,2025-08-25,2025-08-25T00:00:00+00:00,2025-08-25T00:00:00+00:00
154,14,BAT-MED-CLO-75-54,375.0,2025-08-12,2026-12-17,2025-08-27,2025-08-27T00:00:00+00:00,2025-08-27T00:00:00+00:00
155,19,BAT-MED-MTP-25-70,420.0,2025-08-12,2026-12-09,2025-08-27,2025-08-27T00:00:00+00:00,2025-08-27T00:00:00+00:00
156,43,BAT-PPE-GLV-LAT-S-57,225.0,2025-08-12,2027-01-10,2025-08-27,2025-08-27T00:00:00+00:00,2025-08-27T00:00:00+00:00
157,74,BAT-SRG-BNE-WAX-47,30.0,2025-08-12,2027-01-29,2025-08-27,2025-08-27T00:00:00+00:00,2025-08-27T00:00:00+00:00
158,89,BAT-LAB-HCG-STR-50,450.0,2025-08-12,2026-11-23,2025-08-27,2025-08-27T00:00:00+00:00,2025-08-27T00:00:00+00:00
159,17,BAT-MED-LEV-50-66,750.0,2025-08-13,2026-11-26,2025-08-28,2025-08-28T00:00:00+00:00,2025-08-28T00:00:00+00:00
160,27,BAT-SUP-ALC-PAD-63,180.0,2025-08-13,2026-04-06,2025-08-28,2025-08-28T00:00:00+00:00,2025-08-28T00:00:00+00:00
161,41,BAT-PPE-GLV-LAT-M-75,375.0,2025-08-13,2027-01-22,2025-08-28,2025-08-28T00:00:00+00:00,2025-08-28T00:00:00+00:00
162,62,BAT-SRG-VIC-20-58,75.0,2025-08-13,2027-01-23,2025-08-28,2025-08-28T00:00:00+00:00,2025-08-28T00:00:00+00:00
163,33,BAT-SUP-IVF-SET-78,1050.0,2025-08-14,2026-11-21,2025-08-29,2025-08-29T00:00:00+00:00,2025-08-29T00:00:00+00:00
164,47,BAT-PPE-MSK-N95-79,1350.0,2025-08-14,2027-01-10,2025-08-29,2025-08-29T00:00:00+00:00,2025-08-29T00:00:00+00:00
165,57,BAT-PPE-WIP-DIS-51,150.0,2025-08-14,2026-10-05,2025-08-29,2025-08-29T00:00:00+00:00,2025-08-29T00:00:00+00:00
166,61,BAT-SRG-VIC-30-60,90.0,2025-08-14,2026-03-30,2025-08-29,2025-08-29T00:00:00+00:00,2025-08-29T00:00:00+00:00
167,68,BAT-SRG-STP-REM-55,150.0,2025-08-14,2026-04-26,2025-08-29,2025-08-29T00:00:00+00:00,2025-08-29T00:00:00+00:00
168,86,BAT-LAB-HCV-KIT-76,60.0,2025-08-14,2026-05-09,2025-08-29,2025-08-29T00:00:00+00:00,2025-08-29T00:00:00+00:00
169,91,BAT-LAB-TRP-KIT-62,90.0,2025-08-14,2026-05-02,2025-08-29,2025-08-29T00:00:00+00:00,2025-08-29T00:00:00+00:00
170,25,BAT-SUP-IVC-22G-83,900.0,2025-08-15,2026-09-18,2025-08-30,2025-08-30T00:00:00+00:00,2025-08-30T00:00:00+00:00
171,69,BAT-SRG-NDL-EPI-73,180.0,2025-08-15,2026-06-05,2025-08-30,2025-08-30T00:00:00+00:00,2025-08-30T00:00:00+00:00
172,73,BAT-SRG-BLD-22-67,30.0,2025-08-15,2026-09-17,2025-08-30,2025-08-30T00:00:00+00:00,2025-08-30T00:00:00+00:00
173,96,BAT-LAB-PIP-200-81,45.0,2025-08-15,2026-03-17,2025-08-30,2025-08-30T00:00:00+00:00,2025-08-30T00:00:00+00:00
174,28,BAT-SUP-CTN-ROL-84,225.0,2025-08-16,2026-03-16,2025-08-31,2025-08-31T00:00:00+00:00,2025-08-31T00:00:00+00:00
175,44,BAT-PPE-GLV-NIT-M-69,450.0,2025-08-16,2026-08-31,2025-08-31,2025-08-31T00:00:00+00:00,2025-08-31T00:00:00+00:00
176,56,BAT-PPE-SAN-100-72,300.0,2025-08-16,2027-01-16,2025-08-31,2025-08-31T00:00:00+00:00,2025-08-31T00:00:00+00:00
177,59,BAT-PPE-BIO-MED-65,750.0,2025-08-16,2027-02-08,2025-08-31,2025-08-31T00:00:00+00:00,2025-08-31T00:00:00+00:00
178,84,BAT-LAB-GLU-STP-92,180.0,2025-08-16,2026-03-13,2025-08-31,2025-08-31T00:00:00+00:00,2025-08-31T00:00:00+00:00
179,87,BAT-LAB-SYP-KIT-82,60.0,2025-08-16,2027-02-19,2025-08-31,2025-08-31T00:00:00+00:00,2025-08-31T00:00:00+00:00
180,92,BAT-LAB-CRP-KIT-94,30.0,2025-08-16,2027-02-02,2025-08-31,2025-08-31T00:00:00+00:00,2025-08-31T00:00:00+00:00
181,94,BAT-LAB-BLD-CUL-71,330.0,2025-08-16,2027-01-23,2025-08-31,2025-08-31T00:00:00+00:00,2025-08-31T00:00:00+00:00
182,99,BAT-LAB-HCG-CAS-61,375.0,2025-08-16,2026-05-13,2025-08-31,2025-08-31T00:00:00+00:00,2025-08-31T00:00:00+00:00
183,4,BAT-MED-MET-500-87,600.0,2025-08-17,2026-03-27,2025-09-01,2025-09-01T00:00:00+00:00,2025-09-01T00:00:00+00:00
184,16,BAT-MED-ALB-INH-64,120.0,2025-08-17,2026-08-02,2025-09-01,2025-09-01T00:00:00+00:00,2025-09-01T00:00:00+00:00
185,29,BAT-SUP-ADH-PLST-100,120.0,2025-08-17,2026-10-20,2025-09-01,2025-09-01T00:00:00+00:00,2025-09-01T00:00:00+00:00
186,35,BAT-SUP-FOL-CAT-74,225.0,2025-08-17,2027-01-29,2025-09-01,2025-09-01T00:00:00+00:00,2025-09-01T00:00:00+00:00
187,63,BAT-SRG-VIC-40-80,60.0,2025-08-17,2026-05-22,2025-09-01,2025-09-01T00:00:00+00:00,2025-09-01T00:00:00+00:00
188,42,BAT-PPE-GLV-LAT-L-102,300.0,2025-08-18,2026-12-02,2025-09-02,2025-09-02T00:00:00+00:00,2025-09-02T00:00:00+00:00
189,46,BAT-PPE-GLV-NIT-S-86,270.0,2025-08-18,2026-04-30,2025-09-02,2025-09-02T00:00:00+00:00,2025-09-02T00:00:00+00:00
190,51,BAT-PPE-GOG-PRT-101,75.0,2025-08-18,2026-07-27,2025-09-02,2025-09-02T00:00:00+00:00,2025-09-02T00:00:00+00:00
191,82,BAT-LAB-SRM-SST-77,2700.0,2025-08-18,2026-08-01,2025-09-02,2025-09-02T00:00:00+00:00,2025-09-02T00:00:00+00:00
192,1,BAT-MED-PCM-500-112,675.0,2025-08-19,2026-09-27,2025-09-03,2025-09-03T00:00:00+00:00,2025-09-03T00:00:00+00:00
193,2,BAT-MED-IBU-400-88,450.0,2025-08-19,2027-01-09,2025-09-03,2025-09-03T00:00:00+00:00,2025-09-03T00:00:00+00:00
194,24,BAT-SUP-IVC-20G-113,750.0,2025-08-19,2026-07-30,2025-09-03,2025-09-03T00:00:00+00:00,2025-09-03T00:00:00+00:00
195,50,BAT-PPE-GWN-DSP-104,525.0,2025-08-19,2026-08-15,2025-09-03,2025-09-03T00:00:00+00:00,2025-09-03T00:00:00+00:00
196,12,BAT-MED-CET-10-91,270.0,2025-08-20,2026-07-03,2025-09-04,2025-09-04T00:00:00+00:00,2025-09-04T00:00:00+00:00
197,22,BAT-SUP-SYR-2ML-109,2250.0,2025-08-20,2026-07-25,2025-09-04,2025-09-04T00:00:00+00:00,2025-09-04T00:00:00+00:00
198,26,BAT-SUP-IVC-18G-114,450.0,2025-08-20,2026-05-25,2025-09-04,2025-09-04T00:00:00+00:00,2025-09-04T00:00:00+00:00
199,40,BAT-SUP-RIN-500-117,600.0,2025-08-20,2026-12-05,2025-09-04,2025-09-04T00:00:00+00:00,2025-09-04T00:00:00+00:00
200,70,BAT-SRG-SUC-TUB-93,225.0,2025-08-20,2026-04-26,2025-09-04,2025-09-04T00:00:00+00:00,2025-09-04T00:00:00+00:00
201,76,BAT-SRG-TAP-2IN-85,210.0,2025-08-20,2026-04-05,2025-09-04,2025-09-04T00:00:00+00:00,2025-09-04T00:00:00+00:00
202,3,BAT-MED-AMX-500-90,375.0,2025-08-21,2026-10-22,2025-09-05,2025-09-05T00:00:00+00:00,2025-09-05T00:00:00+00:00
203,13,BAT-MED-PRE-10-119,180.0,2025-08-22,2026-04-19,2025-09-06,2025-09-06T00:00:00+00:00,2025-09-06T00:00:00+00:00
204,48,BAT-PPE-MSK-3PLY-89,225.0,2025-08-22,2026-06-10,2025-09-06,2025-09-06T00:00:00+00:00,2025-09-06T00:00:00+00:00
205,49,BAT-PPE-GWN-STR-95,330.0,2025-08-22,2026-09-09,2025-09-06,2025-09-06T00:00:00+00:00,2025-09-06T00:00:00+00:00
206,72,BAT-SRG-BLD-10-99,45.0,2025-08-22,2026-12-05,2025-09-06,2025-09-06T00:00:00+00:00,2025-09-06T00:00:00+00:00
207,95,BAT-LAB-MAL-KIT-110,225.0,2025-08-22,2026-03-07,2025-09-06,2025-09-06T00:00:00+00:00,2025-09-06T00:00:00+00:00
208,11,BAT-MED-PAN-40-97,330.0,2025-08-23,2026-03-31,2025-09-07,2025-09-07T00:00:00+00:00,2025-09-07T00:00:00+00:00
209,15,BAT-MED-MON-10-107,300.0,2025-08-23,2026-07-12,2025-09-07,2025-09-07T00:00:00+00:00,2025-09-07T00:00:00+00:00
210,21,BAT-SUP-SYR-5ML-103,1800.0,2025-08-23,2026-05-15,2025-09-07,2025-09-07T00:00:00+00:00,2025-09-07T00:00:00+00:00
211,75,BAT-SRG-FOL-18-106,150.0,2025-08-23,2026-09-01,2025-09-07,2025-09-07T00:00:00+00:00,2025-09-07T00:00:00+00:00
212,77,BAT-SRG-SKN-PEN-125,225.0,2025-08-23,2026-07-29,2025-09-07,2025-09-07T00:00:00+00:00,2025-09-07T00:00:00+00:00
213,85,BAT-LAB-HIV-KIT-121,75.0,2025-08-23,2026-11-18,2025-09-07,2025-09-07T00:00:00+00:00,2025-09-07T00:00:00+00:00
214,97,BAT-LAB-PIP-1KW-124,30.0,2025-08-23,2027-02-09,2025-09-07,2025-09-07T00:00:00+00:00,2025-09-07T00:00:00+00:00
215,5,BAT-MED-ATO-20-126,525.0,2025-08-24,2026-05-11,2025-09-08,2025-09-08T00:00:00+00:00,2025-09-08T00:00:00+00:00
216,9,BAT-MED-GAB-300-98,300.0,2025-08-24,2026-11-26,2025-09-08,2025-09-08T00:00:00+00:00,2025-09-08T00:00:00+00:00
217,20,BAT-MED-WAR-5-96,150.0,2025-08-24,2026-08-06,2025-09-08,2025-09-08T00:00:00+00:00,2025-09-08T00:00:00+00:00
218,31,BAT-SUP-BND-3IN-127,675.0,2025-08-24,2026-04-27,2025-09-08,2025-09-08T00:00:00+00:00,2025-09-08T00:00:00+00:00
219,37,BAT-SUP-DSC-15-105,270.0,2025-08-24,2026-05-06,2025-09-08,2025-09-08T00:00:00+00:00,2025-09-08T00:00:00+00:00
220,58,BAT-PPE-BIO-LRG-129,600.0,2025-08-24,2026-11-17,2025-09-08,2025-09-08T00:00:00+00:00,2025-09-08T00:00:00+00:00
221,67,BAT-SRG-STP-DSP-108,120.0,2025-08-24,2026-07-03,2025-09-08,2025-09-08T00:00:00+00:00,2025-09-08T00:00:00+00:00
222,80,BAT-SRG-DRP-UNV-118,150.0,2025-08-24,2026-04-02,2025-09-08,2025-09-08T00:00:00+00:00,2025-09-08T00:00:00+00:00
223,81,BAT-LAB-EDT-K2-111,3000.0,2025-08-24,2027-01-08,2025-09-08,2025-09-08T00:00:00+00:00,2025-09-08T00:00:00+00:00
224,98,BAT-LAB-MIC-SLD-128,75.0,2025-08-24,2026-12-08,2025-09-08,2025-09-08T00:00:00+00:00,2025-09-08T00:00:00+00:00
225,39,BAT-SUP-SAL-500-116,900.0,2025-08-25,2026-03-20,2025-09-09,2025-09-09T00:00:00+00:00,2025-09-09T00:00:00+00:00
226,83,BAT-LAB-SCT-TUBE-123,1500.0,2025-08-25,2026-08-22,2025-09-09,2025-09-09T00:00:00+00:00,2025-09-09T00:00:00+00:00
227,10,BAT-MED-LOS-50-120,450.0,2025-08-26,2027-01-25,2025-09-10,2025-09-10T00:00:00+00:00,2025-09-10T00:00:00+00:00
228,52,BAT-PPE-FSH-CLR-115,120.0,2025-08-26,2026-09-25,2025-09-10,2025-09-10T00:00:00+00:00,2025-09-10T00:00:00+00:00
229,71,BAT-SRG-LAP-SPN-133,375.0,2025-08-26,2027-01-09,2025-09-10,2025-09-10T00:00:00+00:00,2025-09-10T00:00:00+00:00
230,7,BAT-MED-AML-5-143,480.0,2025-08-27,2026-03-11,2025-09-11,2025-09-11T00:00:00+00:00,2025-09-11T00:00:00+00:00
231,79,BAT-SRG-DRP-CS-122,90.0,2025-08-27,2026-07-06,2025-09-11,2025-09-11T00:00:00+00:00,2025-09-11T00:00:00+00:00
232,88,BAT-LAB-URN-DIP-130,120.0,2025-08-27,2026-06-28,2025-09-11,2025-09-11T00:00:00+00:00,2025-09-11T00:00:00+00:00
233,34,BAT-SUP-URN-BAG-131,375.0,2025-08-28,2026-04-26,2025-09-12,2025-09-12T00:00:00+00:00,2025-09-12T00:00:00+00:00
234,36,BAT-SUP-DSC-11-132,300.0,2025-08-28,2026-07-14,2025-09-12,2025-09-12T00:00:00+00:00,2025-09-12T00:00:00+00:00
235,18,BAT-MED-TRA-50-149,210.0,2025-08-29,2026-10-03,2025-09-13,2025-09-13T00:00:00+00:00,2025-09-13T00:00:00+00:00
236,78,BAT-SRG-SUC-YNK-138,180.0,2025-08-29,2026-12-18,2025-09-13,2025-09-13T00:00:00+00:00,2025-09-13T00:00:00+00:00
237,90,BAT-LAB-DDM-KIT-146,45.0,2025-08-29,2026-10-07,2025-09-13,2025-09-13T00:00:00+00:00,2025-09-13T00:00:00+00:00
238,6,BAT-MED-OME-20-137,420.0,2025-08-30,2027-01-30,2025-09-14,2025-09-14T00:00:00+00:00,2025-09-14T00:00:00+00:00
239,23,BAT-SUP-SYR-10ML-155,1200.0,2025-08-30,2026-06-11,2025-09-14,2025-09-14T00:00:00+00:00,2025-09-14T00:00:00+00:00
240,45,BAT-PPE-GLV-NIT-L-139,420.0,2025-08-30,2026-08-28,2025-09-14,2025-09-14T00:00:00+00:00,2025-09-14T00:00:00+00:00
241,54,BAT-PPE-CAP-BLU-136,75.0,2025-08-30,2026-11-27,2025-09-14,2025-09-14T00:00:00+00:00,2025-09-14T00:00:00+00:00
242,93,BAT-LAB-RF-KIT-135,30.0,2025-08-30,2026-11-15,2025-09-14,2025-09-14T00:00:00+00:00,2025-09-14T00:00:00+00:00
243,32,BAT-SUP-GZE-SWB-134,270.0,2025-08-31,2026-04-29,2025-09-15,2025-09-15T00:00:00+00:00,2025-09-15T00:00:00+00:00
244,38,BAT-SUP-WTR-10ML-140,1500.0,2025-08-31,2026-11-28,2025-09-15,2025-09-15T00:00:00+00:00,2025-09-15T00:00:00+00:00
245,65,BAT-SRG-SLK-20-145,60.0,2025-08-31,2026-09-14,2025-09-15,2025-09-15T00:00:00+00:00,2025-09-15T00:00:00+00:00
246,33,BAT-SUP-IVF-SET-159,1050.0,2025-09-01,2026-06-28,2025-09-16,2025-09-16T00:00:00+00:00,2025-09-16T00:00:00+00:00
247,41,BAT-PPE-GLV-LAT-M-157,375.0,2025-09-01,2026-10-28,2025-09-16,2025-09-16T00:00:00+00:00,2025-09-16T00:00:00+00:00
248,53,BAT-PPE-SHC-DSP-160,90.0,2025-09-01,2026-05-26,2025-09-16,2025-09-16T00:00:00+00:00,2025-09-16T00:00:00+00:00
249,8,BAT-MED-AZI-250-147,225.0,2025-09-02,2027-01-01,2025-09-17,2025-09-17T00:00:00+00:00,2025-09-17T00:00:00+00:00
250,14,BAT-MED-CLO-75-144,375.0,2025-09-02,2026-12-01,2025-09-17,2025-09-17T00:00:00+00:00,2025-09-17T00:00:00+00:00
251,27,BAT-SUP-ALC-PAD-150,180.0,2025-09-02,2026-10-10,2025-09-17,2025-09-17T00:00:00+00:00,2025-09-17T00:00:00+00:00
252,30,BAT-SUP-BND-4IN-166,600.0,2025-09-02,2026-05-28,2025-09-17,2025-09-17T00:00:00+00:00,2025-09-17T00:00:00+00:00
253,43,BAT-PPE-GLV-LAT-S-152,225.0,2025-09-02,2026-12-17,2025-09-17,2025-09-17T00:00:00+00:00,2025-09-17T00:00:00+00:00
254,51,BAT-PPE-GOG-PRT-163,75.0,2025-09-02,2027-02-27,2025-09-17,2025-09-17T00:00:00+00:00,2025-09-17T00:00:00+00:00
255,60,BAT-PPE-APR-WPR-164,60.0,2025-09-02,2027-01-10,2025-09-17,2025-09-17T00:00:00+00:00,2025-09-17T00:00:00+00:00
256,64,BAT-SRG-SLK-30-151,75.0,2025-09-02,2026-08-24,2025-09-17,2025-09-17T00:00:00+00:00,2025-09-17T00:00:00+00:00
257,86,BAT-LAB-HCV-KIT-162,60.0,2025-09-02,2026-03-19,2025-09-17,2025-09-17T00:00:00+00:00,2025-09-17T00:00:00+00:00
258,89,BAT-LAB-HCG-STR-148,450.0,2025-09-02,2027-01-22,2025-09-17,2025-09-17T00:00:00+00:00,2025-09-17T00:00:00+00:00
259,57,BAT-PPE-WIP-DIS-141,150.0,2025-09-03,2026-06-03,2025-09-18,2025-09-18T00:00:00+00:00,2025-09-18T00:00:00+00:00
260,66,BAT-SRG-MON-40-154,45.0,2025-09-03,2026-08-13,2025-09-18,2025-09-18T00:00:00+00:00,2025-09-18T00:00:00+00:00
261,99,BAT-LAB-HCG-CAS-142,375.0,2025-09-03,2026-11-30,2025-09-18,2025-09-18T00:00:00+00:00,2025-09-18T00:00:00+00:00
262,47,BAT-PPE-MSK-N95-171,1350.0,2025-09-04,2026-09-11,2025-09-19,2025-09-19T00:00:00+00:00,2025-09-19T00:00:00+00:00
263,61,BAT-SRG-VIC-30-153,90.0,2025-09-04,2026-07-29,2025-09-19,2025-09-19T00:00:00+00:00,2025-09-19T00:00:00+00:00
264,62,BAT-SRG-VIC-20-156,75.0,2025-09-04,2026-12-25,2025-09-19,2025-09-19T00:00:00+00:00,2025-09-19T00:00:00+00:00
265,69,BAT-SRG-NDL-EPI-158,180.0,2025-09-04,2026-06-24,2025-09-19,2025-09-19T00:00:00+00:00,2025-09-19T00:00:00+00:00
266,25,BAT-SUP-IVC-22G-174,900.0,2025-09-05,2026-08-18,2025-09-20,2025-09-20T00:00:00+00:00,2025-09-20T00:00:00+00:00
267,29,BAT-SUP-ADH-PLST-176,120.0,2025-09-05,2026-07-30,2025-09-20,2025-09-20T00:00:00+00:00,2025-09-20T00:00:00+00:00
268,82,BAT-LAB-SRM-SST-161,2700.0,2025-09-05,2026-07-01,2025-09-20,2025-09-20T00:00:00+00:00,2025-09-20T00:00:00+00:00
269,100,BAT-LAB-BGP-ANA-172,30.0,2025-09-05,2026-05-31,2025-09-20,2025-09-20T00:00:00+00:00,2025-09-20T00:00:00+00:00
270,17,BAT-MED-LEV-50-169,750.0,2025-09-06,2026-04-10,2025-09-21,2025-09-21T00:00:00+00:00,2025-09-21T00:00:00+00:00
271,46,BAT-PPE-GLV-NIT-S-167,270.0,2025-09-06,2026-09-11,2025-09-21,2025-09-21T00:00:00+00:00,2025-09-21T00:00:00+00:00
272,19,BAT-MED-MTP-25-179,420.0,2025-09-07,2027-02-09,2025-09-22,2025-09-22T00:00:00+00:00,2025-09-22T00:00:00+00:00
273,68,BAT-SRG-STP-REM-165,150.0,2025-09-07,2026-06-09,2025-09-22,2025-09-22T00:00:00+00:00,2025-09-22T00:00:00+00:00
274,26,BAT-SUP-IVC-18G-192,450.0,2025-09-08,2026-08-08,2025-09-23,2025-09-23T00:00:00+00:00,2025-09-23T00:00:00+00:00
275,28,BAT-SUP-CTN-ROL-190,225.0,2025-09-08,2026-12-09,2025-09-23,2025-09-23T00:00:00+00:00,2025-09-23T00:00:00+00:00
276,40,BAT-SUP-RIN-500-196,600.0,2025-09-08,2026-04-01,2025-09-23,2025-09-23T00:00:00+00:00,2025-09-23T00:00:00+00:00
277,42,BAT-PPE-GLV-LAT-L-193,300.0,2025-09-08,2026-12-03,2025-09-23,2025-09-23T00:00:00+00:00,2025-09-23T00:00:00+00:00
278,55,BAT-PPE-SAN-500-170,210.0,2025-09-08,2026-12-05,2025-09-23,2025-09-23T00:00:00+00:00,2025-09-23T00:00:00+00:00
279,56,BAT-PPE-SAN-100-168,300.0,2025-09-08,2026-04-20,2025-09-23,2025-09-23T00:00:00+00:00,2025-09-23T00:00:00+00:00
280,84,BAT-LAB-GLU-STP-191,180.0,2025-09-08,2026-10-09,2025-09-23,2025-09-23T00:00:00+00:00,2025-09-23T00:00:00+00:00
281,1,BAT-MED-PCM-500-200,675.0,2025-09-09,2026-07-15,2025-09-24,2025-09-24T00:00:00+00:00,2025-09-24T00:00:00+00:00
282,96,BAT-LAB-PIP-200-194,45.0,2025-09-09,2027-03-10,2025-09-24,2025-09-24T00:00:00+00:00,2025-09-24T00:00:00+00:00
283,2,BAT-MED-IBU-400-187,450.0,2025-09-10,2026-04-12,2025-09-25,2025-09-25T00:00:00+00:00,2025-09-25T00:00:00+00:00
284,63,BAT-SRG-VIC-40-184,60.0,2025-09-10,2026-05-17,2025-09-25,2025-09-25T00:00:00+00:00,2025-09-25T00:00:00+00:00
285,91,BAT-LAB-TRP-KIT-175,90.0,2025-09-10,2026-04-21,2025-09-25,2025-09-25T00:00:00+00:00,2025-09-25T00:00:00+00:00
286,94,BAT-LAB-BLD-CUL-177,330.0,2025-09-10,2026-08-24,2025-09-25,2025-09-25T00:00:00+00:00,2025-09-25T00:00:00+00:00
287,4,BAT-MED-MET-500-205,600.0,2025-09-11,2026-04-16,2025-09-26,2025-09-26T00:00:00+00:00,2025-09-26T00:00:00+00:00
288,15,BAT-MED-MON-10-186,300.0,2025-09-11,2026-07-07,2025-09-26,2025-09-26T00:00:00+00:00,2025-09-26T00:00:00+00:00
289,49,BAT-PPE-GWN-STR-181,330.0,2025-09-11,2026-11-19,2025-09-26,2025-09-26T00:00:00+00:00,2025-09-26T00:00:00+00:00
290,50,BAT-PPE-GWN-DSP-208,525.0,2025-09-11,2026-10-22,2025-09-26,2025-09-26T00:00:00+00:00,2025-09-26T00:00:00+00:00
291,74,BAT-SRG-BNE-WAX-183,30.0,2025-09-11,2026-12-23,2025-09-26,2025-09-26T00:00:00+00:00,2025-09-26T00:00:00+00:00
292,76,BAT-SRG-TAP-2IN-182,210.0,2025-09-11,2026-05-01,2025-09-26,2025-09-26T00:00:00+00:00,2025-09-26T00:00:00+00:00
293,12,BAT-MED-CET-10-195,270.0,2025-09-12,2027-02-03,2025-09-27,2025-09-27T00:00:00+00:00,2025-09-27T00:00:00+00:00
294,13,BAT-MED-PRE-10-217,180.0,2025-09-12,2027-01-05,2025-09-27,2025-09-27T00:00:00+00:00,2025-09-27T00:00:00+00:00
295,16,BAT-MED-ALB-INH-173,120.0,2025-09-12,2026-11-16,2025-09-27,2025-09-27T00:00:00+00:00,2025-09-27T00:00:00+00:00
296,22,BAT-SUP-SYR-2ML-209,2250.0,2025-09-12,2027-02-05,2025-09-27,2025-09-27T00:00:00+00:00,2025-09-27T00:00:00+00:00
297,24,BAT-SUP-IVC-20G-221,750.0,2025-09-12,2026-09-23,2025-09-27,2025-09-27T00:00:00+00:00,2025-09-27T00:00:00+00:00
298,44,BAT-PPE-GLV-NIT-M-188,450.0,2025-09-12,2026-04-03,2025-09-27,2025-09-27T00:00:00+00:00,2025-09-27T00:00:00+00:00
299,48,BAT-PPE-MSK-3PLY-180,225.0,2025-09-12,2027-02-08,2025-09-27,2025-09-27T00:00:00+00:00,2025-09-27T00:00:00+00:00
300,80,BAT-SRG-DRP-UNV-202,150.0,2025-09-12,2027-02-14,2025-09-27,2025-09-27T00:00:00+00:00,2025-09-27T00:00:00+00:00
301,87,BAT-LAB-SYP-KIT-211,60.0,2025-09-12,2026-12-20,2025-09-27,2025-09-27T00:00:00+00:00,2025-09-27T00:00:00+00:00
302,95,BAT-LAB-MAL-KIT-199,225.0,2025-09-12,2026-06-28,2025-09-27,2025-09-27T00:00:00+00:00,2025-09-27T00:00:00+00:00
303,9,BAT-MED-GAB-300-178,300.0,2025-09-13,2026-10-01,2025-09-28,2025-09-28T00:00:00+00:00,2025-09-28T00:00:00+00:00
304,11,BAT-MED-PAN-40-185,330.0,2025-09-13,2027-01-10,2025-09-28,2025-09-28T00:00:00+00:00,2025-09-28T00:00:00+00:00
305,31,BAT-SUP-BND-3IN-219,675.0,2025-09-13,2027-01-18,2025-09-28,2025-09-28T00:00:00+00:00,2025-09-28T00:00:00+00:00
306,59,BAT-PPE-BIO-MED-189,750.0,2025-09-13,2026-04-29,2025-09-28,2025-09-28T00:00:00+00:00,2025-09-28T00:00:00+00:00
307,70,BAT-SRG-SUC-TUB-197,225.0,2025-09-13,2026-08-22,2025-09-28,2025-09-28T00:00:00+00:00,2025-09-28T00:00:00+00:00
308,10,BAT-MED-LOS-50-201,450.0,2025-09-14,2026-11-07,2025-09-29,2025-09-29T00:00:00+00:00,2025-09-29T00:00:00+00:00
309,21,BAT-SUP-SYR-5ML-198,1800.0,2025-09-14,2026-07-25,2025-09-29,2025-09-29T00:00:00+00:00,2025-09-29T00:00:00+00:00
310,35,BAT-SUP-FOL-CAT-203,225.0,2025-09-14,2026-11-01,2025-09-29,2025-09-29T00:00:00+00:00,2025-09-29T00:00:00+00:00
311,58,BAT-PPE-BIO-LRG-224,600.0,2025-09-14,2026-07-24,2025-09-29,2025-09-29T00:00:00+00:00,2025-09-29T00:00:00+00:00
312,77,BAT-SRG-SKN-PEN-226,225.0,2025-09-14,2026-12-29,2025-09-29,2025-09-29T00:00:00+00:00,2025-09-29T00:00:00+00:00
313,83,BAT-LAB-SCT-TUBE-216,1500.0,2025-09-14,2026-07-30,2025-09-29,2025-09-29T00:00:00+00:00,2025-09-29T00:00:00+00:00
314,34,BAT-SUP-URN-BAG-212,375.0,2025-09-15,2026-04-21,2025-09-30,2025-09-30T00:00:00+00:00,2025-09-30T00:00:00+00:00
315,39,BAT-SUP-SAL-500-207,900.0,2025-09-15,2026-04-06,2025-09-30,2025-09-30T00:00:00+00:00,2025-09-30T00:00:00+00:00
316,71,BAT-SRG-LAP-SPN-225,375.0,2025-09-15,2027-02-09,2025-09-30,2025-09-30T00:00:00+00:00,2025-09-30T00:00:00+00:00
317,72,BAT-SRG-BLD-10-206,45.0,2025-09-15,2026-08-12,2025-09-30,2025-09-30T00:00:00+00:00,2025-09-30T00:00:00+00:00
318,37,BAT-SUP-DSC-15-204,270.0,2025-09-16,2026-11-23,2025-10-01,2025-10-01T00:00:00+00:00,2025-10-01T00:00:00+00:00
319,67,BAT-SRG-STP-DSP-213,120.0,2025-09-16,2026-12-20,2025-10-01,2025-10-01T00:00:00+00:00,2025-10-01T00:00:00+00:00
320,79,BAT-SRG-DRP-CS-214,90.0,2025-09-16,2026-12-12,2025-10-01,2025-10-01T00:00:00+00:00,2025-10-01T00:00:00+00:00
321,81,BAT-LAB-EDT-K2-215,3000.0,2025-09-16,2026-12-14,2025-10-01,2025-10-01T00:00:00+00:00,2025-10-01T00:00:00+00:00
322,85,BAT-LAB-HIV-KIT-229,75.0,2025-09-16,2027-01-15,2025-10-01,2025-10-01T00:00:00+00:00,2025-10-01T00:00:00+00:00
323,23,BAT-SUP-SYR-10ML-234,1200.0,2025-09-17,2026-07-13,2025-10-02,2025-10-02T00:00:00+00:00,2025-10-02T00:00:00+00:00
324,32,BAT-SUP-GZE-SWB-222,270.0,2025-09-17,2026-05-31,2025-10-02,2025-10-02T00:00:00+00:00,2025-10-02T00:00:00+00:00
325,36,BAT-SUP-DSC-11-223,300.0,2025-09-17,2027-01-12,2025-10-02,2025-10-02T00:00:00+00:00,2025-10-02T00:00:00+00:00
326,41,BAT-PPE-GLV-LAT-M-233,375.0,2025-09-17,2026-04-02,2025-10-02,2025-10-02T00:00:00+00:00,2025-10-02T00:00:00+00:00
327,73,BAT-SRG-BLD-22-220,30.0,2025-09-17,2026-09-17,2025-10-02,2025-10-02T00:00:00+00:00,2025-10-02T00:00:00+00:00
328,92,BAT-LAB-CRP-KIT-235,30.0,2025-09-17,2026-07-10,2025-10-02,2025-10-02T00:00:00+00:00,2025-10-02T00:00:00+00:00
329,5,BAT-MED-ATO-20-238,525.0,2025-09-18,2026-12-26,2025-10-03,2025-10-03T00:00:00+00:00,2025-10-03T00:00:00+00:00
330,6,BAT-MED-OME-20-227,420.0,2025-09-18,2026-11-14,2025-10-03,2025-10-03T00:00:00+00:00,2025-10-03T00:00:00+00:00
331,20,BAT-MED-WAR-5-210,150.0,2025-09-18,2027-02-03,2025-10-03,2025-10-03T00:00:00+00:00,2025-10-03T00:00:00+00:00
332,52,BAT-PPE-FSH-CLR-218,120.0,2025-09-18,2027-01-20,2025-10-03,2025-10-03T00:00:00+00:00,2025-10-03T00:00:00+00:00
333,3,BAT-MED-AMX-500-228,375.0,2025-09-19,2026-08-09,2025-10-04,2025-10-04T00:00:00+00:00,2025-10-04T00:00:00+00:00
334,18,BAT-MED-TRA-50-248,210.0,2025-09-19,2026-10-04,2025-10-04,2025-10-04T00:00:00+00:00,2025-10-04T00:00:00+00:00
335,78,BAT-SRG-SUC-YNK-231,180.0,2025-09-19,2026-08-17,2025-10-04,2025-10-04T00:00:00+00:00,2025-10-04T00:00:00+00:00
336,90,BAT-LAB-DDM-KIT-239,45.0,2025-09-19,2026-04-26,2025-10-04,2025-10-04T00:00:00+00:00,2025-10-04T00:00:00+00:00
337,98,BAT-LAB-MIC-SLD-243,75.0,2025-09-19,2026-04-18,2025-10-04,2025-10-04T00:00:00+00:00,2025-10-04T00:00:00+00:00
338,33,BAT-SUP-IVF-SET-249,1050.0,2025-09-20,2026-11-24,2025-10-05,2025-10-05T00:00:00+00:00,2025-10-05T00:00:00+00:00
339,88,BAT-LAB-URN-DIP-230,120.0,2025-09-20,2026-04-10,2025-10-05,2025-10-05T00:00:00+00:00,2025-10-05T00:00:00+00:00
340,14,BAT-MED-CLO-75-232,375.0,2025-09-21,2027-02-05,2025-10-06,2025-10-06T00:00:00+00:00,2025-10-06T00:00:00+00:00
341,69,BAT-SRG-NDL-EPI-237,180.0,2025-09-21,2027-03-21,2025-10-06,2025-10-06T00:00:00+00:00,2025-10-06T00:00:00+00:00
342,43,BAT-PPE-GLV-LAT-S-241,225.0,2025-09-22,2027-01-04,2025-10-07,2025-10-07T00:00:00+00:00,2025-10-07T00:00:00+00:00
343,53,BAT-PPE-SHC-DSP-253,90.0,2025-09-22,2026-06-09,2025-10-07,2025-10-07T00:00:00+00:00,2025-10-07T00:00:00+00:00
344,27,BAT-SUP-ALC-PAD-245,180.0,2025-09-23,2026-08-06,2025-10-08,2025-10-08T00:00:00+00:00,2025-10-08T00:00:00+00:00
345,45,BAT-PPE-GLV-NIT-L-244,420.0,2025-09-23,2026-04-12,2025-10-08,2025-10-08T00:00:00+00:00,2025-10-08T00:00:00+00:00
346,46,BAT-PPE-GLV-NIT-S-252,270.0,2025-09-23,2026-11-24,2025-10-08,2025-10-08T00:00:00+00:00,2025-10-08T00:00:00+00:00
347,54,BAT-PPE-CAP-BLU-250,75.0,2025-09-23,2026-08-25,2025-10-08,2025-10-08T00:00:00+00:00,2025-10-08T00:00:00+00:00
348,60,BAT-PPE-APR-WPR-255,60.0,2025-09-23,2026-06-14,2025-10-08,2025-10-08T00:00:00+00:00,2025-10-08T00:00:00+00:00
349,61,BAT-SRG-VIC-30-240,90.0,2025-09-23,2026-08-06,2025-10-08,2025-10-08T00:00:00+00:00,2025-10-08T00:00:00+00:00
350,75,BAT-SRG-FOL-18-247,150.0,2025-09-23,2026-10-11,2025-10-08,2025-10-08T00:00:00+00:00,2025-10-08T00:00:00+00:00
351,89,BAT-LAB-HCG-STR-242,450.0,2025-09-23,2027-02-01,2025-10-08,2025-10-08T00:00:00+00:00,2025-10-08T00:00:00+00:00
352,93,BAT-LAB-RF-KIT-246,30.0,2025-09-23,2026-06-05,2025-10-08,2025-10-08T00:00:00+00:00,2025-10-08T00:00:00+00:00
353,97,BAT-LAB-PIP-1KW-260,30.0,2025-09-23,2026-08-20,2025-10-08,2025-10-08T00:00:00+00:00,2025-10-08T00:00:00+00:00
354,99,BAT-LAB-HCG-CAS-236,375.0,2025-09-24,2027-01-19,2025-10-09,2025-10-09T00:00:00+00:00,2025-10-09T00:00:00+00:00
355,7,BAT-MED-AML-5-265,480.0,2025-09-25,2026-12-31,2025-10-10,2025-10-10T00:00:00+00:00,2025-10-10T00:00:00+00:00
356,17,BAT-MED-LEV-50-258,750.0,2025-09-25,2027-01-31,2025-10-10,2025-10-10T00:00:00+00:00,2025-10-10T00:00:00+00:00
357,8,BAT-MED-AZI-250-254,225.0,2025-09-26,2026-09-05,2025-10-11,2025-10-11T00:00:00+00:00,2025-10-11T00:00:00+00:00
358,38,BAT-SUP-WTR-10ML-256,1500.0,2025-09-26,2027-03-30,2025-10-11,2025-10-11T00:00:00+00:00,2025-10-11T00:00:00+00:00
359,47,BAT-PPE-MSK-N95-269,1350.0,2025-09-26,2026-04-27,2025-10-11,2025-10-11T00:00:00+00:00,2025-10-11T00:00:00+00:00
360,64,BAT-SRG-SLK-30-259,75.0,2025-09-26,2027-02-25,2025-10-11,2025-10-11T00:00:00+00:00,2025-10-11T00:00:00+00:00
361,19,BAT-MED-MTP-25-268,420.0,2025-09-27,2027-01-06,2025-10-12,2025-10-12T00:00:00+00:00,2025-10-12T00:00:00+00:00
362,30,BAT-SUP-BND-4IN-274,600.0,2025-09-27,2026-08-08,2025-10-12,2025-10-12T00:00:00+00:00,2025-10-12T00:00:00+00:00
363,57,BAT-PPE-WIP-DIS-251,150.0,2025-09-27,2027-01-16,2025-10-12,2025-10-12T00:00:00+00:00,2025-10-12T00:00:00+00:00
364,86,BAT-LAB-HCV-KIT-267,60.0,2025-09-27,2026-04-10,2025-10-12,2025-10-12T00:00:00+00:00,2025-10-12T00:00:00+00:00
365,22,BAT-SUP-SYR-2ML-275,2250.0,2025-09-28,2026-11-09,2025-10-13,2025-10-13T00:00:00+00:00,2025-10-13T00:00:00+00:00
366,40,BAT-SUP-RIN-500-280,600.0,2025-09-28,2027-03-06,2025-10-13,2025-10-13T00:00:00+00:00,2025-10-13T00:00:00+00:00
367,42,BAT-PPE-GLV-LAT-L-278,300.0,2025-09-28,2026-04-28,2025-10-13,2025-10-13T00:00:00+00:00,2025-10-13T00:00:00+00:00
368,55,BAT-PPE-SAN-500-263,210.0,2025-09-28,2026-04-26,2025-10-13,2025-10-13T00:00:00+00:00,2025-10-13T00:00:00+00:00
369,65,BAT-SRG-SLK-20-266,60.0,2025-09-28,2026-06-07,2025-10-13,2025-10-13T00:00:00+00:00,2025-10-13T00:00:00+00:00
370,68,BAT-SRG-STP-REM-257,150.0,2025-09-28,2027-02-28,2025-10-13,2025-10-13T00:00:00+00:00,2025-10-13T00:00:00+00:00
371,49,BAT-PPE-GWN-STR-262,330.0,2025-09-29,2026-10-07,2025-10-14,2025-10-14T00:00:00+00:00,2025-10-14T00:00:00+00:00
372,77,BAT-SRG-SKN-PEN-283,225.0,2025-09-29,2027-01-03,2025-10-14,2025-10-14T00:00:00+00:00,2025-10-14T00:00:00+00:00
373,82,BAT-LAB-SRM-SST-261,2700.0,2025-09-29,2026-06-15,2025-10-14,2025-10-14T00:00:00+00:00,2025-10-14T00:00:00+00:00
374,1,BAT-MED-PCM-500-291,675.0,2025-09-30,2027-01-24,2025-10-15,2025-10-15T00:00:00+00:00,2025-10-15T00:00:00+00:00
375,76,BAT-SRG-TAP-2IN-264,210.0,2025-09-30,2026-06-13,2025-10-15,2025-10-15T00:00:00+00:00,2025-10-15T00:00:00+00:00
376,28,BAT-SUP-CTN-ROL-288,225.0,2025-10-01,2026-05-27,2025-10-16,2025-10-16T00:00:00+00:00,2025-10-16T00:00:00+00:00
377,29,BAT-SUP-ADH-PLST-298,120.0,2025-10-01,2026-11-23,2025-10-16,2025-10-16T00:00:00+00:00,2025-10-16T00:00:00+00:00
378,51,BAT-PPE-GOG-PRT-287,75.0,2025-10-01,2026-09-14,2025-10-16,2025-10-16T00:00:00+00:00,2025-10-16T00:00:00+00:00
379,56,BAT-PPE-SAN-100-271,300.0,2025-10-01,2026-05-06,2025-10-16,2025-10-16T00:00:00+00:00,2025-10-16T00:00:00+00:00
380,62,BAT-SRG-VIC-20-270,75.0,2025-10-01,2026-05-09,2025-10-16,2025-10-16T00:00:00+00:00,2025-10-16T00:00:00+00:00
381,63,BAT-SRG-VIC-40-282,60.0,2025-10-01,2026-11-06,2025-10-16,2025-10-16T00:00:00+00:00,2025-10-16T00:00:00+00:00
382,66,BAT-SRG-MON-40-272,45.0,2025-10-01,2027-01-31,2025-10-16,2025-10-16T00:00:00+00:00,2025-10-16T00:00:00+00:00
383,2,BAT-MED-IBU-400-286,450.0,2025-10-02,2027-02-05,2025-10-17,2025-10-17T00:00:00+00:00,2025-10-17T00:00:00+00:00
384,26,BAT-SUP-IVC-18G-301,450.0,2025-10-02,2026-05-15,2025-10-17,2025-10-17T00:00:00+00:00,2025-10-17T00:00:00+00:00
385,11,BAT-MED-PAN-40-276,330.0,2025-10-03,2026-08-12,2025-10-18,2025-10-18T00:00:00+00:00,2025-10-18T00:00:00+00:00
386,21,BAT-SUP-SYR-5ML-277,1800.0,2025-10-03,2027-03-23,2025-10-18,2025-10-18T00:00:00+00:00,2025-10-18T00:00:00+00:00
387,37,BAT-SUP-DSC-15-273,270.0,2025-10-03,2027-02-24,2025-10-18,2025-10-18T00:00:00+00:00,2025-10-18T00:00:00+00:00
388,80,BAT-SRG-DRP-UNV-290,150.0,2025-10-03,2026-10-01,2025-10-18,2025-10-18T00:00:00+00:00,2025-10-18T00:00:00+00:00
389,84,BAT-LAB-GLU-STP-308,180.0,2025-10-03,2026-08-13,2025-10-18,2025-10-18T00:00:00+00:00,2025-10-18T00:00:00+00:00
390,94,BAT-LAB-BLD-CUL-279,330.0,2025-10-03,2026-09-21,2025-10-18,2025-10-18T00:00:00+00:00,2025-10-18T00:00:00+00:00
391,12,BAT-MED-CET-10-293,270.0,2025-10-04,2027-02-04,2025-10-19,2025-10-19T00:00:00+00:00,2025-10-19T00:00:00+00:00
392,13,BAT-MED-PRE-10-307,180.0,2025-10-04,2026-06-16,2025-10-19,2025-10-19T00:00:00+00:00,2025-10-19T00:00:00+00:00
393,15,BAT-MED-MON-10-289,300.0,2025-10-04,2026-11-01,2025-10-19,2025-10-19T00:00:00+00:00,2025-10-19T00:00:00+00:00
394,44,BAT-PPE-GLV-NIT-M-284,450.0,2025-10-04,2026-08-08,2025-10-19,2025-10-19T00:00:00+00:00,2025-10-19T00:00:00+00:00
395,50,BAT-PPE-GWN-DSP-304,525.0,2025-10-04,2026-10-12,2025-10-19,2025-10-19T00:00:00+00:00,2025-10-19T00:00:00+00:00
396,83,BAT-LAB-SCT-TUBE-295,1500.0,2025-10-04,2027-03-16,2025-10-19,2025-10-19T00:00:00+00:00,2025-10-19T00:00:00+00:00
397,95,BAT-LAB-MAL-KIT-297,225.0,2025-10-04,2026-05-11,2025-10-19,2025-10-19T00:00:00+00:00,2025-10-19T00:00:00+00:00
398,96,BAT-LAB-PIP-200-310,45.0,2025-10-04,2026-09-16,2025-10-19,2025-10-19T00:00:00+00:00,2025-10-19T00:00:00+00:00
399,9,BAT-MED-GAB-300-281,300.0,2025-10-05,2026-07-20,2025-10-20,2025-10-20T00:00:00+00:00,2025-10-20T00:00:00+00:00
400,10,BAT-MED-LOS-50-292,450.0,2025-10-05,2026-10-14,2025-10-20,2025-10-20T00:00:00+00:00,2025-10-20T00:00:00+00:00
401,48,BAT-PPE-MSK-3PLY-285,225.0,2025-10-05,2026-04-22,2025-10-20,2025-10-20T00:00:00+00:00,2025-10-20T00:00:00+00:00
402,70,BAT-SRG-SUC-TUB-299,225.0,2025-10-05,2026-06-11,2025-10-20,2025-10-20T00:00:00+00:00,2025-10-20T00:00:00+00:00
403,100,BAT-LAB-BGP-ANA-313,30.0,2025-10-05,2027-01-16,2025-10-20,2025-10-20T00:00:00+00:00,2025-10-20T00:00:00+00:00
404,23,BAT-SUP-SYR-10ML-322,1200.0,2025-10-06,2026-07-21,2025-10-21,2025-10-21T00:00:00+00:00,2025-10-21T00:00:00+00:00
405,24,BAT-SUP-IVC-20G-321,750.0,2025-10-06,2026-11-20,2025-10-21,2025-10-21T00:00:00+00:00,2025-10-21T00:00:00+00:00
406,32,BAT-SUP-GZE-SWB-303,270.0,2025-10-07,2026-05-30,2025-10-22,2025-10-22T00:00:00+00:00,2025-10-22T00:00:00+00:00
407,41,BAT-PPE-GLV-LAT-M-319,375.0,2025-10-07,2027-04-13,2025-10-22,2025-10-22T00:00:00+00:00,2025-10-22T00:00:00+00:00
408,59,BAT-PPE-BIO-MED-296,750.0,2025-10-07,2027-01-17,2025-10-22,2025-10-22T00:00:00+00:00,2025-10-22T00:00:00+00:00
409,81,BAT-LAB-EDT-K2-300,3000.0,2025-10-07,2026-12-01,2025-10-22,2025-10-22T00:00:00+00:00,2025-10-22T00:00:00+00:00
410,87,BAT-LAB-SYP-KIT-320,60.0,2025-10-07,2026-10-25,2025-10-22,2025-10-22T00:00:00+00:00,2025-10-22T00:00:00+00:00
411,88,BAT-LAB-URN-DIP-309,120.0,2025-10-07,2026-09-09,2025-10-22,2025-10-22T00:00:00+00:00,2025-10-22T00:00:00+00:00
412,91,BAT-LAB-TRP-KIT-302,90.0,2025-10-07,2027-04-02,2025-10-22,2025-10-22T00:00:00+00:00,2025-10-22T00:00:00+00:00
413,6,BAT-MED-OME-20-312,420.0,2025-10-08,2026-04-22,2025-10-23,2025-10-23T00:00:00+00:00,2025-10-23T00:00:00+00:00
414,16,BAT-MED-ALB-INH-294,120.0,2025-10-08,2026-05-16,2025-10-23,2025-10-23T00:00:00+00:00,2025-10-23T00:00:00+00:00
415,18,BAT-MED-TRA-50-329,210.0,2025-10-08,2026-09-13,2025-10-23,2025-10-23T00:00:00+00:00,2025-10-23T00:00:00+00:00
416,25,BAT-SUP-IVC-22G-328,900.0,2025-10-08,2026-04-26,2025-10-23,2025-10-23T00:00:00+00:00,2025-10-23T00:00:00+00:00
417,35,BAT-SUP-FOL-CAT-305,225.0,2025-10-08,2027-02-15,2025-10-23,2025-10-23T00:00:00+00:00,2025-10-23T00:00:00+00:00
418,58,BAT-PPE-BIO-LRG-323,600.0,2025-10-08,2026-08-24,2025-10-23,2025-10-23T00:00:00+00:00,2025-10-23T00:00:00+00:00
419,67,BAT-SRG-STP-DSP-306,120.0,2025-10-08,2026-04-27,2025-10-23,2025-10-23T00:00:00+00:00,2025-10-23T00:00:00+00:00
420,79,BAT-SRG-DRP-CS-311,90.0,2025-10-08,2026-09-27,2025-10-23,2025-10-23T00:00:00+00:00,2025-10-23T00:00:00+00:00
421,85,BAT-LAB-HIV-KIT-324,75.0,2025-10-08,2026-10-01,2025-10-23,2025-10-23T00:00:00+00:00,2025-10-23T00:00:00+00:00
422,4,BAT-MED-MET-500-330,600.0,2025-10-09,2026-05-23,2025-10-24,2025-10-24T00:00:00+00:00,2025-10-24T00:00:00+00:00
423,71,BAT-SRG-LAP-SPN-327,375.0,2025-10-09,2026-10-30,2025-10-24,2025-10-24T00:00:00+00:00,2025-10-24T00:00:00+00:00
424,31,BAT-SUP-BND-3IN-335,675.0,2025-10-10,2027-04-14,2025-10-25,2025-10-25T00:00:00+00:00,2025-10-25T00:00:00+00:00
425,33,BAT-SUP-IVF-SET-336,1050.0,2025-10-10,2026-12-30,2025-10-25,2025-10-25T00:00:00+00:00,2025-10-25T00:00:00+00:00
426,34,BAT-SUP-URN-BAG-317,375.0,2025-10-10,2026-05-25,2025-10-25,2025-10-25T00:00:00+00:00,2025-10-25T00:00:00+00:00
427,36,BAT-SUP-DSC-11-316,300.0,2025-10-10,2027-01-10,2025-10-25,2025-10-25T00:00:00+00:00,2025-10-25T00:00:00+00:00
428,74,BAT-SRG-BNE-WAX-315,30.0,2025-10-10,2027-01-04,2025-10-25,2025-10-25T00:00:00+00:00,2025-10-25T00:00:00+00:00
429,92,BAT-LAB-CRP-KIT-339,30.0,2025-10-10,2027-01-17,2025-10-25,2025-10-25T00:00:00+00:00,2025-10-25T00:00:00+00:00
430,5,BAT-MED-ATO-20-338,525.0,2025-10-11,2026-09-21,2025-10-26,2025-10-26T00:00:00+00:00,2025-10-26T00:00:00+00:00
431,52,BAT-PPE-FSH-CLR-314,120.0,2025-10-11,2026-07-08,2025-10-26,2025-10-26T00:00:00+00:00,2025-10-26T00:00:00+00:00
432,69,BAT-SRG-NDL-EPI-325,180.0,2025-10-11,2026-11-05,2025-10-26,2025-10-26T00:00:00+00:00,2025-10-26T00:00:00+00:00
433,45,BAT-PPE-GLV-NIT-L-332,420.0,2025-10-12,2026-09-25,2025-10-27,2025-10-27T00:00:00+00:00,2025-10-27T00:00:00+00:00
434,47,BAT-PPE-MSK-N95-347,1350.0,2025-10-12,2026-06-10,2025-10-27,2025-10-27T00:00:00+00:00,2025-10-27T00:00:00+00:00
435,53,BAT-PPE-SHC-DSP-344,90.0,2025-10-12,2026-11-03,2025-10-27,2025-10-27T00:00:00+00:00,2025-10-27T00:00:00+00:00
436,78,BAT-SRG-SUC-YNK-334,180.0,2025-10-12,2026-11-01,2025-10-27,2025-10-27T00:00:00+00:00,2025-10-27T00:00:00+00:00
437,3,BAT-MED-AMX-500-331,375.0,2025-10-13,2026-07-07,2025-10-28,2025-10-28T00:00:00+00:00,2025-10-28T00:00:00+00:00
438,17,BAT-MED-LEV-50-337,750.0,2025-10-13,2026-06-30,2025-10-28,2025-10-28T00:00:00+00:00,2025-10-28T00:00:00+00:00
439,20,BAT-MED-WAR-5-318,150.0,2025-10-13,2026-07-04,2025-10-28,2025-10-28T00:00:00+00:00,2025-10-28T00:00:00+00:00
440,39,BAT-SUP-SAL-500-326,900.0,2025-10-13,2026-07-04,2025-10-28,2025-10-28T00:00:00+00:00,2025-10-28T00:00:00+00:00
441,46,BAT-PPE-GLV-NIT-S-343,270.0,2025-10-14,2027-02-20,2025-10-29,2025-10-29T00:00:00+00:00,2025-10-29T00:00:00+00:00
442,98,BAT-LAB-MIC-SLD-354,75.0,2025-10-14,2026-05-14,2025-10-29,2025-10-29T00:00:00+00:00,2025-10-29T00:00:00+00:00
443,14,BAT-MED-CLO-75-340,375.0,2025-10-15,2026-12-10,2025-10-30,2025-10-30T00:00:00+00:00,2025-10-30T00:00:00+00:00
444,90,BAT-LAB-DDM-KIT-355,45.0,2025-10-15,2026-07-11,2025-10-30,2025-10-30T00:00:00+00:00,2025-10-30T00:00:00+00:00
445,49,BAT-PPE-GWN-STR-342,330.0,2025-10-16,2026-05-05,2025-10-31,2025-10-31T00:00:00+00:00,2025-10-31T00:00:00+00:00
446,72,BAT-SRG-BLD-10-346,45.0,2025-10-16,2026-06-28,2025-10-31,2025-10-31T00:00:00+00:00,2025-10-31T00:00:00+00:00
447,75,BAT-SRG-FOL-18-348,150.0,2025-10-16,2027-03-09,2025-10-31,2025-10-31T00:00:00+00:00,2025-10-31T00:00:00+00:00
448,76,BAT-SRG-TAP-2IN-341,210.0,2025-10-16,2026-09-27,2025-10-31,2025-10-31T00:00:00+00:00,2025-10-31T00:00:00+00:00
449,97,BAT-LAB-PIP-1KW-359,30.0,2025-10-16,2026-10-26,2025-10-31,2025-10-31T00:00:00+00:00,2025-10-31T00:00:00+00:00
450,99,BAT-LAB-HCG-CAS-333,375.0,2025-10-16,2026-08-07,2025-10-31,2025-10-31T00:00:00+00:00,2025-10-31T00:00:00+00:00
451,43,BAT-PPE-GLV-LAT-S-351,225.0,2025-10-17,2026-05-26,2025-11-01,2025-11-01T00:00:00+00:00,2025-11-01T00:00:00+00:00
452,60,BAT-PPE-APR-WPR-361,60.0,2025-10-17,2026-06-27,2025-11-01,2025-11-01T00:00:00+00:00,2025-11-01T00:00:00+00:00
453,68,BAT-SRG-STP-REM-345,150.0,2025-10-17,2026-08-04,2025-11-01,2025-11-01T00:00:00+00:00,2025-11-01T00:00:00+00:00
454,82,BAT-LAB-SRM-SST-349,2700.0,2025-10-17,2026-07-13,2025-11-01,2025-11-01T00:00:00+00:00,2025-11-01T00:00:00+00:00
455,8,BAT-MED-AZI-250-350,225.0,2025-10-18,2026-05-11,2025-11-02,2025-11-02T00:00:00+00:00,2025-11-02T00:00:00+00:00
456,27,BAT-SUP-ALC-PAD-356,180.0,2025-10-18,2026-11-02,2025-11-02,2025-11-02T00:00:00+00:00,2025-11-02T00:00:00+00:00
457,30,BAT-SUP-BND-4IN-370,600.0,2025-10-18,2027-04-20,2025-11-02,2025-11-02T00:00:00+00:00,2025-11-02T00:00:00+00:00
458,42,BAT-PPE-GLV-LAT-L-371,300.0,2025-10-18,2026-09-23,2025-11-02,2025-11-02T00:00:00+00:00,2025-11-02T00:00:00+00:00
459,89,BAT-LAB-HCG-STR-352,450.0,2025-10-18,2026-12-31,2025-11-02,2025-11-02T00:00:00+00:00,2025-11-02T00:00:00+00:00
460,19,BAT-MED-MTP-25-369,420.0,2025-10-19,2027-01-30,2025-11-03,2025-11-03T00:00:00+00:00,2025-11-03T00:00:00+00:00
461,22,BAT-SUP-SYR-2ML-366,2250.0,2025-10-19,2027-01-29,2025-11-03,2025-11-03T00:00:00+00:00,2025-11-03T00:00:00+00:00
462,56,BAT-PPE-SAN-100-357,300.0,2025-10-19,2026-12-13,2025-11-03,2025-11-03T00:00:00+00:00,2025-11-03T00:00:00+00:00
463,86,BAT-LAB-HCV-KIT-367,60.0,2025-10-19,2026-06-12,2025-11-03,2025-11-03T00:00:00+00:00,2025-11-03T00:00:00+00:00
464,54,BAT-PPE-CAP-BLU-360,75.0,2025-10-20,2027-04-18,2025-11-04,2025-11-04T00:00:00+00:00,2025-11-04T00:00:00+00:00
465,57,BAT-PPE-WIP-DIS-353,150.0,2025-10-20,2026-08-23,2025-11-04,2025-11-04T00:00:00+00:00,2025-11-04T00:00:00+00:00
466,62,BAT-SRG-VIC-20-358,75.0,2025-10-20,2027-04-20,2025-11-04,2025-11-04T00:00:00+00:00,2025-11-04T00:00:00+00:00
467,83,BAT-LAB-SCT-TUBE-365,1500.0,2025-10-20,2026-12-21,2025-11-04,2025-11-04T00:00:00+00:00,2025-11-04T00:00:00+00:00
468,28,BAT-SUP-CTN-ROL-377,225.0,2025-10-21,2027-04-12,2025-11-05,2025-11-05T00:00:00+00:00,2025-11-05T00:00:00+00:00
469,64,BAT-SRG-SLK-30-364,75.0,2025-10-21,2027-01-31,2025-11-05,2025-11-05T00:00:00+00:00,2025-11-05T00:00:00+00:00
470,95,BAT-LAB-MAL-KIT-368,225.0,2025-10-21,2027-03-10,2025-11-05,2025-11-05T00:00:00+00:00,2025-11-05T00:00:00+00:00
471,1,BAT-MED-PCM-500-381,675.0,2025-10-22,2027-01-06,2025-11-06,2025-11-06T00:00:00+00:00,2025-11-06T00:00:00+00:00
472,2,BAT-MED-IBU-400-374,450.0,2025-10-22,2026-09-24,2025-11-06,2025-11-06T00:00:00+00:00,2025-11-06T00:00:00+00:00
473,26,BAT-SUP-IVC-18G-382,450.0,2025-10-22,2026-08-24,2025-11-06,2025-11-06T00:00:00+00:00,2025-11-06T00:00:00+00:00
474,61,BAT-SRG-VIC-30-362,90.0,2025-10-22,2027-03-10,2025-11-06,2025-11-06T00:00:00+00:00,2025-11-06T00:00:00+00:00
475,73,BAT-SRG-BLD-22-363,30.0,2025-10-22,2027-03-24,2025-11-06,2025-11-06T00:00:00+00:00,2025-11-06T00:00:00+00:00
476,80,BAT-SRG-DRP-UNV-373,150.0,2025-10-22,2026-07-22,2025-11-06,2025-11-06T00:00:00+00:00,2025-11-06T00:00:00+00:00
477,93,BAT-LAB-RF-KIT-372,30.0,2025-10-22,2026-07-18,2025-11-06,2025-11-06T00:00:00+00:00,2025-11-06T00:00:00+00:00
478,13,BAT-MED-PRE-10-386,180.0,2025-10-23,2026-11-15,2025-11-07,2025-11-07T00:00:00+00:00,2025-11-07T00:00:00+00:00
479,38,BAT-SUP-WTR-10ML-376,1500.0,2025-10-23,2027-01-25,2025-11-07,2025-11-07T00:00:00+00:00,2025-11-07T00:00:00+00:00
480,7,BAT-MED-AML-5-396,480.0,2025-10-24,2027-01-18,2025-11-08,2025-11-08T00:00:00+00:00,2025-11-08T00:00:00+00:00
481,12,BAT-MED-CET-10-379,270.0,2025-10-25,2027-01-18,2025-11-09,2025-11-09T00:00:00+00:00,2025-11-09T00:00:00+00:00
482,23,BAT-SUP-SYR-10ML-400,1200.0,2025-10-25,2026-11-06,2025-11-09,2025-11-09T00:00:00+00:00,2025-11-09T00:00:00+00:00
483,40,BAT-SUP-RIN-500-402,600.0,2025-10-25,2027-03-30,2025-11-09,2025-11-09T00:00:00+00:00,2025-11-09T00:00:00+00:00
484,44,BAT-PPE-GLV-NIT-M-378,450.0,2025-10-25,2026-11-29,2025-11-09,2025-11-09T00:00:00+00:00,2025-11-09T00:00:00+00:00
485,51,BAT-PPE-GOG-PRT-394,75.0,2025-10-25,2026-08-03,2025-11-09,2025-11-09T00:00:00+00:00,2025-11-09T00:00:00+00:00
486,55,BAT-PPE-SAN-500-380,210.0,2025-10-25,2027-04-05,2025-11-09,2025-11-09T00:00:00+00:00,2025-11-09T00:00:00+00:00
487,58,BAT-PPE-BIO-LRG-395,600.0,2025-10-25,2026-11-19,2025-11-09,2025-11-09T00:00:00+00:00,2025-11-09T00:00:00+00:00
488,16,BAT-MED-ALB-INH-375,120.0,2025-10-26,2026-07-04,2025-11-10,2025-11-10T00:00:00+00:00,2025-11-10T00:00:00+00:00
489,25,BAT-SUP-IVC-22G-406,900.0,2025-10-26,2026-11-27,2025-11-10,2025-11-10T00:00:00+00:00,2025-11-10T00:00:00+00:00
490,66,BAT-SRG-MON-40-384,45.0,2025-10-26,2026-08-15,2025-11-10,2025-11-10T00:00:00+00:00,2025-11-10T00:00:00+00:00
491,84,BAT-LAB-GLU-STP-405,180.0,2025-10-26,2026-05-28,2025-11-10,2025-11-10T00:00:00+00:00,2025-11-10T00:00:00+00:00
492,4,BAT-MED-MET-500-404,600.0,2025-10-27,2026-10-05,2025-11-11,2025-11-11T00:00:00+00:00,2025-11-11T00:00:00+00:00
493,10,BAT-MED-LOS-50-385,450.0,2025-10-27,2026-07-12,2025-11-11,2025-11-11T00:00:00+00:00,2025-11-11T00:00:00+00:00
494,65,BAT-SRG-SLK-20-397,60.0,2025-10-27,2027-02-18,2025-11-11,2025-11-11T00:00:00+00:00,2025-11-11T00:00:00+00:00
495,70,BAT-SRG-SUC-TUB-387,225.0,2025-10-27,2026-11-04,2025-11-11,2025-11-11T00:00:00+00:00,2025-11-11T00:00:00+00:00
496,77,BAT-SRG-SKN-PEN-410,225.0,2025-10-27,2026-10-20,2025-11-11,2025-11-11T00:00:00+00:00,2025-11-11T00:00:00+00:00
497,15,BAT-MED-MON-10-393,300.0,2025-10-28,2027-01-15,2025-11-12,2025-11-12T00:00:00+00:00,2025-11-12T00:00:00+00:00
498,32,BAT-SUP-GZE-SWB-388,270.0,2025-10-28,2027-04-06,2025-11-12,2025-11-12T00:00:00+00:00,2025-11-12T00:00:00+00:00
499,37,BAT-SUP-DSC-15-383,270.0,2025-10-28,2026-05-18,2025-11-12,2025-11-12T00:00:00+00:00,2025-11-12T00:00:00+00:00
500,81,BAT-LAB-EDT-K2-390,3000.0,2025-10-28,2026-09-05,2025-11-12,2025-11-12T00:00:00+00:00,2025-11-12T00:00:00+00:00
501,33,BAT-SUP-IVF-SET-416,1050.0,2025-10-29,2026-05-28,2025-11-13,2025-11-13T00:00:00+00:00,2025-11-13T00:00:00+00:00
502,41,BAT-PPE-GLV-LAT-M-418,375.0,2025-10-29,2026-12-06,2025-11-13,2025-11-13T00:00:00+00:00,2025-11-13T00:00:00+00:00
503,48,BAT-PPE-MSK-3PLY-389,225.0,2025-10-29,2027-02-12,2025-11-13,2025-11-13T00:00:00+00:00,2025-11-13T00:00:00+00:00
504,71,BAT-SRG-LAP-SPN-414,375.0,2025-10-29,2027-04-11,2025-11-13,2025-11-13T00:00:00+00:00,2025-11-13T00:00:00+00:00
505,88,BAT-LAB-URN-DIP-401,120.0,2025-10-29,2026-08-05,2025-11-13,2025-11-13T00:00:00+00:00,2025-11-13T00:00:00+00:00
506,11,BAT-MED-PAN-40-392,330.0,2025-10-30,2027-04-08,2025-11-14,2025-11-14T00:00:00+00:00,2025-11-14T00:00:00+00:00
507,35,BAT-SUP-FOL-CAT-398,225.0,2025-10-30,2026-12-21,2025-11-14,2025-11-14T00:00:00+00:00,2025-11-14T00:00:00+00:00
508,59,BAT-PPE-BIO-MED-391,750.0,2025-10-30,2027-01-04,2025-11-14,2025-11-14T00:00:00+00:00,2025-11-14T00:00:00+00:00
509,63,BAT-SRG-VIC-40-408,60.0,2025-10-30,2027-01-13,2025-11-14,2025-11-14T00:00:00+00:00,2025-11-14T00:00:00+00:00
510,78,BAT-SRG-SUC-YNK-412,180.0,2025-10-30,2026-08-08,2025-11-14,2025-11-14T00:00:00+00:00,2025-11-14T00:00:00+00:00
511,100,BAT-LAB-BGP-ANA-421,30.0,2025-10-30,2026-09-22,2025-11-14,2025-11-14T00:00:00+00:00,2025-11-14T00:00:00+00:00
512,24,BAT-SUP-IVC-20G-432,750.0,2025-10-31,2026-09-09,2025-11-15,2025-11-15T00:00:00+00:00,2025-11-15T00:00:00+00:00
513,36,BAT-SUP-DSC-11-407,300.0,2025-10-31,2026-08-10,2025-11-15,2025-11-15T00:00:00+00:00,2025-11-15T00:00:00+00:00
514,50,BAT-PPE-GWN-DSP-424,525.0,2025-10-31,2027-02-01,2025-11-15,2025-11-15T00:00:00+00:00,2025-11-15T00:00:00+00:00
515,94,BAT-LAB-BLD-CUL-403,330.0,2025-10-31,2027-04-02,2025-11-15,2025-11-15T00:00:00+00:00,2025-11-15T00:00:00+00:00
516,96,BAT-LAB-PIP-200-427,45.0,2025-10-31,2027-04-11,2025-11-15,2025-11-15T00:00:00+00:00,2025-11-15T00:00:00+00:00
517,9,BAT-MED-GAB-300-399,300.0,2025-11-01,2027-01-29,2025-11-16,2025-11-16T00:00:00+00:00,2025-11-16T00:00:00+00:00
518,34,BAT-SUP-URN-BAG-419,375.0,2025-11-01,2026-05-21,2025-11-16,2025-11-16T00:00:00+00:00,2025-11-16T00:00:00+00:00
519,39,BAT-SUP-SAL-500-409,900.0,2025-11-01,2026-11-03,2025-11-16,2025-11-16T00:00:00+00:00,2025-11-16T00:00:00+00:00
520,74,BAT-SRG-BNE-WAX-411,30.0,2025-11-01,2026-06-19,2025-11-16,2025-11-16T00:00:00+00:00,2025-11-16T00:00:00+00:00
521,87,BAT-LAB-SYP-KIT-431,60.0,2025-11-01,2026-12-12,2025-11-16,2025-11-16T00:00:00+00:00,2025-11-16T00:00:00+00:00
522,21,BAT-SUP-SYR-5ML-415,1800.0,2025-11-02,2027-03-02,2025-11-17,2025-11-17T00:00:00+00:00,2025-11-17T00:00:00+00:00
523,31,BAT-SUP-BND-3IN-435,675.0,2025-11-02,2026-10-18,2025-11-17,2025-11-17T00:00:00+00:00,2025-11-17T00:00:00+00:00
524,67,BAT-SRG-STP-DSP-417,120.0,2025-11-02,2026-12-20,2025-11-17,2025-11-17T00:00:00+00:00,2025-11-17T00:00:00+00:00
525,91,BAT-LAB-TRP-KIT-413,90.0,2025-11-02,2027-05-06,2025-11-17,2025-11-17T00:00:00+00:00,2025-11-17T00:00:00+00:00
526,69,BAT-SRG-NDL-EPI-428,180.0,2025-11-03,2027-02-15,2025-11-18,2025-11-18T00:00:00+00:00,2025-11-18T00:00:00+00:00
527,79,BAT-SRG-DRP-CS-422,90.0,2025-11-03,2026-05-20,2025-11-18,2025-11-18T00:00:00+00:00,2025-11-18T00:00:00+00:00
528,85,BAT-LAB-HIV-KIT-440,75.0,2025-11-03,2026-08-14,2025-11-18,2025-11-18T00:00:00+00:00,2025-11-18T00:00:00+00:00
529,3,BAT-MED-AMX-500-425,375.0,2025-11-04,2026-11-03,2025-11-19,2025-11-19T00:00:00+00:00,2025-11-19T00:00:00+00:00
530,6,BAT-MED-OME-20-433,420.0,2025-11-04,2027-01-12,2025-11-19,2025-11-19T00:00:00+00:00,2025-11-19T00:00:00+00:00
531,14,BAT-MED-CLO-75-426,375.0,2025-11-04,2026-12-14,2025-11-19,2025-11-19T00:00:00+00:00,2025-11-19T00:00:00+00:00
532,17,BAT-MED-LEV-50-437,750.0,2025-11-04,2026-07-30,2025-11-19,2025-11-19T00:00:00+00:00,2025-11-19T00:00:00+00:00
533,45,BAT-PPE-GLV-NIT-L-434,420.0,2025-11-04,2026-12-30,2025-11-19,2025-11-19T00:00:00+00:00,2025-11-19T00:00:00+00:00
534,46,BAT-PPE-GLV-NIT-S-438,270.0,2025-11-04,2026-09-23,2025-11-19,2025-11-19T00:00:00+00:00,2025-11-19T00:00:00+00:00
535,5,BAT-MED-ATO-20-443,525.0,2025-11-05,2026-06-02,2025-11-20,2025-11-20T00:00:00+00:00,2025-11-20T00:00:00+00:00
536,20,BAT-MED-WAR-5-420,150.0,2025-11-05,2027-02-09,2025-11-20,2025-11-20T00:00:00+00:00,2025-11-20T00:00:00+00:00
537,29,BAT-SUP-ADH-PLST-446,120.0,2025-11-05,2026-08-18,2025-11-20,2025-11-20T00:00:00+00:00,2025-11-20T00:00:00+00:00
538,42,BAT-PPE-GLV-LAT-L-445,300.0,2025-11-05,2027-05-09,2025-11-20,2025-11-20T00:00:00+00:00,2025-11-20T00:00:00+00:00
539,52,BAT-PPE-FSH-CLR-423,120.0,2025-11-05,2026-09-21,2025-11-20,2025-11-20T00:00:00+00:00,2025-11-20T00:00:00+00:00
540,68,BAT-SRG-STP-REM-429,150.0,2025-11-05,2026-12-09,2025-11-20,2025-11-20T00:00:00+00:00,2025-11-20T00:00:00+00:00
541,82,BAT-LAB-SRM-SST-430,2700.0,2025-11-05,2027-03-04,2025-11-20,2025-11-20T00:00:00+00:00,2025-11-20T00:00:00+00:00
542,26,BAT-SUP-IVC-18G-448,450.0,2025-11-06,2027-05-09,2025-11-21,2025-11-21T00:00:00+00:00,2025-11-21T00:00:00+00:00
543,47,BAT-PPE-MSK-N95-450,1350.0,2025-11-06,2027-04-19,2025-11-21,2025-11-21T00:00:00+00:00,2025-11-21T00:00:00+00:00
544,49,BAT-PPE-GWN-STR-436,330.0,2025-11-06,2027-04-24,2025-11-21,2025-11-21T00:00:00+00:00,2025-11-21T00:00:00+00:00
545,75,BAT-SRG-FOL-18-439,150.0,2025-11-06,2026-11-06,2025-11-21,2025-11-21T00:00:00+00:00,2025-11-21T00:00:00+00:00
546,92,BAT-LAB-CRP-KIT-453,30.0,2025-11-06,2027-04-12,2025-11-21,2025-11-21T00:00:00+00:00,2025-11-21T00:00:00+00:00
547,18,BAT-MED-TRA-50-455,210.0,2025-11-07,2027-05-12,2025-11-22,2025-11-22T00:00:00+00:00,2025-11-22T00:00:00+00:00
548,60,BAT-PPE-APR-WPR-447,60.0,2025-11-07,2026-10-20,2025-11-22,2025-11-22T00:00:00+00:00,2025-11-22T00:00:00+00:00
549,90,BAT-LAB-DDM-KIT-449,45.0,2025-11-07,2026-11-14,2025-11-22,2025-11-22T00:00:00+00:00,2025-11-22T00:00:00+00:00
550,76,BAT-SRG-TAP-2IN-441,210.0,2025-11-08,2027-01-03,2025-11-23,2025-11-23T00:00:00+00:00,2025-11-23T00:00:00+00:00
551,95,BAT-LAB-MAL-KIT-444,225.0,2025-11-08,2026-07-19,2025-11-23,2025-11-23T00:00:00+00:00,2025-11-23T00:00:00+00:00
552,1,BAT-MED-PCM-500-468,675.0,2025-11-09,2027-02-15,2025-11-24,2025-11-24T00:00:00+00:00,2025-11-24T00:00:00+00:00
553,19,BAT-MED-MTP-25-458,420.0,2025-11-09,2026-11-05,2025-11-24,2025-11-24T00:00:00+00:00,2025-11-24T00:00:00+00:00
554,22,BAT-SUP-SYR-2ML-462,2250.0,2025-11-09,2027-02-24,2025-11-24,2025-11-24T00:00:00+00:00,2025-11-24T00:00:00+00:00
555,28,BAT-SUP-CTN-ROL-464,225.0,2025-11-10,2027-01-20,2025-11-25,2025-11-25T00:00:00+00:00,2025-11-25T00:00:00+00:00
556,53,BAT-PPE-SHC-DSP-467,90.0,2025-11-10,2026-11-23,2025-11-25,2025-11-25T00:00:00+00:00,2025-11-25T00:00:00+00:00
557,54,BAT-PPE-CAP-BLU-451,75.0,2025-11-10,2026-12-17,2025-11-25,2025-11-25T00:00:00+00:00,2025-11-25T00:00:00+00:00
558,98,BAT-LAB-MIC-SLD-465,75.0,2025-11-10,2027-04-26,2025-11-25,2025-11-25T00:00:00+00:00,2025-11-25T00:00:00+00:00
559,99,BAT-LAB-HCG-CAS-442,375.0,2025-11-10,2027-01-30,2025-11-25,2025-11-25T00:00:00+00:00,2025-11-25T00:00:00+00:00
560,30,BAT-SUP-BND-4IN-473,600.0,2025-11-11,2027-04-14,2025-11-26,2025-11-26T00:00:00+00:00,2025-11-26T00:00:00+00:00
561,27,BAT-SUP-ALC-PAD-461,180.0,2025-11-12,2026-07-22,2025-11-27,2025-11-27T00:00:00+00:00,2025-11-27T00:00:00+00:00
562,56,BAT-PPE-SAN-100-454,300.0,2025-11-12,2026-08-29,2025-11-27,2025-11-27T00:00:00+00:00,2025-11-27T00:00:00+00:00
563,61,BAT-SRG-VIC-30-457,90.0,2025-11-12,2026-07-17,2025-11-27,2025-11-27T00:00:00+00:00,2025-11-27T00:00:00+00:00
564,72,BAT-SRG-BLD-10-456,45.0,2025-11-12,2027-05-12,2025-11-27,2025-11-27T00:00:00+00:00,2025-11-27T00:00:00+00:00
565,2,BAT-MED-IBU-400-471,450.0,2025-11-13,2026-11-21,2025-11-28,2025-11-28T00:00:00+00:00,2025-11-28T00:00:00+00:00
566,8,BAT-MED-AZI-250-459,225.0,2025-11-13,2027-03-15,2025-11-28,2025-11-28T00:00:00+00:00,2025-11-28T00:00:00+00:00
567,16,BAT-MED-ALB-INH-452,120.0,2025-11-13,2027-04-26,2025-11-28,2025-11-28T00:00:00+00:00,2025-11-28T00:00:00+00:00
568,44,BAT-PPE-GLV-NIT-M-460,450.0,2025-11-13,2026-06-16,2025-11-28,2025-11-28T00:00:00+00:00,2025-11-28T00:00:00+00:00
569,80,BAT-SRG-DRP-UNV-469,150.0,2025-11-13,2027-01-31,2025-11-28,2025-11-28T00:00:00+00:00,2025-11-28T00:00:00+00:00
570,86,BAT-LAB-HCV-KIT-476,60.0,2025-11-13,2026-10-06,2025-11-28,2025-11-28T00:00:00+00:00,2025-11-28T00:00:00+00:00
571,97,BAT-LAB-PIP-1KW-475,30.0,2025-11-13,2026-08-07,2025-11-28,2025-11-28T00:00:00+00:00,2025-11-28T00:00:00+00:00
572,40,BAT-SUP-RIN-500-482,600.0,2025-11-14,2026-10-16,2025-11-29,2025-11-29T00:00:00+00:00,2025-11-29T00:00:00+00:00
573,81,BAT-LAB-EDT-K2-463,3000.0,2025-11-14,2027-03-21,2025-11-29,2025-11-29T00:00:00+00:00,2025-11-29T00:00:00+00:00
574,84,BAT-LAB-GLU-STP-485,180.0,2025-11-14,2027-01-13,2025-11-29,2025-11-29T00:00:00+00:00,2025-11-29T00:00:00+00:00
575,89,BAT-LAB-HCG-STR-466,450.0,2025-11-14,2026-08-20,2025-11-29,2025-11-29T00:00:00+00:00,2025-11-29T00:00:00+00:00
576,10,BAT-MED-LOS-50-472,450.0,2025-11-16,2027-02-13,2025-12-01,2025-12-01T00:00:00+00:00,2025-12-01T00:00:00+00:00
577,25,BAT-SUP-IVC-22G-493,900.0,2025-11-16,2026-10-02,2025-12-01,2025-12-01T00:00:00+00:00,2025-12-01T00:00:00+00:00
578,83,BAT-LAB-SCT-TUBE-479,1500.0,2025-11-16,2027-05-04,2025-12-01,2025-12-01T00:00:00+00:00,2025-12-01T00:00:00+00:00
579,13,BAT-MED-PRE-10-495,180.0,2025-11-17,2026-10-01,2025-12-02,2025-12-02T00:00:00+00:00,2025-12-02T00:00:00+00:00
580,38,BAT-SUP-WTR-10ML-480,1500.0,2025-11-17,2026-10-26,2025-12-02,2025-12-02T00:00:00+00:00,2025-12-02T00:00:00+00:00
581,51,BAT-PPE-GOG-PRT-496,75.0,2025-11-17,2026-11-27,2025-12-02,2025-12-02T00:00:00+00:00,2025-12-02T00:00:00+00:00
582,55,BAT-PPE-SAN-500-481,210.0,2025-11-17,2026-11-29,2025-12-02,2025-12-02T00:00:00+00:00,2025-12-02T00:00:00+00:00
583,57,BAT-PPE-WIP-DIS-470,150.0,2025-11-17,2027-04-14,2025-12-02,2025-12-02T00:00:00+00:00,2025-12-02T00:00:00+00:00
584,58,BAT-PPE-BIO-LRG-499,600.0,2025-11-17,2026-11-19,2025-12-02,2025-12-02T00:00:00+00:00,2025-12-02T00:00:00+00:00
585,73,BAT-SRG-BLD-22-474,30.0,2025-11-17,2026-12-03,2025-12-02,2025-12-02T00:00:00+00:00,2025-12-02T00:00:00+00:00
586,43,BAT-PPE-GLV-LAT-S-483,225.0,2025-11-18,2027-05-10,2025-12-03,2025-12-03T00:00:00+00:00,2025-12-03T00:00:00+00:00
587,50,BAT-PPE-GWN-DSP-505,525.0,2025-11-18,2027-05-03,2025-12-03,2025-12-03T00:00:00+00:00,2025-12-03T00:00:00+00:00
588,64,BAT-SRG-SLK-30-484,75.0,2025-11-18,2026-06-12,2025-12-03,2025-12-03T00:00:00+00:00,2025-12-03T00:00:00+00:00
589,7,BAT-MED-AML-5-517,480.0,2025-11-19,2026-11-20,2025-12-04,2025-12-04T00:00:00+00:00,2025-12-04T00:00:00+00:00
590,11,BAT-MED-PAN-40-478,330.0,2025-11-19,2027-03-21,2025-12-04,2025-12-04T00:00:00+00:00,2025-12-04T00:00:00+00:00
591,12,BAT-MED-CET-10-490,270.0,2025-11-19,2026-09-13,2025-12-04,2025-12-04T00:00:00+00:00,2025-12-04T00:00:00+00:00
592,15,BAT-MED-MON-10-489,300.0,2025-11-19,2026-12-07,2025-12-04,2025-12-04T00:00:00+00:00,2025-12-04T00:00:00+00:00
593,36,BAT-SUP-DSC-11-487,300.0,2025-11-19,2027-01-27,2025-12-04,2025-12-04T00:00:00+00:00,2025-12-04T00:00:00+00:00
594,41,BAT-PPE-GLV-LAT-M-512,375.0,2025-11-19,2026-06-12,2025-12-04,2025-12-04T00:00:00+00:00,2025-12-04T00:00:00+00:00
595,59,BAT-PPE-BIO-MED-477,750.0,2025-11-19,2027-05-07,2025-12-04,2025-12-04T00:00:00+00:00,2025-12-04T00:00:00+00:00
596,70,BAT-SRG-SUC-TUB-486,225.0,2025-11-19,2027-02-11,2025-12-04,2025-12-04T00:00:00+00:00,2025-12-04T00:00:00+00:00
597,71,BAT-SRG-LAP-SPN-508,375.0,2025-11-19,2026-12-14,2025-12-04,2025-12-04T00:00:00+00:00,2025-12-04T00:00:00+00:00
598,78,BAT-SRG-SUC-YNK-491,180.0,2025-11-19,2026-12-07,2025-12-04,2025-12-04T00:00:00+00:00,2025-12-04T00:00:00+00:00
599,4,BAT-MED-MET-500-516,600.0,2025-11-20,2027-04-02,2025-12-05,2025-12-05T00:00:00+00:00,2025-12-05T00:00:00+00:00
600,23,BAT-SUP-SYR-10ML-523,1200.0,2025-11-20,2027-01-31,2025-12-05,2025-12-05T00:00:00+00:00,2025-12-05T00:00:00+00:00
601,65,BAT-SRG-SLK-20-502,60.0,2025-11-20,2026-10-14,2025-12-05,2025-12-05T00:00:00+00:00,2025-12-05T00:00:00+00:00
602,69,BAT-SRG-NDL-EPI-494,180.0,2025-11-20,2027-04-17,2025-12-05,2025-12-05T00:00:00+00:00,2025-12-05T00:00:00+00:00
603,24,BAT-SUP-IVC-20G-524,750.0,2025-11-21,2027-01-08,2025-12-06,2025-12-06T00:00:00+00:00,2025-12-06T00:00:00+00:00
604,33,BAT-SUP-IVF-SET-522,1050.0,2025-11-21,2026-12-23,2025-12-06,2025-12-06T00:00:00+00:00,2025-12-06T00:00:00+00:00
605,35,BAT-SUP-FOL-CAT-498,225.0,2025-11-21,2027-01-30,2025-12-06,2025-12-06T00:00:00+00:00,2025-12-06T00:00:00+00:00
606,37,BAT-SUP-DSC-15-488,270.0,2025-11-21,2026-11-05,2025-12-06,2025-12-06T00:00:00+00:00,2025-12-06T00:00:00+00:00
607,62,BAT-SRG-VIC-20-497,75.0,2025-11-21,2026-06-30,2025-12-06,2025-12-06T00:00:00+00:00,2025-12-06T00:00:00+00:00
608,66,BAT-SRG-MON-40-503,45.0,2025-11-21,2027-03-07,2025-12-06,2025-12-06T00:00:00+00:00,2025-12-06T00:00:00+00:00
609,94,BAT-LAB-BLD-CUL-492,330.0,2025-11-21,2027-05-28,2025-12-06,2025-12-06T00:00:00+00:00,2025-12-06T00:00:00+00:00
610,3,BAT-MED-AMX-500-504,375.0,2025-11-22,2027-04-06,2025-12-07,2025-12-07T00:00:00+00:00,2025-12-07T00:00:00+00:00
611,45,BAT-PPE-GLV-NIT-L-510,420.0,2025-11-22,2026-12-04,2025-12-07,2025-12-07T00:00:00+00:00,2025-12-07T00:00:00+00:00
612,48,BAT-PPE-MSK-3PLY-500,225.0,2025-11-22,2027-01-07,2025-12-07,2025-12-07T00:00:00+00:00,2025-12-07T00:00:00+00:00
613,77,BAT-SRG-SKN-PEN-527,225.0,2025-11-22,2027-05-25,2025-12-07,2025-12-07T00:00:00+00:00,2025-12-07T00:00:00+00:00
614,88,BAT-LAB-URN-DIP-506,120.0,2025-11-22,2027-01-28,2025-12-07,2025-12-07T00:00:00+00:00,2025-12-07T00:00:00+00:00
615,34,BAT-SUP-URN-BAG-515,375.0,2025-11-23,2027-04-14,2025-12-08,2025-12-08T00:00:00+00:00,2025-12-08T00:00:00+00:00
616,49,BAT-PPE-GWN-STR-511,330.0,2025-11-23,2026-11-12,2025-12-08,2025-12-08T00:00:00+00:00,2025-12-08T00:00:00+00:00
617,67,BAT-SRG-STP-DSP-513,120.0,2025-11-23,2026-10-22,2025-12-08,2025-12-08T00:00:00+00:00,2025-12-08T00:00:00+00:00
618,74,BAT-SRG-BNE-WAX-509,30.0,2025-11-23,2026-08-17,2025-12-08,2025-12-08T00:00:00+00:00,2025-12-08T00:00:00+00:00
619,82,BAT-LAB-SRM-SST-507,2700.0,2025-11-23,2027-01-03,2025-12-08,2025-12-08T00:00:00+00:00,2025-12-08T00:00:00+00:00
620,9,BAT-MED-GAB-300-501,300.0,2025-11-24,2026-06-20,2025-12-09,2025-12-09T00:00:00+00:00,2025-12-09T00:00:00+00:00
621,32,BAT-SUP-GZE-SWB-514,270.0,2025-11-24,2026-12-06,2025-12-09,2025-12-09T00:00:00+00:00,2025-12-09T00:00:00+00:00
622,39,BAT-SUP-SAL-500-518,900.0,2025-11-24,2026-09-07,2025-12-09,2025-12-09T00:00:00+00:00,2025-12-09T00:00:00+00:00
623,42,BAT-PPE-GLV-LAT-L-536,300.0,2025-11-24,2026-06-09,2025-12-09,2025-12-09T00:00:00+00:00,2025-12-09T00:00:00+00:00
624,47,BAT-PPE-MSK-N95-534,1350.0,2025-11-24,2027-03-20,2025-12-09,2025-12-09T00:00:00+00:00,2025-12-09T00:00:00+00:00
625,79,BAT-SRG-DRP-CS-519,90.0,2025-11-24,2027-03-24,2025-12-09,2025-12-09T00:00:00+00:00,2025-12-09T00:00:00+00:00
626,96,BAT-LAB-PIP-200-532,45.0,2025-11-24,2027-03-20,2025-12-09,2025-12-09T00:00:00+00:00,2025-12-09T00:00:00+00:00
627,17,BAT-MED-LEV-50-526,750.0,2025-11-25,2027-01-21,2025-12-10,2025-12-10T00:00:00+00:00,2025-12-10T00:00:00+00:00
628,21,BAT-SUP-SYR-5ML-521,1800.0,2025-11-25,2027-01-19,2025-12-10,2025-12-10T00:00:00+00:00,2025-12-10T00:00:00+00:00
629,68,BAT-SRG-STP-REM-520,150.0,2025-11-25,2026-06-22,2025-12-10,2025-12-10T00:00:00+00:00,2025-12-10T00:00:00+00:00
630,6,BAT-MED-OME-20-530,420.0,2025-11-26,2027-04-07,2025-12-11,2025-12-11T00:00:00+00:00,2025-12-11T00:00:00+00:00
631,63,BAT-SRG-VIC-40-533,60.0,2025-11-26,2027-01-29,2025-12-11,2025-12-11T00:00:00+00:00,2025-12-11T00:00:00+00:00
632,93,BAT-LAB-RF-KIT-529,30.0,2025-11-26,2026-09-14,2025-12-11,2025-12-11T00:00:00+00:00,2025-12-11T00:00:00+00:00
633,46,BAT-PPE-GLV-NIT-S-535,270.0,2025-11-27,2026-07-13,2025-12-12,2025-12-12T00:00:00+00:00,2025-12-12T00:00:00+00:00
634,52,BAT-PPE-FSH-CLR-525,120.0,2025-11-27,2026-11-28,2025-12-12,2025-12-12T00:00:00+00:00,2025-12-12T00:00:00+00:00
635,60,BAT-PPE-APR-WPR-541,60.0,2025-11-27,2026-11-08,2025-12-12,2025-12-12T00:00:00+00:00,2025-12-12T00:00:00+00:00
636,91,BAT-LAB-TRP-KIT-528,90.0,2025-11-27,2027-01-06,2025-12-12,2025-12-12T00:00:00+00:00,2025-12-12T00:00:00+00:00
637,95,BAT-LAB-MAL-KIT-538,225.0,2025-11-28,2026-09-30,2025-12-13,2025-12-13T00:00:00+00:00,2025-12-13T00:00:00+00:00
638,100,BAT-LAB-BGP-ANA-542,30.0,2025-11-28,2027-02-27,2025-12-13,2025-12-13T00:00:00+00:00,2025-12-13T00:00:00+00:00
639,5,BAT-MED-ATO-20-546,525.0,2025-11-29,2026-12-13,2025-12-14,2025-12-14T00:00:00+00:00,2025-12-14T00:00:00+00:00
640,19,BAT-MED-MTP-25-552,420.0,2025-11-29,2027-02-24,2025-12-14,2025-12-14T00:00:00+00:00,2025-12-14T00:00:00+00:00
641,26,BAT-SUP-IVC-18G-554,450.0,2025-11-29,2027-02-22,2025-12-14,2025-12-14T00:00:00+00:00,2025-12-14T00:00:00+00:00
642,31,BAT-SUP-BND-3IN-545,675.0,2025-11-29,2026-09-09,2025-12-14,2025-12-14T00:00:00+00:00,2025-12-14T00:00:00+00:00
643,75,BAT-SRG-FOL-18-537,150.0,2025-11-29,2027-02-01,2025-12-14,2025-12-14T00:00:00+00:00,2025-12-14T00:00:00+00:00
644,87,BAT-LAB-SYP-KIT-549,60.0,2025-11-29,2026-09-07,2025-12-14,2025-12-14T00:00:00+00:00,2025-12-14T00:00:00+00:00
645,98,BAT-LAB-MIC-SLD-544,75.0,2025-11-29,2027-04-25,2025-12-14,2025-12-14T00:00:00+00:00,2025-12-14T00:00:00+00:00
646,18,BAT-MED-TRA-50-558,210.0,2025-11-30,2027-02-23,2025-12-15,2025-12-15T00:00:00+00:00,2025-12-15T00:00:00+00:00
647,20,BAT-MED-WAR-5-531,150.0,2025-11-30,2027-02-12,2025-12-15,2025-12-15T00:00:00+00:00,2025-12-15T00:00:00+00:00
648,85,BAT-LAB-HIV-KIT-557,75.0,2025-12-01,2026-08-22,2025-12-16,2025-12-16T00:00:00+00:00,2025-12-16T00:00:00+00:00
649,89,BAT-LAB-HCG-STR-540,450.0,2025-12-01,2026-09-20,2025-12-16,2025-12-16T00:00:00+00:00,2025-12-16T00:00:00+00:00
650,1,BAT-MED-PCM-500-567,675.0,2025-12-02,2027-03-30,2025-12-17,2025-12-17T00:00:00+00:00,2025-12-17T00:00:00+00:00
651,40,BAT-SUP-RIN-500-566,600.0,2025-12-02,2026-07-25,2025-12-17,2025-12-17T00:00:00+00:00,2025-12-17T00:00:00+00:00
652,44,BAT-PPE-GLV-NIT-M-543,450.0,2025-12-02,2027-01-17,2025-12-17,2025-12-17T00:00:00+00:00,2025-12-17T00:00:00+00:00
653,54,BAT-PPE-CAP-BLU-551,75.0,2025-12-02,2026-10-21,2025-12-17,2025-12-17T00:00:00+00:00,2025-12-17T00:00:00+00:00
654,99,BAT-LAB-HCG-CAS-539,375.0,2025-12-02,2026-08-22,2025-12-17,2025-12-17T00:00:00+00:00,2025-12-17T00:00:00+00:00
655,28,BAT-SUP-CTN-ROL-562,225.0,2025-12-03,2027-02-22,2025-12-18,2025-12-18T00:00:00+00:00,2025-12-18T00:00:00+00:00
656,30,BAT-SUP-BND-4IN-568,600.0,2025-12-03,2026-11-09,2025-12-18,2025-12-18T00:00:00+00:00,2025-12-18T00:00:00+00:00
657,56,BAT-PPE-SAN-100-550,300.0,2025-12-03,2026-09-23,2025-12-18,2025-12-18T00:00:00+00:00,2025-12-18T00:00:00+00:00
658,72,BAT-SRG-BLD-10-548,45.0,2025-12-03,2027-04-13,2025-12-18,2025-12-18T00:00:00+00:00,2025-12-18T00:00:00+00:00
659,76,BAT-SRG-TAP-2IN-547,210.0,2025-12-03,2027-01-10,2025-12-18,2025-12-18T00:00:00+00:00,2025-12-18T00:00:00+00:00
660,80,BAT-SRG-DRP-UNV-560,150.0,2025-12-03,2027-02-21,2025-12-18,2025-12-18T00:00:00+00:00,2025-12-18T00:00:00+00:00
661,27,BAT-SUP-ALC-PAD-555,180.0,2025-12-04,2026-10-13,2025-12-19,2025-12-19T00:00:00+00:00,2025-12-19T00:00:00+00:00
662,53,BAT-PPE-SHC-DSP-569,90.0,2025-12-04,2027-03-22,2025-12-19,2025-12-19T00:00:00+00:00,2025-12-19T00:00:00+00:00
663,14,BAT-MED-CLO-75-556,375.0,2025-12-05,2026-09-01,2025-12-20,2025-12-20T00:00:00+00:00,2025-12-20T00:00:00+00:00
664,25,BAT-SUP-IVC-22G-577,900.0,2025-12-05,2026-07-26,2025-12-20,2025-12-20T00:00:00+00:00,2025-12-20T00:00:00+00:00
665,29,BAT-SUP-ADH-PLST-576,120.0,2025-12-05,2027-01-24,2025-12-20,2025-12-20T00:00:00+00:00,2025-12-20T00:00:00+00:00
666,84,BAT-LAB-GLU-STP-578,180.0,2025-12-05,2026-12-13,2025-12-20,2025-12-20T00:00:00+00:00,2025-12-20T00:00:00+00:00
667,2,BAT-MED-IBU-400-570,450.0,2025-12-06,2027-04-09,2025-12-21,2025-12-21T00:00:00+00:00,2025-12-21T00:00:00+00:00
668,8,BAT-MED-AZI-250-561,225.0,2025-12-06,2027-02-19,2025-12-21,2025-12-21T00:00:00+00:00,2025-12-21T00:00:00+00:00
669,11,BAT-MED-PAN-40-559,330.0,2025-12-06,2027-02-04,2025-12-21,2025-12-21T00:00:00+00:00,2025-12-21T00:00:00+00:00
670,16,BAT-MED-ALB-INH-553,120.0,2025-12-06,2026-10-16,2025-12-21,2025-12-21T00:00:00+00:00,2025-12-21T00:00:00+00:00
671,55,BAT-PPE-SAN-500-565,210.0,2025-12-06,2027-04-27,2025-12-21,2025-12-21T00:00:00+00:00,2025-12-21T00:00:00+00:00
672,7,BAT-MED-AML-5-587,480.0,2025-12-07,2027-01-27,2025-12-22,2025-12-22T00:00:00+00:00,2025-12-22T00:00:00+00:00
673,61,BAT-SRG-VIC-30-564,90.0,2025-12-07,2027-01-02,2025-12-22,2025-12-22T00:00:00+00:00,2025-12-22T00:00:00+00:00
674,81,BAT-LAB-EDT-K2-563,3000.0,2025-12-07,2027-01-30,2025-12-22,2025-12-22T00:00:00+00:00,2025-12-22T00:00:00+00:00
675,83,BAT-LAB-SCT-TUBE-572,1500.0,2025-12-07,2027-01-28,2025-12-22,2025-12-22T00:00:00+00:00,2025-12-22T00:00:00+00:00
676,36,BAT-SUP-DSC-11-573,300.0,2025-12-08,2026-11-23,2025-12-23,2025-12-23T00:00:00+00:00,2025-12-23T00:00:00+00:00
677,64,BAT-SRG-SLK-30-574,75.0,2025-12-08,2026-10-19,2025-12-23,2025-12-23T00:00:00+00:00,2025-12-23T00:00:00+00:00
678,15,BAT-MED-MON-10-575,300.0,2025-12-09,2027-04-17,2025-12-24,2025-12-24T00:00:00+00:00,2025-12-24T00:00:00+00:00
679,22,BAT-SUP-SYR-2ML-588,2250.0,2025-12-09,2026-08-30,2025-12-24,2025-12-24T00:00:00+00:00,2025-12-24T00:00:00+00:00
680,41,BAT-PPE-GLV-LAT-M-595,375.0,2025-12-09,2027-06-17,2025-12-24,2025-12-24T00:00:00+00:00,2025-12-24T00:00:00+00:00
681,58,BAT-PPE-BIO-LRG-590,600.0,2025-12-09,2026-07-25,2025-12-24,2025-12-24T00:00:00+00:00,2025-12-24T00:00:00+00:00
682,59,BAT-PPE-BIO-MED-571,750.0,2025-12-09,2026-08-19,2025-12-24,2025-12-24T00:00:00+00:00,2025-12-24T00:00:00+00:00
683,65,BAT-SRG-SLK-20-581,60.0,2025-12-09,2027-04-04,2025-12-24,2025-12-24T00:00:00+00:00,2025-12-24T00:00:00+00:00
684,78,BAT-SRG-SUC-YNK-585,180.0,2025-12-09,2026-12-10,2025-12-24,2025-12-24T00:00:00+00:00,2025-12-24T00:00:00+00:00
685,13,BAT-MED-PRE-10-596,180.0,2025-12-10,2027-05-09,2025-12-25,2025-12-25T00:00:00+00:00,2025-12-25T00:00:00+00:00
686,23,BAT-SUP-SYR-10ML-604,1200.0,2025-12-10,2027-05-19,2025-12-25,2025-12-25T00:00:00+00:00,2025-12-25T00:00:00+00:00
687,69,BAT-SRG-NDL-EPI-580,180.0,2025-12-10,2026-12-31,2025-12-25,2025-12-25T00:00:00+00:00,2025-12-25T00:00:00+00:00
688,86,BAT-LAB-HCV-KIT-599,60.0,2025-12-10,2026-07-25,2025-12-25,2025-12-25T00:00:00+00:00,2025-12-25T00:00:00+00:00
689,90,BAT-LAB-DDM-KIT-601,45.0,2025-12-10,2027-04-21,2025-12-25,2025-12-25T00:00:00+00:00,2025-12-25T00:00:00+00:00
690,92,BAT-LAB-CRP-KIT-608,30.0,2025-12-10,2026-12-20,2025-12-25,2025-12-25T00:00:00+00:00,2025-12-25T00:00:00+00:00
691,3,BAT-MED-AMX-500-583,375.0,2025-12-11,2027-04-02,2025-12-26,2025-12-26T00:00:00+00:00,2025-12-26T00:00:00+00:00
692,10,BAT-MED-LOS-50-579,450.0,2025-12-11,2026-09-06,2025-12-26,2025-12-26T00:00:00+00:00,2025-12-26T00:00:00+00:00
693,24,BAT-SUP-IVC-20G-610,750.0,2025-12-11,2027-06-18,2025-12-26,2025-12-26T00:00:00+00:00,2025-12-26T00:00:00+00:00
694,50,BAT-PPE-GWN-DSP-606,525.0,2025-12-11,2027-02-22,2025-12-26,2025-12-26T00:00:00+00:00,2025-12-26T00:00:00+00:00
695,12,BAT-MED-CET-10-593,270.0,2025-12-12,2026-12-20,2025-12-27,2025-12-27T00:00:00+00:00,2025-12-27T00:00:00+00:00
696,38,BAT-SUP-WTR-10ML-592,1500.0,2025-12-12,2026-07-28,2025-12-27,2025-12-27T00:00:00+00:00,2025-12-27T00:00:00+00:00
697,48,BAT-PPE-MSK-3PLY-584,225.0,2025-12-12,2026-11-23,2025-12-27,2025-12-27T00:00:00+00:00,2025-12-27T00:00:00+00:00
698,66,BAT-SRG-MON-40-594,45.0,2025-12-12,2027-05-20,2025-12-27,2025-12-27T00:00:00+00:00,2025-12-27T00:00:00+00:00
699,70,BAT-SRG-SUC-TUB-591,225.0,2025-12-12,2027-06-01,2025-12-27,2025-12-27T00:00:00+00:00,2025-12-27T00:00:00+00:00
700,71,BAT-SRG-LAP-SPN-609,375.0,2025-12-12,2026-09-27,2025-12-27,2025-12-27T00:00:00+00:00,2025-12-27T00:00:00+00:00
701,32,BAT-SUP-GZE-SWB-589,270.0,2025-12-13,2027-01-15,2025-12-28,2025-12-28T00:00:00+00:00,2025-12-28T00:00:00+00:00
702,57,BAT-PPE-WIP-DIS-582,150.0,2025-12-13,2026-08-28,2025-12-28,2025-12-28T00:00:00+00:00,2025-12-28T00:00:00+00:00
703,88,BAT-LAB-URN-DIP-597,120.0,2025-12-13,2026-10-09,2025-12-28,2025-12-28T00:00:00+00:00,2025-12-28T00:00:00+00:00
704,9,BAT-MED-GAB-300-586,300.0,2025-12-14,2026-12-27,2025-12-29,2025-12-29T00:00:00+00:00,2025-12-29T00:00:00+00:00
705,21,BAT-SUP-SYR-5ML-598,1800.0,2025-12-14,2026-09-15,2025-12-29,2025-12-29T00:00:00+00:00,2025-12-29T00:00:00+00:00
706,33,BAT-SUP-IVF-SET-619,1050.0,2025-12-14,2027-01-26,2025-12-29,2025-12-29T00:00:00+00:00,2025-12-29T00:00:00+00:00
707,35,BAT-SUP-FOL-CAT-602,225.0,2025-12-14,2026-10-20,2025-12-29,2025-12-29T00:00:00+00:00,2025-12-29T00:00:00+00:00
708,47,BAT-PPE-MSK-N95-621,1350.0,2025-12-14,2026-12-30,2025-12-29,2025-12-29T00:00:00+00:00,2025-12-29T00:00:00+00:00
709,73,BAT-SRG-BLD-22-600,30.0,2025-12-14,2027-04-29,2025-12-29,2025-12-29T00:00:00+00:00,2025-12-29T00:00:00+00:00
710,49,BAT-PPE-GWN-STR-607,330.0,2025-12-15,2026-09-14,2025-12-30,2025-12-30T00:00:00+00:00,2025-12-30T00:00:00+00:00
711,67,BAT-SRG-STP-DSP-605,120.0,2025-12-15,2027-01-13,2025-12-30,2025-12-30T00:00:00+00:00,2025-12-30T00:00:00+00:00
712,4,BAT-MED-MET-500-627,600.0,2025-12-16,2026-08-19,2025-12-31,2025-12-31T00:00:00+00:00,2025-12-31T00:00:00+00:00
713,37,BAT-SUP-DSC-15-603,270.0,2025-12-16,2026-12-10,2025-12-31,2025-12-31T00:00:00+00:00,2025-12-31T00:00:00+00:00
714,43,BAT-PPE-GLV-LAT-S-612,225.0,2025-12-16,2026-10-27,2025-12-31,2025-12-31T00:00:00+00:00,2025-12-31T00:00:00+00:00
715,51,BAT-PPE-GOG-PRT-626,75.0,2025-12-16,2026-10-17,2025-12-31,2025-12-31T00:00:00+00:00,2025-12-31T00:00:00+00:00
716,79,BAT-SRG-DRP-CS-611,90.0,2025-12-16,2026-07-16,2025-12-31,2025-12-31T00:00:00+00:00,2025-12-31T00:00:00+00:00
717,42,BAT-PPE-GLV-LAT-L-632,300.0,2025-12-17,2027-04-22,2026-01-01,2026-01-01T00:00:00+00:00,2026-01-01T00:00:00+00:00
718,62,BAT-SRG-VIC-20-614,75.0,2025-12-17,2026-09-17,2026-01-01,2026-01-01T00:00:00+00:00,2026-01-01T00:00:00+00:00
719,74,BAT-SRG-BNE-WAX-613,30.0,2025-12-17,2027-05-25,2026-01-01,2026-01-01T00:00:00+00:00,2026-01-01T00:00:00+00:00
720,91,BAT-LAB-TRP-KIT-617,90.0,2025-12-17,2026-11-25,2026-01-01,2026-01-01T00:00:00+00:00,2026-01-01T00:00:00+00:00
721,6,BAT-MED-OME-20-622,420.0,2025-12-18,2027-03-03,2026-01-02,2026-01-02T00:00:00+00:00,2026-01-02T00:00:00+00:00
722,17,BAT-MED-LEV-50-628,750.0,2025-12-18,2026-11-01,2026-01-02,2026-01-02T00:00:00+00:00,2026-01-02T00:00:00+00:00
723,45,BAT-PPE-GLV-NIT-L-623,420.0,2025-12-18,2026-12-04,2026-01-02,2026-01-02T00:00:00+00:00,2026-01-02T00:00:00+00:00
724,46,BAT-PPE-GLV-NIT-S-624,270.0,2025-12-18,2027-05-18,2026-01-02,2026-01-02T00:00:00+00:00,2026-01-02T00:00:00+00:00
725,68,BAT-SRG-STP-REM-616,150.0,2025-12-18,2027-04-08,2026-01-02,2026-01-02T00:00:00+00:00,2026-01-02T00:00:00+00:00
726,77,BAT-SRG-SKN-PEN-635,225.0,2025-12-18,2027-05-19,2026-01-02,2026-01-02T00:00:00+00:00,2026-01-02T00:00:00+00:00
727,96,BAT-LAB-PIP-200-631,45.0,2025-12-18,2026-12-14,2026-01-02,2026-01-02T00:00:00+00:00,2026-01-02T00:00:00+00:00
728,20,BAT-MED-WAR-5-615,150.0,2025-12-19,2027-01-06,2026-01-03,2026-01-03T00:00:00+00:00,2026-01-03T00:00:00+00:00
729,26,BAT-SUP-IVC-18G-643,450.0,2025-12-19,2027-01-03,2026-01-03,2026-01-03T00:00:00+00:00,2026-01-03T00:00:00+00:00
730,82,BAT-LAB-SRM-SST-620,2700.0,2025-12-19,2027-02-20,2026-01-03,2026-01-03T00:00:00+00:00,2026-01-03T00:00:00+00:00
731,97,BAT-LAB-PIP-1KW-637,30.0,2025-12-19,2027-02-10,2026-01-03,2026-01-03T00:00:00+00:00,2026-01-03T00:00:00+00:00
732,1,BAT-MED-PCM-500-647,675.0,2025-12-20,2026-08-07,2026-01-04,2026-01-04T00:00:00+00:00,2026-01-04T00:00:00+00:00
733,75,BAT-SRG-FOL-18-629,150.0,2025-12-20,2027-04-19,2026-01-04,2026-01-04T00:00:00+00:00,2026-01-04T00:00:00+00:00
734,87,BAT-LAB-SYP-KIT-641,60.0,2025-12-20,2026-10-24,2026-01-04,2026-01-04T00:00:00+00:00,2026-01-04T00:00:00+00:00
735,94,BAT-LAB-BLD-CUL-625,330.0,2025-12-20,2027-02-08,2026-01-04,2026-01-04T00:00:00+00:00,2026-01-04T00:00:00+00:00
736,99,BAT-LAB-HCG-CAS-618,375.0,2025-12-20,2027-01-18,2026-01-04,2026-01-04T00:00:00+00:00,2026-01-04T00:00:00+00:00
737,18,BAT-MED-TRA-50-649,210.0,2025-12-21,2027-03-02,2026-01-05,2026-01-05T00:00:00+00:00,2026-01-05T00:00:00+00:00
738,25,BAT-SUP-IVC-22G-653,900.0,2025-12-21,2027-05-15,2026-01-05,2026-01-05T00:00:00+00:00,2026-01-05T00:00:00+00:00
739,34,BAT-SUP-URN-BAG-630,375.0,2025-12-21,2026-11-19,2026-01-05,2026-01-05T00:00:00+00:00,2026-01-05T00:00:00+00:00
740,63,BAT-SRG-VIC-40-636,60.0,2025-12-21,2026-07-26,2026-01-05,2026-01-05T00:00:00+00:00,2026-01-05T00:00:00+00:00
741,19,BAT-MED-MTP-25-650,420.0,2025-12-22,2027-04-01,2026-01-06,2026-01-06T00:00:00+00:00,2026-01-06T00:00:00+00:00
742,28,BAT-SUP-CTN-ROL-651,225.0,2025-12-22,2026-11-15,2026-01-06,2026-01-06T00:00:00+00:00,2026-01-06T00:00:00+00:00
743,39,BAT-SUP-SAL-500-633,900.0,2025-12-22,2026-10-30,2026-01-06,2026-01-06T00:00:00+00:00,2026-01-06T00:00:00+00:00
744,44,BAT-PPE-GLV-NIT-M-634,450.0,2025-12-22,2026-11-17,2026-01-06,2026-01-06T00:00:00+00:00,2026-01-06T00:00:00+00:00
745,100,BAT-LAB-BGP-ANA-654,30.0,2025-12-22,2027-06-17,2026-01-06,2026-01-06T00:00:00+00:00,2026-01-06T00:00:00+00:00
746,27,BAT-SUP-ALC-PAD-640,180.0,2025-12-23,2026-07-21,2026-01-07,2026-01-07T00:00:00+00:00,2026-01-07T00:00:00+00:00
747,30,BAT-SUP-BND-4IN-659,600.0,2025-12-23,2026-10-12,2026-01-07,2026-01-07T00:00:00+00:00,2026-01-07T00:00:00+00:00
748,93,BAT-LAB-RF-KIT-642,30.0,2025-12-23,2026-08-20,2026-01-07,2026-01-07T00:00:00+00:00,2026-01-07T00:00:00+00:00
749,31,BAT-SUP-BND-3IN-661,675.0,2025-12-24,2027-04-18,2026-01-08,2026-01-08T00:00:00+00:00,2026-01-08T00:00:00+00:00
750,55,BAT-PPE-SAN-500-644,210.0,2025-12-24,2026-07-22,2026-01-08,2026-01-08T00:00:00+00:00,2026-01-08T00:00:00+00:00
751,56,BAT-PPE-SAN-100-639,300.0,2025-12-24,2026-12-29,2026-01-08,2026-01-08T00:00:00+00:00,2026-01-08T00:00:00+00:00
752,95,BAT-LAB-MAL-KIT-648,225.0,2025-12-24,2027-03-29,2026-01-08,2026-01-08T00:00:00+00:00,2026-01-08T00:00:00+00:00
753,98,BAT-LAB-MIC-SLD-657,75.0,2025-12-24,2026-12-30,2026-01-08,2026-01-08T00:00:00+00:00,2026-01-08T00:00:00+00:00
754,5,BAT-MED-ATO-20-665,525.0,2025-12-25,2027-02-08,2026-01-09,2026-01-09T00:00:00+00:00,2026-01-09T00:00:00+00:00
755,52,BAT-PPE-FSH-CLR-638,120.0,2025-12-25,2027-06-06,2026-01-09,2026-01-09T00:00:00+00:00,2026-01-09T00:00:00+00:00
756,76,BAT-SRG-TAP-2IN-646,210.0,2025-12-25,2026-10-13,2026-01-09,2026-01-09T00:00:00+00:00,2026-01-09T00:00:00+00:00
757,11,BAT-MED-PAN-40-645,330.0,2025-12-26,2027-05-11,2026-01-10,2026-01-10T00:00:00+00:00,2026-01-10T00:00:00+00:00
758,83,BAT-LAB-SCT-TUBE-658,1500.0,2025-12-26,2026-07-19,2026-01-10,2026-01-10T00:00:00+00:00,2026-01-10T00:00:00+00:00
759,85,BAT-LAB-HIV-KIT-668,75.0,2025-12-26,2026-09-18,2026-01-10,2026-01-10T00:00:00+00:00,2026-01-10T00:00:00+00:00
760,89,BAT-LAB-HCG-STR-652,450.0,2025-12-26,2026-10-26,2026-01-10,2026-01-10T00:00:00+00:00,2026-01-10T00:00:00+00:00
761,7,BAT-MED-AML-5-680,480.0,2025-12-27,2027-01-16,2026-01-11,2026-01-11T00:00:00+00:00,2026-01-11T00:00:00+00:00
762,14,BAT-MED-CLO-75-655,375.0,2025-12-27,2027-02-06,2026-01-11,2026-01-11T00:00:00+00:00,2026-01-11T00:00:00+00:00
763,29,BAT-SUP-ADH-PLST-681,120.0,2025-12-27,2027-03-20,2026-01-11,2026-01-11T00:00:00+00:00,2026-01-11T00:00:00+00:00
764,40,BAT-SUP-RIN-500-678,600.0,2025-12-27,2027-02-12,2026-01-11,2026-01-11T00:00:00+00:00,2026-01-11T00:00:00+00:00
765,53,BAT-PPE-SHC-DSP-673,90.0,2025-12-27,2027-05-17,2026-01-11,2026-01-11T00:00:00+00:00,2026-01-11T00:00:00+00:00
766,65,BAT-SRG-SLK-20-663,60.0,2025-12-27,2026-12-18,2026-01-11,2026-01-11T00:00:00+00:00,2026-01-11T00:00:00+00:00
767,80,BAT-SRG-DRP-UNV-662,150.0,2025-12-27,2027-05-12,2026-01-11,2026-01-11T00:00:00+00:00,2026-01-11T00:00:00+00:00
768,58,BAT-PPE-BIO-LRG-677,600.0,2025-12-28,2027-06-20,2026-01-12,2026-01-12T00:00:00+00:00,2026-01-12T00:00:00+00:00
769,60,BAT-PPE-APR-WPR-679,60.0,2025-12-28,2026-09-30,2026-01-12,2026-01-12T00:00:00+00:00,2026-01-12T00:00:00+00:00
770,81,BAT-LAB-EDT-K2-660,3000.0,2025-12-28,2026-11-06,2026-01-12,2026-01-12T00:00:00+00:00,2026-01-12T00:00:00+00:00
771,84,BAT-LAB-GLU-STP-683,180.0,2025-12-28,2026-08-06,2026-01-12,2026-01-12T00:00:00+00:00,2026-01-12T00:00:00+00:00
772,2,BAT-MED-IBU-400-674,450.0,2025-12-29,2027-04-22,2026-01-13,2026-01-13T00:00:00+00:00,2026-01-13T00:00:00+00:00
773,8,BAT-MED-AZI-250-664,225.0,2025-12-29,2026-07-30,2026-01-13,2026-01-13T00:00:00+00:00,2026-01-13T00:00:00+00:00
774,16,BAT-MED-ALB-INH-656,120.0,2025-12-29,2026-12-06,2026-01-13,2026-01-13T00:00:00+00:00,2026-01-13T00:00:00+00:00
775,3,BAT-MED-AMX-500-666,375.0,2025-12-30,2027-01-10,2026-01-14,2026-01-14T00:00:00+00:00,2026-01-14T00:00:00+00:00
776,10,BAT-MED-LOS-50-667,450.0,2025-12-30,2027-02-02,2026-01-14,2026-01-14T00:00:00+00:00,2026-01-14T00:00:00+00:00
777,32,BAT-SUP-GZE-SWB-670,270.0,2025-12-30,2027-04-07,2026-01-14,2026-01-14T00:00:00+00:00,2026-01-14T00:00:00+00:00
778,36,BAT-SUP-DSC-11-671,300.0,2025-12-30,2027-02-16,2026-01-14,2026-01-14T00:00:00+00:00,2026-01-14T00:00:00+00:00
779,38,BAT-SUP-WTR-10ML-675,1500.0,2025-12-30,2027-05-25,2026-01-14,2026-01-14T00:00:00+00:00,2026-01-14T00:00:00+00:00
780,54,BAT-PPE-CAP-BLU-672,75.0,2025-12-30,2027-02-12,2026-01-14,2026-01-14T00:00:00+00:00,2026-01-14T00:00:00+00:00
781,61,BAT-SRG-VIC-30-669,90.0,2025-12-30,2027-05-15,2026-01-14,2026-01-14T00:00:00+00:00,2026-01-14T00:00:00+00:00
782,41,BAT-PPE-GLV-LAT-M-689,375.0,2025-12-31,2026-10-02,2026-01-15,2026-01-15T00:00:00+00:00,2026-01-15T00:00:00+00:00
783,50,BAT-PPE-GWN-DSP-687,525.0,2025-12-31,2027-02-28,2026-01-15,2026-01-15T00:00:00+00:00,2026-01-15T00:00:00+00:00
784,88,BAT-LAB-URN-DIP-676,120.0,2025-12-31,2026-09-02,2026-01-15,2026-01-15T00:00:00+00:00,2026-01-15T00:00:00+00:00
785,21,BAT-SUP-SYR-5ML-682,1800.0,2026-01-01,2027-05-02,2026-01-16,2026-01-16T00:00:00+00:00,2026-01-16T00:00:00+00:00
786,22,BAT-SUP-SYR-2ML-697,2250.0,2026-01-01,2027-01-02,2026-01-16,2026-01-16T00:00:00+00:00,2026-01-16T00:00:00+00:00
787,23,BAT-SUP-SYR-10ML-700,1200.0,2026-01-01,2026-10-21,2026-01-16,2026-01-16T00:00:00+00:00,2026-01-16T00:00:00+00:00
788,71,BAT-SRG-LAP-SPN-692,375.0,2026-01-01,2027-06-05,2026-01-16,2026-01-16T00:00:00+00:00,2026-01-16T00:00:00+00:00
789,13,BAT-MED-PRE-10-701,180.0,2026-01-02,2026-11-22,2026-01-17,2026-01-17T00:00:00+00:00,2026-01-17T00:00:00+00:00
790,15,BAT-MED-MON-10-685,300.0,2026-01-02,2026-07-23,2026-01-17,2026-01-17T00:00:00+00:00,2026-01-17T00:00:00+00:00
791,78,BAT-SRG-SUC-YNK-686,180.0,2026-01-02,2027-04-11,2026-01-17,2026-01-17T00:00:00+00:00,2026-01-17T00:00:00+00:00
792,86,BAT-LAB-HCV-KIT-703,60.0,2026-01-02,2026-07-17,2026-01-17,2026-01-17T00:00:00+00:00,2026-01-17T00:00:00+00:00
793,4,BAT-MED-MET-500-704,600.0,2026-01-03,2026-08-04,2026-01-18,2026-01-18T00:00:00+00:00,2026-01-18T00:00:00+00:00
794,12,BAT-MED-CET-10-691,270.0,2026-01-03,2027-07-05,2026-01-18,2026-01-18T00:00:00+00:00,2026-01-18T00:00:00+00:00
795,59,BAT-PPE-BIO-MED-684,750.0,2026-01-03,2027-02-15,2026-01-18,2026-01-18T00:00:00+00:00,2026-01-18T00:00:00+00:00
796,69,BAT-SRG-NDL-EPI-688,180.0,2026-01-03,2026-11-21,2026-01-18,2026-01-18T00:00:00+00:00,2026-01-18T00:00:00+00:00
797,92,BAT-LAB-CRP-KIT-708,30.0,2026-01-03,2026-11-30,2026-01-18,2026-01-18T00:00:00+00:00,2026-01-18T00:00:00+00:00
798,24,BAT-SUP-IVC-20G-714,750.0,2026-01-04,2027-06-22,2026-01-19,2026-01-19T00:00:00+00:00,2026-01-19T00:00:00+00:00
799,43,BAT-PPE-GLV-LAT-S-695,225.0,2026-01-04,2027-03-28,2026-01-19,2026-01-19T00:00:00+00:00,2026-01-19T00:00:00+00:00
800,51,BAT-PPE-GOG-PRT-710,75.0,2026-01-04,2026-08-06,2026-01-19,2026-01-19T00:00:00+00:00,2026-01-19T00:00:00+00:00
801,66,BAT-SRG-MON-40-696,45.0,2026-01-04,2026-10-13,2026-01-19,2026-01-19T00:00:00+00:00,2026-01-19T00:00:00+00:00
802,70,BAT-SRG-SUC-TUB-698,225.0,2026-01-04,2027-01-03,2026-01-19,2026-01-19T00:00:00+00:00,2026-01-19T00:00:00+00:00
803,90,BAT-LAB-DDM-KIT-711,45.0,2026-01-04,2026-10-03,2026-01-19,2026-01-19T00:00:00+00:00,2026-01-19T00:00:00+00:00
804,48,BAT-PPE-MSK-3PLY-690,225.0,2026-01-05,2027-07-11,2026-01-20,2026-01-20T00:00:00+00:00,2026-01-20T00:00:00+00:00
805,72,BAT-SRG-BLD-10-693,45.0,2026-01-05,2027-06-13,2026-01-20,2026-01-20T00:00:00+00:00,2026-01-20T00:00:00+00:00
806,17,BAT-MED-LEV-50-707,750.0,2026-01-06,2027-04-01,2026-01-21,2026-01-21T00:00:00+00:00,2026-01-21T00:00:00+00:00
807,64,BAT-SRG-SLK-30-705,75.0,2026-01-06,2026-08-27,2026-01-21,2026-01-21T00:00:00+00:00,2026-01-21T00:00:00+00:00
808,26,BAT-SUP-IVC-18G-726,450.0,2026-01-07,2026-09-18,2026-01-22,2026-01-22T00:00:00+00:00,2026-01-22T00:00:00+00:00
809,33,BAT-SUP-IVF-SET-725,1050.0,2026-01-07,2026-07-22,2026-01-22,2026-01-22T00:00:00+00:00,2026-01-22T00:00:00+00:00
810,37,BAT-SUP-DSC-15-702,270.0,2026-01-07,2026-11-25,2026-01-22,2026-01-22T00:00:00+00:00,2026-01-22T00:00:00+00:00
811,42,BAT-PPE-GLV-LAT-L-728,300.0,2026-01-07,2027-06-10,2026-01-22,2026-01-22T00:00:00+00:00,2026-01-22T00:00:00+00:00
812,57,BAT-PPE-WIP-DIS-694,150.0,2026-01-07,2026-10-02,2026-01-22,2026-01-22T00:00:00+00:00,2026-01-22T00:00:00+00:00
813,6,BAT-MED-OME-20-718,420.0,2026-01-08,2027-01-13,2026-01-23,2026-01-23T00:00:00+00:00,2026-01-23T00:00:00+00:00
814,35,BAT-SUP-FOL-CAT-712,225.0,2026-01-08,2026-08-29,2026-01-23,2026-01-23T00:00:00+00:00,2026-01-23T00:00:00+00:00
815,49,BAT-PPE-GWN-STR-713,330.0,2026-01-08,2027-03-06,2026-01-23,2026-01-23T00:00:00+00:00,2026-01-23T00:00:00+00:00
816,67,BAT-SRG-STP-DSP-706,120.0,2026-01-08,2027-04-18,2026-01-23,2026-01-23T00:00:00+00:00,2026-01-23T00:00:00+00:00
817,99,BAT-LAB-HCG-CAS-699,375.0,2026-01-08,2026-10-12,2026-01-23,2026-01-23T00:00:00+00:00,2026-01-23T00:00:00+00:00
818,34,BAT-SUP-URN-BAG-721,375.0,2026-01-09,2026-08-25,2026-01-24,2026-01-24T00:00:00+00:00,2026-01-24T00:00:00+00:00
819,47,BAT-PPE-MSK-N95-736,1350.0,2026-01-09,2027-01-16,2026-01-24,2026-01-24T00:00:00+00:00,2026-01-24T00:00:00+00:00
820,62,BAT-SRG-VIC-20-715,75.0,2026-01-09,2026-12-31,2026-01-24,2026-01-24T00:00:00+00:00,2026-01-24T00:00:00+00:00
821,68,BAT-SRG-STP-REM-709,150.0,2026-01-09,2027-04-14,2026-01-24,2026-01-24T00:00:00+00:00,2026-01-24T00:00:00+00:00
822,75,BAT-SRG-FOL-18-722,150.0,2026-01-09,2026-10-26,2026-01-24,2026-01-24T00:00:00+00:00,2026-01-24T00:00:00+00:00
823,79,BAT-SRG-DRP-CS-717,90.0,2026-01-09,2026-10-23,2026-01-24,2026-01-24T00:00:00+00:00,2026-01-24T00:00:00+00:00
824,94,BAT-LAB-BLD-CUL-716,330.0,2026-01-09,2026-08-25,2026-01-24,2026-01-24T00:00:00+00:00,2026-01-24T00:00:00+00:00
825,1,BAT-MED-PCM-500-738,675.0,2026-01-10,2026-10-05,2026-01-25,2026-01-25T00:00:00+00:00,2026-01-25T00:00:00+00:00
826,73,BAT-SRG-BLD-22-720,30.0,2026-01-10,2027-01-07,2026-01-25,2026-01-25T00:00:00+00:00,2026-01-25T00:00:00+00:00
827,87,BAT-LAB-SYP-KIT-737,60.0,2026-01-10,2027-04-26,2026-01-25,2026-01-25T00:00:00+00:00,2026-01-25T00:00:00+00:00
828,9,BAT-MED-GAB-300-719,300.0,2026-01-11,2027-02-04,2026-01-26,2026-01-26T00:00:00+00:00,2026-01-26T00:00:00+00:00
829,46,BAT-PPE-GLV-NIT-S-730,270.0,2026-01-11,2027-03-13,2026-01-26,2026-01-26T00:00:00+00:00,2026-01-26T00:00:00+00:00
830,77,BAT-SRG-SKN-PEN-741,225.0,2026-01-11,2026-10-18,2026-01-26,2026-01-26T00:00:00+00:00,2026-01-26T00:00:00+00:00
831,82,BAT-LAB-SRM-SST-723,2700.0,2026-01-11,2027-07-18,2026-01-26,2026-01-26T00:00:00+00:00,2026-01-26T00:00:00+00:00
832,91,BAT-LAB-TRP-KIT-724,90.0,2026-01-11,2027-03-10,2026-01-26,2026-01-26T00:00:00+00:00,2026-01-26T00:00:00+00:00
833,27,BAT-SUP-ALC-PAD-731,180.0,2026-01-12,2027-02-14,2026-01-27,2026-01-27T00:00:00+00:00,2026-01-27T00:00:00+00:00
834,31,BAT-SUP-BND-3IN-742,675.0,2026-01-12,2027-05-12,2026-01-27,2026-01-27T00:00:00+00:00,2026-01-27T00:00:00+00:00
835,45,BAT-PPE-GLV-NIT-L-729,420.0,2026-01-12,2027-02-09,2026-01-27,2026-01-27T00:00:00+00:00,2026-01-27T00:00:00+00:00
836,18,BAT-MED-TRA-50-747,210.0,2026-01-13,2026-10-07,2026-01-28,2026-01-28T00:00:00+00:00,2026-01-28T00:00:00+00:00
837,55,BAT-PPE-SAN-500-734,210.0,2026-01-13,2027-07-11,2026-01-28,2026-01-28T00:00:00+00:00,2026-01-28T00:00:00+00:00
838,81,BAT-LAB-EDT-K2-732,3000.0,2026-01-13,2026-09-22,2026-01-28,2026-01-28T00:00:00+00:00,2026-01-28T00:00:00+00:00
839,5,BAT-MED-ATO-20-749,525.0,2026-01-14,2026-12-02,2026-01-29,2026-01-29T00:00:00+00:00,2026-01-29T00:00:00+00:00
840,20,BAT-MED-WAR-5-727,150.0,2026-01-14,2027-02-27,2026-01-29,2026-01-29T00:00:00+00:00,2026-01-29T00:00:00+00:00
841,25,BAT-SUP-IVC-22G-754,900.0,2026-01-14,2027-01-17,2026-01-29,2026-01-29T00:00:00+00:00,2026-01-29T00:00:00+00:00
842,28,BAT-SUP-CTN-ROL-745,225.0,2026-01-14,2026-09-17,2026-01-29,2026-01-29T00:00:00+00:00,2026-01-29T00:00:00+00:00
843,39,BAT-SUP-SAL-500-733,900.0,2026-01-14,2026-11-07,2026-01-29,2026-01-29T00:00:00+00:00,2026-01-29T00:00:00+00:00
844,58,BAT-PPE-BIO-LRG-746,600.0,2026-01-14,2026-11-16,2026-01-29,2026-01-29T00:00:00+00:00,2026-01-29T00:00:00+00:00
845,63,BAT-SRG-VIC-40-743,60.0,2026-01-14,2027-04-18,2026-01-29,2026-01-29T00:00:00+00:00,2026-01-29T00:00:00+00:00
846,93,BAT-LAB-RF-KIT-739,30.0,2026-01-14,2027-03-07,2026-01-29,2026-01-29T00:00:00+00:00,2026-01-29T00:00:00+00:00
847,11,BAT-MED-PAN-40-735,330.0,2026-01-15,2026-12-05,2026-01-30,2026-01-30T00:00:00+00:00,2026-01-30T00:00:00+00:00
848,76,BAT-SRG-TAP-2IN-740,210.0,2026-01-15,2027-06-07,2026-01-30,2026-01-30T00:00:00+00:00,2026-01-30T00:00:00+00:00
849,40,BAT-SUP-RIN-500-763,600.0,2026-01-16,2027-06-01,2026-01-31,2026-01-31T00:00:00+00:00,2026-01-31T00:00:00+00:00
850,83,BAT-LAB-SCT-TUBE-752,1500.0,2026-01-16,2026-08-15,2026-01-31,2026-01-31T00:00:00+00:00,2026-01-31T00:00:00+00:00
851,19,BAT-MED-MTP-25-759,420.0,2026-01-17,2027-02-03,2026-02-01,2026-02-01T00:00:00+00:00,2026-02-01T00:00:00+00:00
852,44,BAT-PPE-GLV-NIT-M-744,450.0,2026-01-17,2027-05-27,2026-02-01,2026-02-01T00:00:00+00:00,2026-02-01T00:00:00+00:00
853,30,BAT-SUP-BND-4IN-772,600.0,2026-01-18,2026-09-20,2026-02-02,2026-02-02T00:00:00+00:00,2026-02-02T00:00:00+00:00
854,56,BAT-PPE-SAN-100-751,300.0,2026-01-18,2026-11-04,2026-02-02,2026-02-02T00:00:00+00:00,2026-02-02T00:00:00+00:00
855,74,BAT-SRG-BNE-WAX-750,30.0,2026-01-18,2026-12-26,2026-02-02,2026-02-02T00:00:00+00:00,2026-02-02T00:00:00+00:00
856,89,BAT-LAB-HCG-STR-748,450.0,2026-01-18,2027-04-01,2026-02-02,2026-02-02T00:00:00+00:00,2026-02-02T00:00:00+00:00
857,2,BAT-MED-IBU-400-764,450.0,2026-01-19,2026-11-25,2026-02-03,2026-02-03T00:00:00+00:00,2026-02-03T00:00:00+00:00
858,3,BAT-MED-AMX-500-756,375.0,2026-01-19,2027-01-30,2026-02-03,2026-02-03T00:00:00+00:00,2026-02-03T00:00:00+00:00
859,8,BAT-MED-AZI-250-755,225.0,2026-01-19,2026-12-24,2026-02-03,2026-02-03T00:00:00+00:00,2026-02-03T00:00:00+00:00
860,13,BAT-MED-PRE-10-774,180.0,2026-01-19,2026-10-22,2026-02-03,2026-02-03T00:00:00+00:00,2026-02-03T00:00:00+00:00
861,41,BAT-PPE-GLV-LAT-M-771,375.0,2026-01-19,2026-11-14,2026-02-03,2026-02-03T00:00:00+00:00,2026-02-03T00:00:00+00:00
862,80,BAT-SRG-DRP-UNV-760,150.0,2026-01-19,2027-03-15,2026-02-03,2026-02-03T00:00:00+00:00,2026-02-03T00:00:00+00:00
863,4,BAT-MED-MET-500-782,600.0,2026-01-20,2026-09-12,2026-02-04,2026-02-04T00:00:00+00:00,2026-02-04T00:00:00+00:00
864,22,BAT-SUP-SYR-2ML-781,2250.0,2026-01-20,2026-09-13,2026-02-04,2026-02-04T00:00:00+00:00,2026-02-04T00:00:00+00:00
865,32,BAT-SUP-GZE-SWB-758,270.0,2026-01-20,2027-03-08,2026-02-04,2026-02-04T00:00:00+00:00,2026-02-04T00:00:00+00:00
866,50,BAT-PPE-GWN-DSP-780,525.0,2026-01-20,2026-11-28,2026-02-04,2026-02-04T00:00:00+00:00,2026-02-04T00:00:00+00:00
867,52,BAT-PPE-FSH-CLR-753,120.0,2026-01-20,2026-11-02,2026-02-04,2026-02-04T00:00:00+00:00,2026-02-04T00:00:00+00:00
868,53,BAT-PPE-SHC-DSP-779,90.0,2026-01-20,2027-05-16,2026-02-04,2026-02-04T00:00:00+00:00,2026-02-04T00:00:00+00:00
869,54,BAT-PPE-CAP-BLU-762,75.0,2026-01-20,2026-10-18,2026-02-04,2026-02-04T00:00:00+00:00,2026-02-04T00:00:00+00:00
870,59,BAT-PPE-BIO-MED-757,750.0,2026-01-20,2026-10-19,2026-02-04,2026-02-04T00:00:00+00:00,2026-02-04T00:00:00+00:00
871,65,BAT-SRG-SLK-20-768,60.0,2026-01-20,2027-02-04,2026-02-04,2026-02-04T00:00:00+00:00,2026-02-04T00:00:00+00:00
872,7,BAT-MED-AML-5-785,480.0,2026-01-21,2027-04-30,2026-02-05,2026-02-05T00:00:00+00:00,2026-02-05T00:00:00+00:00
873,21,BAT-SUP-SYR-5ML-761,1800.0,2026-01-21,2026-10-31,2026-02-05,2026-02-05T00:00:00+00:00,2026-02-05T00:00:00+00:00
874,36,BAT-SUP-DSC-11-770,300.0,2026-01-21,2027-02-15,2026-02-05,2026-02-05T00:00:00+00:00,2026-02-05T00:00:00+00:00
875,38,BAT-SUP-WTR-10ML-765,1500.0,2026-01-21,2026-11-13,2026-02-05,2026-02-05T00:00:00+00:00,2026-02-05T00:00:00+00:00
876,43,BAT-PPE-GLV-LAT-S-767,225.0,2026-01-21,2026-10-27,2026-02-05,2026-02-05T00:00:00+00:00,2026-02-05T00:00:00+00:00
877,69,BAT-SRG-NDL-EPI-769,180.0,2026-01-21,2027-02-21,2026-02-05,2026-02-05T00:00:00+00:00,2026-02-05T00:00:00+00:00
878,85,BAT-LAB-HIV-KIT-783,75.0,2026-01-21,2027-03-19,2026-02-05,2026-02-05T00:00:00+00:00,2026-02-05T00:00:00+00:00
879,95,BAT-LAB-MAL-KIT-775,225.0,2026-01-21,2027-03-05,2026-02-05,2026-02-05T00:00:00+00:00,2026-02-05T00:00:00+00:00
880,96,BAT-LAB-PIP-200-784,45.0,2026-01-21,2026-11-27,2026-02-05,2026-02-05T00:00:00+00:00,2026-02-05T00:00:00+00:00
881,12,BAT-MED-CET-10-773,270.0,2026-01-22,2026-12-31,2026-02-06,2026-02-06T00:00:00+00:00,2026-02-06T00:00:00+00:00
882,14,BAT-MED-CLO-75-766,375.0,2026-01-22,2027-07-19,2026-02-06,2026-02-06T00:00:00+00:00,2026-02-06T00:00:00+00:00
883,15,BAT-MED-MON-10-776,300.0,2026-01-22,2027-01-16,2026-02-06,2026-02-06T00:00:00+00:00,2026-02-06T00:00:00+00:00
884,23,BAT-SUP-SYR-10ML-793,1200.0,2026-01-22,2026-12-21,2026-02-06,2026-02-06T00:00:00+00:00,2026-02-06T00:00:00+00:00
885,88,BAT-LAB-URN-DIP-777,120.0,2026-01-22,2027-01-09,2026-02-06,2026-02-06T00:00:00+00:00,2026-02-06T00:00:00+00:00
886,97,BAT-LAB-PIP-1KW-787,30.0,2026-01-22,2026-11-14,2026-02-06,2026-02-06T00:00:00+00:00,2026-02-06T00:00:00+00:00
887,10,BAT-MED-LOS-50-778,450.0,2026-01-23,2027-07-28,2026-02-07,2026-02-07T00:00:00+00:00,2026-02-07T00:00:00+00:00
888,100,BAT-LAB-BGP-ANA-795,30.0,2026-01-23,2027-06-29,2026-02-07,2026-02-07T00:00:00+00:00,2026-02-07T00:00:00+00:00
889,29,BAT-SUP-ADH-PLST-797,120.0,2026-01-24,2027-07-19,2026-02-08,2026-02-08T00:00:00+00:00,2026-02-08T00:00:00+00:00
890,78,BAT-SRG-SUC-YNK-786,180.0,2026-01-24,2027-04-01,2026-02-08,2026-02-08T00:00:00+00:00,2026-02-08T00:00:00+00:00
891,86,BAT-LAB-HCV-KIT-796,60.0,2026-01-24,2026-10-08,2026-02-08,2026-02-08T00:00:00+00:00,2026-02-08T00:00:00+00:00
892,60,BAT-PPE-APR-WPR-801,60.0,2026-01-25,2027-02-25,2026-02-09,2026-02-09T00:00:00+00:00,2026-02-09T00:00:00+00:00
893,66,BAT-SRG-MON-40-792,45.0,2026-01-26,2026-09-27,2026-02-10,2026-02-10T00:00:00+00:00,2026-02-10T00:00:00+00:00
894,70,BAT-SRG-SUC-TUB-790,225.0,2026-01-26,2026-10-18,2026-02-10,2026-02-10T00:00:00+00:00,2026-02-10T00:00:00+00:00
895,71,BAT-SRG-LAP-SPN-804,375.0,2026-01-26,2027-07-19,2026-02-10,2026-02-10T00:00:00+00:00,2026-02-10T00:00:00+00:00
896,94,BAT-LAB-BLD-CUL-788,330.0,2026-01-26,2026-11-30,2026-02-10,2026-02-10T00:00:00+00:00,2026-02-10T00:00:00+00:00
897,17,BAT-MED-LEV-50-800,750.0,2026-01-27,2027-04-11,2026-02-11,2026-02-11T00:00:00+00:00,2026-02-11T00:00:00+00:00
898,24,BAT-SUP-IVC-20G-812,750.0,2026-01-27,2026-10-26,2026-02-11,2026-02-11T00:00:00+00:00,2026-02-11T00:00:00+00:00
899,26,BAT-SUP-IVC-18G-813,450.0,2026-01-27,2027-05-31,2026-02-11,2026-02-11T00:00:00+00:00,2026-02-11T00:00:00+00:00
900,61,BAT-SRG-VIC-30-794,90.0,2026-01-27,2027-06-27,2026-02-11,2026-02-11T00:00:00+00:00,2026-02-11T00:00:00+00:00
901,98,BAT-LAB-MIC-SLD-810,75.0,2026-01-27,2027-03-12,2026-02-11,2026-02-11T00:00:00+00:00,2026-02-11T00:00:00+00:00
902,16,BAT-MED-ALB-INH-789,120.0,2026-01-28,2026-09-09,2026-02-12,2026-02-12T00:00:00+00:00,2026-02-12T00:00:00+00:00
903,33,BAT-SUP-IVF-SET-814,1050.0,2026-01-28,2026-11-26,2026-02-12,2026-02-12T00:00:00+00:00,2026-02-12T00:00:00+00:00
904,42,BAT-PPE-GLV-LAT-L-820,300.0,2026-01-28,2026-09-21,2026-02-12,2026-02-12T00:00:00+00:00,2026-02-12T00:00:00+00:00
905,75,BAT-SRG-FOL-18-798,150.0,2026-01-28,2026-08-12,2026-02-12,2026-02-12T00:00:00+00:00,2026-02-12T00:00:00+00:00
906,84,BAT-LAB-GLU-STP-821,180.0,2026-01-28,2026-09-20,2026-02-12,2026-02-12T00:00:00+00:00,2026-02-12T00:00:00+00:00
907,6,BAT-MED-OME-20-802,420.0,2026-01-29,2027-05-01,2026-02-13,2026-02-13T00:00:00+00:00,2026-02-13T00:00:00+00:00
908,51,BAT-PPE-GOG-PRT-819,75.0,2026-01-29,2026-10-06,2026-02-13,2026-02-13T00:00:00+00:00,2026-02-13T00:00:00+00:00
909,90,BAT-LAB-DDM-KIT-823,45.0,2026-01-29,2027-05-21,2026-02-13,2026-02-13T00:00:00+00:00,2026-02-13T00:00:00+00:00
910,99,BAT-LAB-HCG-CAS-791,375.0,2026-01-29,2026-09-03,2026-02-13,2026-02-13T00:00:00+00:00,2026-02-13T00:00:00+00:00
911,34,BAT-SUP-URN-BAG-806,375.0,2026-01-30,2026-10-13,2026-02-14,2026-02-14T00:00:00+00:00,2026-02-14T00:00:00+00:00
912,64,BAT-SRG-SLK-30-808,75.0,2026-01-30,2027-06-17,2026-02-14,2026-02-14T00:00:00+00:00,2026-02-14T00:00:00+00:00
913,73,BAT-SRG-BLD-22-803,30.0,2026-01-30,2027-05-30,2026-02-14,2026-02-14T00:00:00+00:00,2026-02-14T00:00:00+00:00
914,77,BAT-SRG-SKN-PEN-827,225.0,2026-01-30,2027-02-26,2026-02-14,2026-02-14T00:00:00+00:00,2026-02-14T00:00:00+00:00
915,82,BAT-LAB-SRM-SST-805,2700.0,2026-01-30,2026-09-18,2026-02-14,2026-02-14T00:00:00+00:00,2026-02-14T00:00:00+00:00
916,9,BAT-MED-GAB-300-799,300.0,2026-01-31,2026-10-20,2026-02-15,2026-02-15T00:00:00+00:00,2026-02-15T00:00:00+00:00
917,47,BAT-PPE-MSK-N95-831,1350.0,2026-01-31,2026-11-19,2026-02-15,2026-02-15T00:00:00+00:00,2026-02-15T00:00:00+00:00
918,49,BAT-PPE-GWN-STR-807,330.0,2026-01-31,2027-02-19,2026-02-15,2026-02-15T00:00:00+00:00,2026-02-15T00:00:00+00:00
919,18,BAT-MED-TRA-50-838,210.0,2026-02-01,2027-01-20,2026-02-16,2026-02-16T00:00:00+00:00,2026-02-16T00:00:00+00:00
920,27,BAT-SUP-ALC-PAD-818,180.0,2026-02-01,2027-07-17,2026-02-16,2026-02-16T00:00:00+00:00,2026-02-16T00:00:00+00:00
921,35,BAT-SUP-FOL-CAT-816,225.0,2026-02-01,2027-06-01,2026-02-16,2026-02-16T00:00:00+00:00,2026-02-16T00:00:00+00:00
922,62,BAT-SRG-VIC-20-811,75.0,2026-02-01,2027-07-19,2026-02-16,2026-02-16T00:00:00+00:00,2026-02-16T00:00:00+00:00
923,67,BAT-SRG-STP-DSP-817,120.0,2026-02-01,2026-08-23,2026-02-16,2026-02-16T00:00:00+00:00,2026-02-16T00:00:00+00:00
924,1,BAT-MED-PCM-500-842,675.0,2026-02-02,2027-03-18,2026-02-17,2026-02-17T00:00:00+00:00,2026-02-17T00:00:00+00:00
925,37,BAT-SUP-DSC-15-815,270.0,2026-02-02,2027-07-14,2026-02-17,2026-02-17T00:00:00+00:00,2026-02-17T00:00:00+00:00
926,45,BAT-PPE-GLV-NIT-L-824,420.0,2026-02-02,2027-05-30,2026-02-17,2026-02-17T00:00:00+00:00,2026-02-17T00:00:00+00:00
927,57,BAT-PPE-WIP-DIS-809,150.0,2026-02-02,2027-06-21,2026-02-17,2026-02-17T00:00:00+00:00,2026-02-17T00:00:00+00:00
928,58,BAT-PPE-BIO-LRG-836,600.0,2026-02-02,2027-05-03,2026-02-17,2026-02-17T00:00:00+00:00,2026-02-17T00:00:00+00:00
929,76,BAT-SRG-TAP-2IN-822,210.0,2026-02-02,2027-05-24,2026-02-17,2026-02-17T00:00:00+00:00,2026-02-17T00:00:00+00:00
930,55,BAT-PPE-SAN-500-828,210.0,2026-02-03,2027-01-20,2026-02-18,2026-02-18T00:00:00+00:00,2026-02-18T00:00:00+00:00
931,79,BAT-SRG-DRP-CS-825,90.0,2026-02-03,2027-06-12,2026-02-18,2026-02-18T00:00:00+00:00,2026-02-18T00:00:00+00:00
932,92,BAT-LAB-CRP-KIT-845,30.0,2026-02-03,2026-12-20,2026-02-18,2026-02-18T00:00:00+00:00,2026-02-18T00:00:00+00:00
933,11,BAT-MED-PAN-40-826,330.0,2026-02-04,2026-12-27,2026-02-19,2026-02-19T00:00:00+00:00,2026-02-19T00:00:00+00:00
934,31,BAT-SUP-BND-3IN-848,675.0,2026-02-04,2027-07-09,2026-02-19,2026-02-19T00:00:00+00:00,2026-02-19T00:00:00+00:00
935,39,BAT-SUP-SAL-500-830,900.0,2026-02-04,2027-01-25,2026-02-19,2026-02-19T00:00:00+00:00,2026-02-19T00:00:00+00:00
936,46,BAT-PPE-GLV-NIT-S-834,270.0,2026-02-04,2027-03-26,2026-02-19,2026-02-19T00:00:00+00:00,2026-02-19T00:00:00+00:00
937,63,BAT-SRG-VIC-40-839,60.0,2026-02-04,2027-01-18,2026-02-19,2026-02-19T00:00:00+00:00,2026-02-19T00:00:00+00:00
938,87,BAT-LAB-SYP-KIT-846,60.0,2026-02-04,2027-03-01,2026-02-19,2026-02-19T00:00:00+00:00,2026-02-19T00:00:00+00:00
939,91,BAT-LAB-TRP-KIT-829,90.0,2026-02-04,2027-05-19,2026-02-19,2026-02-19T00:00:00+00:00,2026-02-19T00:00:00+00:00
940,5,BAT-MED-ATO-20-849,525.0,2026-02-05,2026-09-12,2026-02-20,2026-02-20T00:00:00+00:00,2026-02-20T00:00:00+00:00
941,30,BAT-SUP-BND-4IN-853,600.0,2026-02-05,2027-04-30,2026-02-20,2026-02-20T00:00:00+00:00,2026-02-20T00:00:00+00:00
942,13,BAT-MED-PRE-10-854,180.0,2026-02-06,2027-03-02,2026-02-21,2026-02-21T00:00:00+00:00,2026-02-21T00:00:00+00:00
943,21,BAT-SUP-SYR-5ML-835,1800.0,2026-02-06,2026-11-11,2026-02-21,2026-02-21T00:00:00+00:00,2026-02-21T00:00:00+00:00
944,40,BAT-SUP-RIN-500-857,600.0,2026-02-06,2027-06-02,2026-02-21,2026-02-21T00:00:00+00:00,2026-02-21T00:00:00+00:00
945,48,BAT-PPE-MSK-3PLY-833,225.0,2026-02-06,2027-07-26,2026-02-21,2026-02-21T00:00:00+00:00,2026-02-21T00:00:00+00:00
946,81,BAT-LAB-EDT-K2-837,3000.0,2026-02-06,2027-04-29,2026-02-21,2026-02-21T00:00:00+00:00,2026-02-21T00:00:00+00:00
947,89,BAT-LAB-HCG-STR-841,450.0,2026-02-06,2026-09-18,2026-02-21,2026-02-21T00:00:00+00:00,2026-02-21T00:00:00+00:00
948,20,BAT-MED-WAR-5-832,150.0,2026-02-07,2027-03-30,2026-02-22,2026-02-22T00:00:00+00:00,2026-02-22T00:00:00+00:00
949,28,BAT-SUP-CTN-ROL-859,225.0,2026-02-07,2026-12-01,2026-02-22,2026-02-22T00:00:00+00:00,2026-02-22T00:00:00+00:00
950,56,BAT-PPE-SAN-100-843,300.0,2026-02-07,2027-04-09,2026-02-22,2026-02-22T00:00:00+00:00,2026-02-22T00:00:00+00:00
951,68,BAT-SRG-STP-REM-840,150.0,2026-02-07,2027-06-01,2026-02-22,2026-02-22T00:00:00+00:00,2026-02-22T00:00:00+00:00
952,12,BAT-MED-CET-10-851,270.0,2026-02-08,2027-05-21,2026-02-23,2026-02-23T00:00:00+00:00,2026-02-23T00:00:00+00:00
953,25,BAT-SUP-IVC-22G-864,900.0,2026-02-08,2027-05-27,2026-02-23,2026-02-23T00:00:00+00:00,2026-02-23T00:00:00+00:00
954,32,BAT-SUP-GZE-SWB-844,270.0,2026-02-08,2027-07-18,2026-02-23,2026-02-23T00:00:00+00:00,2026-02-23T00:00:00+00:00
955,72,BAT-SRG-BLD-10-847,45.0,2026-02-08,2027-04-01,2026-02-23,2026-02-23T00:00:00+00:00,2026-02-23T00:00:00+00:00
956,80,BAT-SRG-DRP-UNV-852,150.0,2026-02-08,2027-03-25,2026-02-23,2026-02-23T00:00:00+00:00,2026-02-23T00:00:00+00:00
957,83,BAT-LAB-SCT-TUBE-855,1500.0,2026-02-08,2026-12-26,2026-02-23,2026-02-23T00:00:00+00:00,2026-02-23T00:00:00+00:00
958,50,BAT-PPE-GWN-DSP-866,525.0,2026-02-09,2026-11-24,2026-02-24,2026-02-24T00:00:00+00:00,2026-02-24T00:00:00+00:00
959,19,BAT-MED-MTP-25-868,420.0,2026-02-10,2027-01-02,2026-02-25,2026-02-25T00:00:00+00:00,2026-02-25T00:00:00+00:00
960,38,BAT-SUP-WTR-10ML-856,1500.0,2026-02-10,2027-03-28,2026-02-25,2026-02-25T00:00:00+00:00,2026-02-25T00:00:00+00:00
961,59,BAT-PPE-BIO-MED-850,750.0,2026-02-10,2026-12-22,2026-02-25,2026-02-25T00:00:00+00:00,2026-02-25T00:00:00+00:00
962,95,BAT-LAB-MAL-KIT-863,225.0,2026-02-10,2026-09-30,2026-02-25,2026-02-25T00:00:00+00:00,2026-02-25T00:00:00+00:00
963,3,BAT-MED-AMX-500-858,375.0,2026-02-11,2027-01-17,2026-02-26,2026-02-26T00:00:00+00:00,2026-02-26T00:00:00+00:00
964,43,BAT-PPE-GLV-LAT-S-860,225.0,2026-02-11,2027-03-01,2026-02-26,2026-02-26T00:00:00+00:00,2026-02-26T00:00:00+00:00
965,65,BAT-SRG-SLK-20-865,60.0,2026-02-11,2026-09-01,2026-02-26,2026-02-26T00:00:00+00:00,2026-02-26T00:00:00+00:00
966,14,BAT-MED-CLO-75-862,375.0,2026-02-12,2026-11-12,2026-02-27,2026-02-27T00:00:00+00:00,2026-02-27T00:00:00+00:00
967,23,BAT-SUP-SYR-10ML-882,1200.0,2026-02-12,2027-04-13,2026-02-27,2026-02-27T00:00:00+00:00,2026-02-27T00:00:00+00:00
968,44,BAT-PPE-GLV-NIT-M-861,450.0,2026-02-12,2027-05-17,2026-02-27,2026-02-27T00:00:00+00:00,2026-02-27T00:00:00+00:00
969,54,BAT-PPE-CAP-BLU-867,75.0,2026-02-12,2026-12-06,2026-02-27,2026-02-27T00:00:00+00:00,2026-02-27T00:00:00+00:00
970,86,BAT-LAB-HCV-KIT-877,60.0,2026-02-12,2027-03-28,2026-02-27,2026-02-27T00:00:00+00:00,2026-02-27T00:00:00+00:00
971,41,BAT-PPE-GLV-LAT-M-883,375.0,2026-02-13,2026-10-27,2026-02-28,2026-02-28T00:00:00+00:00,2026-02-28T00:00:00+00:00
972,2,BAT-MED-IBU-400-878,450.0,2026-02-14,2027-06-01,2026-03-01,2026-03-01T00:00:00+00:00,2026-03-01T00:00:00+00:00
973,7,BAT-MED-AML-5-886,480.0,2026-02-14,2026-11-30,2026-03-01,2026-03-01T00:00:00+00:00,2026-03-01T00:00:00+00:00
974,10,BAT-MED-LOS-50-869,450.0,2026-02-14,2027-05-11,2026-03-01,2026-03-01T00:00:00+00:00,2026-03-01T00:00:00+00:00
975,15,BAT-MED-MON-10-875,300.0,2026-02-14,2027-01-05,2026-03-01,2026-03-01T00:00:00+00:00,2026-03-01T00:00:00+00:00
976,36,BAT-SUP-DSC-11-871,300.0,2026-02-14,2026-09-11,2026-03-01,2026-03-01T00:00:00+00:00,2026-03-01T00:00:00+00:00
977,61,BAT-SRG-VIC-30-870,90.0,2026-02-14,2026-10-17,2026-03-01,2026-03-01T00:00:00+00:00,2026-03-01T00:00:00+00:00
978,78,BAT-SRG-SUC-YNK-881,180.0,2026-02-14,2026-11-21,2026-03-01,2026-03-01T00:00:00+00:00,2026-03-01T00:00:00+00:00
979,88,BAT-LAB-URN-DIP-874,120.0,2026-02-14,2027-02-25,2026-03-01,2026-03-01T00:00:00+00:00,2026-03-01T00:00:00+00:00
980,8,BAT-MED-AZI-250-876,225.0,2026-02-15,2026-09-09,2026-03-02,2026-03-02T00:00:00+00:00,2026-03-02T00:00:00+00:00
981,60,BAT-PPE-APR-WPR-887,60.0,2026-02-15,2027-03-20,2026-03-02,2026-03-02T00:00:00+00:00,2026-03-02T00:00:00+00:00
982,69,BAT-SRG-NDL-EPI-879,180.0,2026-02-15,2026-09-18,2026-03-02,2026-03-02T00:00:00+00:00,2026-03-02T00:00:00+00:00
983,85,BAT-LAB-HIV-KIT-890,75.0,2026-02-15,2027-05-22,2026-03-02,2026-03-02T00:00:00+00:00,2026-03-02T00:00:00+00:00
984,94,BAT-LAB-BLD-CUL-872,330.0,2026-02-15,2027-07-21,2026-03-02,2026-03-02T00:00:00+00:00,2026-03-02T00:00:00+00:00
985,96,BAT-LAB-PIP-200-893,45.0,2026-02-15,2027-02-20,2026-03-02,2026-03-02T00:00:00+00:00,2026-03-02T00:00:00+00:00
986,22,BAT-SUP-SYR-2ML-894,2250.0,2026-02-16,2027-02-06,2026-03-03,2026-03-03T00:00:00+00:00,2026-03-03T00:00:00+00:00
987,29,BAT-SUP-ADH-PLST-897,120.0,2026-02-16,2027-01-30,2026-03-03,2026-03-03T00:00:00+00:00,2026-03-03T00:00:00+00:00
988,93,BAT-LAB-RF-KIT-884,30.0,2026-02-16,2026-11-27,2026-03-03,2026-03-03T00:00:00+00:00,2026-03-03T00:00:00+00:00
989,4,BAT-MED-MET-500-899,600.0,2026-02-17,2027-03-26,2026-03-04,2026-03-04T00:00:00+00:00,2026-03-04T00:00:00+00:00
990,6,BAT-MED-OME-20-885,420.0,2026-02-17,2026-11-25,2026-03-04,2026-03-04T00:00:00+00:00,2026-03-04T00:00:00+00:00
991,16,BAT-MED-ALB-INH-873,120.0,2026-02-17,2027-07-28,2026-03-04,2026-03-04T00:00:00+00:00,2026-03-04T00:00:00+00:00
992,17,BAT-MED-LEV-50-891,750.0,2026-02-17,2027-01-11,2026-03-04,2026-03-04T00:00:00+00:00,2026-03-04T00:00:00+00:00
993,52,BAT-PPE-FSH-CLR-880,120.0,2026-02-17,2026-12-04,2026-03-04,2026-03-04T00:00:00+00:00,2026-03-04T00:00:00+00:00
994,18,BAT-MED-TRA-50-914,210.0,2026-02-18,2027-03-23,2026-03-05,2026-03-05T00:00:00+00:00,2026-03-05T00:00:00+00:00
995,24,BAT-SUP-IVC-20G-915,750.0,2026-02-18,2027-04-03,2026-03-05,2026-03-05T00:00:00+00:00,2026-03-05T00:00:00+00:00
996,42,BAT-PPE-GLV-LAT-L-911,300.0,2026-02-18,2027-03-24,2026-03-05,2026-03-05T00:00:00+00:00,2026-03-05T00:00:00+00:00
997,47,BAT-PPE-MSK-N95-910,1350.0,2026-02-18,2026-12-27,2026-03-05,2026-03-05T00:00:00+00:00,2026-03-05T00:00:00+00:00
998,51,BAT-PPE-GOG-PRT-904,75.0,2026-02-18,2027-01-03,2026-03-05,2026-03-05T00:00:00+00:00,2026-03-05T00:00:00+00:00
999,75,BAT-SRG-FOL-18-888,150.0,2026-02-18,2027-02-01,2026-03-05,2026-03-05T00:00:00+00:00,2026-03-05T00:00:00+00:00
1000,97,BAT-LAB-PIP-1KW-902,30.0,2026-02-18,2026-12-04,2026-03-05,2026-03-05T00:00:00+00:00,2026-03-05T00:00:00+00:00
1001,100,BAT-LAB-BGP-ANA-906,30.0,2026-02-18,2027-05-21,2026-03-05,2026-03-05T00:00:00+00:00,2026-03-05T00:00:00+00:00
1002,49,BAT-PPE-GWN-STR-892,330.0,2026-02-19,2026-12-26,2026-03-06,2026-03-06T00:00:00+00:00,2026-03-06T00:00:00+00:00
1003,53,BAT-PPE-SHC-DSP-913,90.0,2026-02-19,2027-02-20,2026-03-06,2026-03-06T00:00:00+00:00,2026-03-06T00:00:00+00:00
1004,71,BAT-SRG-LAP-SPN-908,375.0,2026-02-19,2026-11-12,2026-03-06,2026-03-06T00:00:00+00:00,2026-03-06T00:00:00+00:00
1005,74,BAT-SRG-BNE-WAX-889,30.0,2026-02-19,2027-03-21,2026-03-06,2026-03-06T00:00:00+00:00,2026-03-06T00:00:00+00:00
1006,98,BAT-LAB-MIC-SLD-912,75.0,2026-02-19,2027-01-18,2026-03-06,2026-03-06T00:00:00+00:00,2026-03-06T00:00:00+00:00
1007,55,BAT-PPE-SAN-500-900,210.0,2026-02-20,2026-11-21,2026-03-07,2026-03-07T00:00:00+00:00,2026-03-07T00:00:00+00:00
1008,1,BAT-MED-PCM-500-922,675.0,2026-02-21,2026-09-13,2026-03-08,2026-03-08T00:00:00+00:00,2026-03-08T00:00:00+00:00
1009,34,BAT-SUP-URN-BAG-901,375.0,2026-02-21,2026-09-06,2026-03-08,2026-03-08T00:00:00+00:00,2026-03-08T00:00:00+00:00
1010,35,BAT-SUP-FOL-CAT-896,225.0,2026-02-21,2027-04-22,2026-03-08,2026-03-08T00:00:00+00:00,2026-03-08T00:00:00+00:00
1011,82,BAT-LAB-SRM-SST-898,2700.0,2026-02-21,2027-04-19,2026-03-08,2026-03-08T00:00:00+00:00,2026-03-08T00:00:00+00:00
1012,84,BAT-LAB-GLU-STP-925,180.0,2026-02-21,2026-10-12,2026-03-08,2026-03-08T00:00:00+00:00,2026-03-08T00:00:00+00:00
1013,26,BAT-SUP-IVC-18G-933,450.0,2026-02-22,2027-02-16,2026-03-09,2026-03-09T00:00:00+00:00,2026-03-09T00:00:00+00:00
1014,40,BAT-SUP-RIN-500-932,600.0,2026-02-22,2027-02-16,2026-03-09,2026-03-09T00:00:00+00:00,2026-03-09T00:00:00+00:00
1015,63,BAT-SRG-VIC-40-917,60.0,2026-02-22,2027-03-01,2026-03-09,2026-03-09T00:00:00+00:00,2026-03-09T00:00:00+00:00
1016,67,BAT-SRG-STP-DSP-905,120.0,2026-02-22,2027-08-24,2026-03-09,2026-03-09T00:00:00+00:00,2026-03-09T00:00:00+00:00
1017,70,BAT-SRG-SUC-TUB-909,225.0,2026-02-22,2027-03-24,2026-03-09,2026-03-09T00:00:00+00:00,2026-03-09T00:00:00+00:00
1018,99,BAT-LAB-HCG-CAS-895,375.0,2026-02-22,2026-12-11,2026-03-09,2026-03-09T00:00:00+00:00,2026-03-09T00:00:00+00:00
1019,33,BAT-SUP-IVF-SET-930,1050.0,2026-02-23,2027-05-25,2026-03-10,2026-03-10T00:00:00+00:00,2026-03-10T00:00:00+00:00
1020,37,BAT-SUP-DSC-15-907,270.0,2026-02-23,2027-01-02,2026-03-10,2026-03-10T00:00:00+00:00,2026-03-10T00:00:00+00:00
1021,45,BAT-PPE-GLV-NIT-L-916,420.0,2026-02-23,2027-05-20,2026-03-10,2026-03-10T00:00:00+00:00,2026-03-10T00:00:00+00:00
1022,9,BAT-MED-GAB-300-903,300.0,2026-02-24,2026-09-11,2026-03-11,2026-03-11T00:00:00+00:00,2026-03-11T00:00:00+00:00
1023,46,BAT-PPE-GLV-NIT-S-923,270.0,2026-02-24,2027-01-20,2026-03-11,2026-03-11T00:00:00+00:00,2026-03-11T00:00:00+00:00
1024,50,BAT-PPE-GWN-DSP-936,525.0,2026-02-24,2026-11-14,2026-03-11,2026-03-11T00:00:00+00:00,2026-03-11T00:00:00+00:00
1025,39,BAT-SUP-SAL-500-919,900.0,2026-02-25,2027-08-21,2026-03-12,2026-03-12T00:00:00+00:00,2026-03-12T00:00:00+00:00
1026,48,BAT-PPE-MSK-3PLY-918,225.0,2026-02-25,2027-08-27,2026-03-12,2026-03-12T00:00:00+00:00,2026-03-12T00:00:00+00:00
1027,64,BAT-SRG-SLK-30-924,75.0,2026-02-25,2026-10-14,2026-03-12,2026-03-12T00:00:00+00:00,2026-03-12T00:00:00+00:00
1028,66,BAT-SRG-MON-40-921,45.0,2026-02-25,2027-03-26,2026-03-12,2026-03-12T00:00:00+00:00,2026-03-12T00:00:00+00:00
1029,76,BAT-SRG-TAP-2IN-920,210.0,2026-02-25,2027-06-08,2026-03-12,2026-03-12T00:00:00+00:00,2026-03-12T00:00:00+00:00
1030,87,BAT-LAB-SYP-KIT-942,60.0,2026-02-25,2026-10-25,2026-03-12,2026-03-12T00:00:00+00:00,2026-03-12T00:00:00+00:00
1031,13,BAT-MED-PRE-10-946,180.0,2026-02-26,2027-03-29,2026-03-13,2026-03-13T00:00:00+00:00,2026-03-13T00:00:00+00:00
1032,27,BAT-SUP-ALC-PAD-928,180.0,2026-02-26,2027-05-24,2026-03-13,2026-03-13T00:00:00+00:00,2026-03-13T00:00:00+00:00
1033,28,BAT-SUP-CTN-ROL-945,225.0,2026-02-26,2027-01-23,2026-03-13,2026-03-13T00:00:00+00:00,2026-03-13T00:00:00+00:00
1034,62,BAT-SRG-VIC-20-926,75.0,2026-02-26,2027-06-02,2026-03-13,2026-03-13T00:00:00+00:00,2026-03-13T00:00:00+00:00
1035,77,BAT-SRG-SKN-PEN-949,225.0,2026-02-26,2026-10-15,2026-03-13,2026-03-13T00:00:00+00:00,2026-03-13T00:00:00+00:00
1036,80,BAT-SRG-DRP-UNV-937,150.0,2026-02-26,2026-09-24,2026-03-13,2026-03-13T00:00:00+00:00,2026-03-13T00:00:00+00:00
1037,91,BAT-LAB-TRP-KIT-927,90.0,2026-02-26,2027-03-21,2026-03-13,2026-03-13T00:00:00+00:00,2026-03-13T00:00:00+00:00
1038,21,BAT-SUP-SYR-5ML-929,1800.0,2026-02-27,2027-07-02,2026-03-14,2026-03-14T00:00:00+00:00,2026-03-14T00:00:00+00:00
1039,90,BAT-LAB-DDM-KIT-950,45.0,2026-02-27,2027-04-28,2026-03-14,2026-03-14T00:00:00+00:00,2026-03-14T00:00:00+00:00
1040,95,BAT-LAB-MAL-KIT-940,225.0,2026-02-27,2027-03-30,2026-03-14,2026-03-14T00:00:00+00:00,2026-03-14T00:00:00+00:00
1041,12,BAT-MED-CET-10-941,270.0,2026-02-28,2027-03-09,2026-03-15,2026-03-15T00:00:00+00:00,2026-03-15T00:00:00+00:00
1042,31,BAT-SUP-BND-3IN-952,675.0,2026-02-28,2026-12-01,2026-03-15,2026-03-15T00:00:00+00:00,2026-03-15T00:00:00+00:00
1043,68,BAT-SRG-STP-REM-931,150.0,2026-02-28,2027-05-13,2026-03-15,2026-03-15T00:00:00+00:00,2026-03-15T00:00:00+00:00
1044,73,BAT-SRG-BLD-22-938,30.0,2026-02-28,2027-01-05,2026-03-15,2026-03-15T00:00:00+00:00,2026-03-15T00:00:00+00:00
1045,11,BAT-MED-PAN-40-934,330.0,2026-03-01,2027-08-25,2026-03-16,2026-03-16T00:00:00+00:00,2026-03-16T00:00:00+00:00
1046,58,BAT-PPE-BIO-LRG-955,600.0,2026-03-01,2027-08-23,2026-03-16,2026-03-16T00:00:00+00:00,2026-03-16T00:00:00+00:00
1047,92,BAT-LAB-CRP-KIT-957,30.0,2026-03-01,2026-10-19,2026-03-16,2026-03-16T00:00:00+00:00,2026-03-16T00:00:00+00:00
1048,14,BAT-MED-CLO-75-943,375.0,2026-03-02,2027-05-01,2026-03-17,2026-03-17T00:00:00+00:00,2026-03-17T00:00:00+00:00
1049,20,BAT-MED-WAR-5-935,150.0,2026-03-02,2026-10-05,2026-03-17,2026-03-17T00:00:00+00:00,2026-03-17T00:00:00+00:00
1050,25,BAT-SUP-IVC-22G-966,900.0,2026-03-02,2027-05-23,2026-03-17,2026-03-17T00:00:00+00:00,2026-03-17T00:00:00+00:00
1051,30,BAT-SUP-BND-4IN-961,600.0,2026-03-02,2026-10-02,2026-03-17,2026-03-17T00:00:00+00:00,2026-03-17T00:00:00+00:00
1052,79,BAT-SRG-DRP-CS-944,90.0,2026-03-02,2027-08-02,2026-03-17,2026-03-17T00:00:00+00:00,2026-03-17T00:00:00+00:00
1053,89,BAT-LAB-HCG-STR-947,450.0,2026-03-02,2027-01-24,2026-03-17,2026-03-17T00:00:00+00:00,2026-03-17T00:00:00+00:00
1054,5,BAT-MED-ATO-20-962,525.0,2026-03-03,2027-06-21,2026-03-18,2026-03-18T00:00:00+00:00,2026-03-18T00:00:00+00:00
1055,41,BAT-PPE-GLV-LAT-M-964,375.0,2026-03-03,2026-09-27,2026-03-18,2026-03-18T00:00:00+00:00,2026-03-18T00:00:00+00:00
1056,56,BAT-PPE-SAN-100-951,300.0,2026-03-03,2026-10-01,2026-03-18,2026-03-18T00:00:00+00:00,2026-03-18T00:00:00+00:00
1057,57,BAT-PPE-WIP-DIS-939,150.0,2026-03-03,2027-04-30,2026-03-18,2026-03-18T00:00:00+00:00,2026-03-18T00:00:00+00:00
1058,3,BAT-MED-AMX-500-953,375.0,2026-03-04,2027-02-04,2026-03-19,2026-03-19T00:00:00+00:00,2026-03-19T00:00:00+00:00
1059,19,BAT-MED-MTP-25-969,420.0,2026-03-04,2027-05-13,2026-03-19,2026-03-19T00:00:00+00:00,2026-03-19T00:00:00+00:00
1060,59,BAT-PPE-BIO-MED-948,750.0,2026-03-04,2026-10-12,2026-03-19,2026-03-19T00:00:00+00:00,2026-03-19T00:00:00+00:00
1061,32,BAT-SUP-GZE-SWB-954,270.0,2026-03-05,2027-09-06,2026-03-20,2026-03-20T00:00:00+00:00,2026-03-20T00:00:00+00:00
1062,38,BAT-SUP-WTR-10ML-958,1500.0,2026-03-05,2027-07-28,2026-03-20,2026-03-20T00:00:00+00:00,2026-03-20T00:00:00+00:00
1063,44,BAT-PPE-GLV-NIT-M-956,450.0,2026-03-05,2027-06-10,2026-03-20,2026-03-20T00:00:00+00:00,2026-03-20T00:00:00+00:00
1064,8,BAT-MED-AZI-250-960,225.0,2026-03-06,2027-04-07,2026-03-21,2026-03-21T00:00:00+00:00,2026-03-21T00:00:00+00:00
1065,36,BAT-SUP-DSC-11-965,300.0,2026-03-06,2027-01-06,2026-03-21,2026-03-21T00:00:00+00:00,2026-03-21T00:00:00+00:00
1066,60,BAT-PPE-APR-WPR-972,60.0,2026-03-06,2027-07-23,2026-03-21,2026-03-21T00:00:00+00:00,2026-03-21T00:00:00+00:00
1067,72,BAT-SRG-BLD-10-959,45.0,2026-03-06,2027-05-21,2026-03-21,2026-03-21T00:00:00+00:00,2026-03-21T00:00:00+00:00
1068,78,BAT-SRG-SUC-YNK-970,180.0,2026-03-07,2026-12-24,2026-03-22,2026-03-22T00:00:00+00:00,2026-03-22T00:00:00+00:00
1069,94,BAT-LAB-BLD-CUL-963,330.0,2026-03-07,2027-07-31,2026-03-22,2026-03-22T00:00:00+00:00,2026-03-22T00:00:00+00:00
1070,22,BAT-SUP-SYR-2ML-982,2250.0,2026-03-08,2027-05-19,2026-03-23,2026-03-23T00:00:00+00:00,2026-03-23T00:00:00+00:00
1071,71,BAT-SRG-LAP-SPN-980,375.0,2026-03-08,2027-02-04,2026-03-23,2026-03-23T00:00:00+00:00,2026-03-23T00:00:00+00:00
1072,7,BAT-MED-AML-5-989,480.0,2026-03-09,2027-04-15,2026-03-24,2026-03-24T00:00:00+00:00,2026-03-24T00:00:00+00:00
1073,16,BAT-MED-ALB-INH-967,120.0,2026-03-09,2027-05-18,2026-03-24,2026-03-24T00:00:00+00:00,2026-03-24T00:00:00+00:00
1074,23,BAT-SUP-SYR-10ML-992,1200.0,2026-03-09,2026-11-27,2026-03-24,2026-03-24T00:00:00+00:00,2026-03-24T00:00:00+00:00
1075,52,BAT-PPE-FSH-CLR-968,120.0,2026-03-09,2026-11-04,2026-03-24,2026-03-24T00:00:00+00:00,2026-03-24T00:00:00+00:00
1076,83,BAT-LAB-SCT-TUBE-975,1500.0,2026-03-09,2027-09-10,2026-03-24,2026-03-24T00:00:00+00:00,2026-03-24T00:00:00+00:00
1077,85,BAT-LAB-HIV-KIT-983,75.0,2026-03-09,2026-10-22,2026-03-24,2026-03-24T00:00:00+00:00,2026-03-24T00:00:00+00:00
1078,86,BAT-LAB-HCV-KIT-986,60.0,2026-03-09,2027-07-05,2026-03-24,2026-03-24T00:00:00+00:00,2026-03-24T00:00:00+00:00
1079,15,BAT-MED-MON-10-976,300.0,2026-03-10,2026-12-16,2026-03-25,2026-03-25T00:00:00+00:00,2026-03-25T00:00:00+00:00
1080,34,BAT-SUP-URN-BAG-977,375.0,2026-03-10,2026-11-16,2026-03-25,2026-03-25T00:00:00+00:00,2026-03-25T00:00:00+00:00
1081,43,BAT-PPE-GLV-LAT-S-978,225.0,2026-03-10,2026-12-03,2026-03-25,2026-03-25T00:00:00+00:00,2026-03-25T00:00:00+00:00
1082,61,BAT-SRG-VIC-30-971,90.0,2026-03-10,2027-05-04,2026-03-25,2026-03-25T00:00:00+00:00,2026-03-25T00:00:00+00:00
1083,69,BAT-SRG-NDL-EPI-973,180.0,2026-03-10,2026-10-24,2026-03-25,2026-03-25T00:00:00+00:00,2026-03-25T00:00:00+00:00
1084,96,BAT-LAB-PIP-200-991,45.0,2026-03-10,2027-07-26,2026-03-25,2026-03-25T00:00:00+00:00,2026-03-25T00:00:00+00:00
1085,2,BAT-MED-IBU-400-985,450.0,2026-03-11,2027-07-17,2026-03-26,2026-03-26T00:00:00+00:00,2026-03-26T00:00:00+00:00
1086,17,BAT-MED-LEV-50-984,750.0,2026-03-11,2026-12-26,2026-03-26,2026-03-26T00:00:00+00:00,2026-03-26T00:00:00+00:00
1087,35,BAT-SUP-FOL-CAT-974,225.0,2026-03-11,2027-09-08,2026-03-26,2026-03-26T00:00:00+00:00,2026-03-26T00:00:00+00:00
1088,54,BAT-PPE-CAP-BLU-981,75.0,2026-03-11,2027-05-21,2026-03-26,2026-03-26T00:00:00+00:00,2026-03-26T00:00:00+00:00
1089,88,BAT-LAB-URN-DIP-979,120.0,2026-03-11,2026-10-06,2026-03-26,2026-03-26T00:00:00+00:00,2026-03-26T00:00:00+00:00
1090,4,BAT-MED-MET-500-1000,600.0,2026-03-12,2027-05-07,2026-03-27,2026-03-27T00:00:00+00:00,2026-03-27T00:00:00+00:00
1091,24,BAT-SUP-IVC-20G-1004,750.0,2026-03-12,2027-06-12,2026-03-27,2026-03-27T00:00:00+00:00,2026-03-27T00:00:00+00:00
1092,97,BAT-LAB-PIP-1KW-999,30.0,2026-03-12,2026-11-14,2026-03-27,2026-03-27T00:00:00+00:00,2026-03-27T00:00:00+00:00
1093,18,BAT-MED-TRA-50-1007,210.0,2026-03-13,2027-03-16,2026-03-28,2026-03-28T00:00:00+00:00,2026-03-28T00:00:00+00:00
1094,51,BAT-PPE-GOG-PRT-1005,75.0,2026-03-13,2027-01-16,2026-03-28,2026-03-28T00:00:00+00:00,2026-03-28T00:00:00+00:00
1095,53,BAT-PPE-SHC-DSP-1001,90.0,2026-03-13,2027-09-08,2026-03-28,2026-03-28T00:00:00+00:00,2026-03-28T00:00:00+00:00
1096,65,BAT-SRG-SLK-20-996,60.0,2026-03-13,2026-12-05,2026-03-28,2026-03-28T00:00:00+00:00,2026-03-28T00:00:00+00:00
1097,70,BAT-SRG-SUC-TUB-990,225.0,2026-03-13,2026-11-10,2026-03-28,2026-03-28T00:00:00+00:00,2026-03-28T00:00:00+00:00
1098,81,BAT-LAB-EDT-K2-987,3000.0,2026-03-13,2026-09-24,2026-03-28,2026-03-28T00:00:00+00:00,2026-03-28T00:00:00+00:00
1099,29,BAT-SUP-ADH-PLST-1018,120.0,2026-03-14,2027-04-05,2026-03-29,2026-03-29T00:00:00+00:00,2026-03-29T00:00:00+00:00
1100,42,BAT-PPE-GLV-LAT-L-1016,300.0,2026-03-14,2027-04-02,2026-03-29,2026-03-29T00:00:00+00:00,2026-03-29T00:00:00+00:00
1101,82,BAT-LAB-SRM-SST-988,2700.0,2026-03-14,2027-04-01,2026-03-29,2026-03-29T00:00:00+00:00,2026-03-29T00:00:00+00:00
1102,93,BAT-LAB-RF-KIT-995,30.0,2026-03-14,2027-04-12,2026-03-29,2026-03-29T00:00:00+00:00,2026-03-29T00:00:00+00:00
1103,10,BAT-MED-LOS-50-998,450.0,2026-03-15,2027-08-26,2026-03-30,2026-03-30T00:00:00+00:00,2026-03-30T00:00:00+00:00
1104,33,BAT-SUP-IVF-SET-1011,1050.0,2026-03-15,2027-05-28,2026-03-30,2026-03-30T00:00:00+00:00,2026-03-30T00:00:00+00:00
1105,49,BAT-PPE-GWN-STR-994,330.0,2026-03-15,2027-02-07,2026-03-30,2026-03-30T00:00:00+00:00,2026-03-30T00:00:00+00:00
1106,100,BAT-LAB-BGP-ANA-1012,30.0,2026-03-15,2027-09-09,2026-03-30,2026-03-30T00:00:00+00:00,2026-03-30T00:00:00+00:00
1107,1,BAT-MED-PCM-500-1030,675.0,2026-03-16,2027-07-17,2026-03-31,2026-03-31T00:00:00+00:00,2026-03-31T00:00:00+00:00
1108,6,BAT-MED-OME-20-1006,420.0,2026-03-16,2027-01-22,2026-03-31,2026-03-31T00:00:00+00:00,2026-03-31T00:00:00+00:00
1109,9,BAT-MED-GAB-300-993,300.0,2026-03-16,2027-08-30,2026-03-31,2026-03-31T00:00:00+00:00,2026-03-31T00:00:00+00:00
1110,40,BAT-SUP-RIN-500-1031,600.0,2026-03-16,2027-09-22,2026-03-31,2026-03-31T00:00:00+00:00,2026-03-31T00:00:00+00:00
1111,50,BAT-PPE-GWN-DSP-1023,525.0,2026-03-16,2027-07-26,2026-03-31,2026-03-31T00:00:00+00:00,2026-03-31T00:00:00+00:00
1112,75,BAT-SRG-FOL-18-1002,150.0,2026-03-16,2027-07-06,2026-03-31,2026-03-31T00:00:00+00:00,2026-03-31T00:00:00+00:00
1113,84,BAT-LAB-GLU-STP-1025,180.0,2026-03-16,2027-03-30,2026-03-31,2026-03-31T00:00:00+00:00,2026-03-31T00:00:00+00:00
1114,13,BAT-MED-PRE-10-1032,180.0,2026-03-17,2027-01-10,2026-04-01,2026-04-01T00:00:00+00:00,2026-04-01T00:00:00+00:00
1115,26,BAT-SUP-IVC-18G-1033,450.0,2026-03-17,2027-01-02,2026-04-01,2026-04-01T00:00:00+00:00,2026-04-01T00:00:00+00:00
1116,31,BAT-SUP-BND-3IN-1027,675.0,2026-03-17,2026-12-25,2026-04-01,2026-04-01T00:00:00+00:00,2026-04-01T00:00:00+00:00
1117,47,BAT-PPE-MSK-N95-1034,1350.0,2026-03-17,2027-04-18,2026-04-01,2026-04-01T00:00:00+00:00,2026-04-01T00:00:00+00:00
1118,64,BAT-SRG-SLK-30-1008,75.0,2026-03-17,2027-08-31,2026-04-01,2026-04-01T00:00:00+00:00,2026-04-01T00:00:00+00:00
1119,67,BAT-SRG-STP-DSP-1003,120.0,2026-03-17,2027-03-02,2026-04-01,2026-04-01T00:00:00+00:00,2026-04-01T00:00:00+00:00
1120,99,BAT-LAB-HCG-CAS-997,375.0,2026-03-17,2026-10-24,2026-04-01,2026-04-01T00:00:00+00:00,2026-04-01T00:00:00+00:00
1121,55,BAT-PPE-SAN-500-1014,210.0,2026-03-18,2027-01-11,2026-04-02,2026-04-02T00:00:00+00:00,2026-04-02T00:00:00+00:00
1122,58,BAT-PPE-BIO-LRG-1039,600.0,2026-03-18,2027-09-16,2026-04-02,2026-04-02T00:00:00+00:00,2026-04-02T00:00:00+00:00
1123,76,BAT-SRG-TAP-2IN-1009,210.0,2026-03-18,2027-04-12,2026-04-02,2026-04-02T00:00:00+00:00,2026-04-02T00:00:00+00:00
1124,80,BAT-SRG-DRP-UNV-1021,150.0,2026-03-18,2026-10-04,2026-04-02,2026-04-02T00:00:00+00:00,2026-04-02T00:00:00+00:00
1125,98,BAT-LAB-MIC-SLD-1037,75.0,2026-03-18,2026-09-29,2026-04-02,2026-04-02T00:00:00+00:00,2026-04-02T00:00:00+00:00
1126,28,BAT-SUP-CTN-ROL-1042,225.0,2026-03-19,2027-03-18,2026-04-03,2026-04-03T00:00:00+00:00,2026-04-03T00:00:00+00:00
1127,39,BAT-SUP-SAL-500-1013,900.0,2026-03-19,2026-10-30,2026-04-03,2026-04-03T00:00:00+00:00,2026-04-03T00:00:00+00:00
1128,62,BAT-SRG-VIC-20-1017,75.0,2026-03-19,2027-06-23,2026-04-03,2026-04-03T00:00:00+00:00,2026-04-03T00:00:00+00:00
1129,63,BAT-SRG-VIC-40-1026,60.0,2026-03-19,2027-01-01,2026-04-03,2026-04-03T00:00:00+00:00,2026-04-03T00:00:00+00:00
1130,66,BAT-SRG-MON-40-1022,45.0,2026-03-19,2027-04-20,2026-04-03,2026-04-03T00:00:00+00:00,2026-04-03T00:00:00+00:00
1131,74,BAT-SRG-BNE-WAX-1010,30.0,2026-03-19,2027-05-27,2026-04-03,2026-04-03T00:00:00+00:00,2026-04-03T00:00:00+00:00
1132,77,BAT-SRG-SKN-PEN-1044,225.0,2026-03-19,2026-10-21,2026-04-03,2026-04-03T00:00:00+00:00,2026-04-03T00:00:00+00:00
1133,14,BAT-MED-CLO-75-1019,375.0,2026-03-20,2027-03-26,2026-04-04,2026-04-04T00:00:00+00:00,2026-04-04T00:00:00+00:00
1134,19,BAT-MED-MTP-25-1047,420.0,2026-03-20,2027-04-12,2026-04-04,2026-04-04T00:00:00+00:00,2026-04-04T00:00:00+00:00
1135,27,BAT-SUP-ALC-PAD-1029,180.0,2026-03-20,2027-04-02,2026-04-04,2026-04-04T00:00:00+00:00,2026-04-04T00:00:00+00:00
1136,37,BAT-SUP-DSC-15-1015,270.0,2026-03-20,2026-10-27,2026-04-04,2026-04-04T00:00:00+00:00,2026-04-04T00:00:00+00:00
1137,45,BAT-PPE-GLV-NIT-L-1028,420.0,2026-03-20,2027-01-20,2026-04-04,2026-04-04T00:00:00+00:00,2026-04-04T00:00:00+00:00
1138,90,BAT-LAB-DDM-KIT-1045,45.0,2026-03-20,2027-05-31,2026-04-04,2026-04-04T00:00:00+00:00,2026-04-04T00:00:00+00:00
1139,11,BAT-MED-PAN-40-1020,330.0,2026-03-21,2027-02-08,2026-04-05,2026-04-05T00:00:00+00:00,2026-04-05T00:00:00+00:00
1140,12,BAT-MED-CET-10-1035,270.0,2026-03-21,2027-06-02,2026-04-05,2026-04-05T00:00:00+00:00,2026-04-05T00:00:00+00:00
1141,79,BAT-SRG-DRP-CS-1024,90.0,2026-03-21,2026-12-21,2026-04-05,2026-04-05T00:00:00+00:00,2026-04-05T00:00:00+00:00
1142,21,BAT-SUP-SYR-5ML-1038,1800.0,2026-03-22,2027-06-08,2026-04-06,2026-04-06T00:00:00+00:00,2026-04-06T00:00:00+00:00
1143,25,BAT-SUP-IVC-22G-1053,900.0,2026-03-22,2027-09-12,2026-04-06,2026-04-06T00:00:00+00:00,2026-04-06T00:00:00+00:00
1144,30,BAT-SUP-BND-4IN-1055,600.0,2026-03-22,2027-04-01,2026-04-06,2026-04-06T00:00:00+00:00,2026-04-06T00:00:00+00:00
1145,48,BAT-PPE-MSK-3PLY-1036,225.0,2026-03-23,2027-06-07,2026-04-07,2026-04-07T00:00:00+00:00,2026-04-07T00:00:00+00:00
1146,91,BAT-LAB-TRP-KIT-1040,90.0,2026-03-23,2027-04-12,2026-04-07,2026-04-07T00:00:00+00:00,2026-04-07T00:00:00+00:00
1147,46,BAT-PPE-GLV-NIT-S-1051,270.0,2026-03-24,2027-08-11,2026-04-08,2026-04-08T00:00:00+00:00,2026-04-08T00:00:00+00:00
1148,68,BAT-SRG-STP-REM-1041,150.0,2026-03-24,2026-10-12,2026-04-08,2026-04-08T00:00:00+00:00,2026-04-08T00:00:00+00:00
1149,57,BAT-PPE-WIP-DIS-1043,150.0,2026-03-25,2027-01-17,2026-04-09,2026-04-09T00:00:00+00:00,2026-04-09T00:00:00+00:00
1150,59,BAT-PPE-BIO-MED-1048,750.0,2026-03-25,2026-11-14,2026-04-09,2026-04-09T00:00:00+00:00,2026-04-09T00:00:00+00:00
1151,87,BAT-LAB-SYP-KIT-1062,60.0,2026-03-25,2026-10-07,2026-04-09,2026-04-09T00:00:00+00:00,2026-04-09T00:00:00+00:00
1152,94,BAT-LAB-BLD-CUL-1049,330.0,2026-03-25,2027-05-18,2026-04-09,2026-04-09T00:00:00+00:00,2026-04-09T00:00:00+00:00
1153,20,BAT-MED-WAR-5-1046,150.0,2026-03-26,2026-12-27,2026-04-10,2026-04-10T00:00:00+00:00,2026-04-10T00:00:00+00:00
1154,32,BAT-SUP-GZE-SWB-1052,270.0,2026-03-26,2027-04-09,2026-04-10,2026-04-10T00:00:00+00:00,2026-04-10T00:00:00+00:00
1155,41,BAT-PPE-GLV-LAT-M-1064,375.0,2026-03-26,2027-02-15,2026-04-10,2026-04-10T00:00:00+00:00,2026-04-10T00:00:00+00:00
1156,44,BAT-PPE-GLV-NIT-M-1050,450.0,2026-03-26,2027-03-25,2026-04-10,2026-04-10T00:00:00+00:00,2026-04-10T00:00:00+00:00
1157,60,BAT-PPE-APR-WPR-1066,60.0,2026-03-26,2027-01-01,2026-04-10,2026-04-10T00:00:00+00:00,2026-04-10T00:00:00+00:00
1158,95,BAT-LAB-MAL-KIT-1057,225.0,2026-03-26,2027-07-05,2026-04-10,2026-04-10T00:00:00+00:00,2026-04-10T00:00:00+00:00
1159,5,BAT-MED-ATO-20-1067,525.0,2026-03-27,2027-07-23,2026-04-11,2026-04-11T00:00:00+00:00,2026-04-11T00:00:00+00:00
1160,8,BAT-MED-AZI-250-1054,225.0,2026-03-27,2027-09-23,2026-04-11,2026-04-11T00:00:00+00:00,2026-04-11T00:00:00+00:00
1161,38,BAT-SUP-WTR-10ML-1059,1500.0,2026-03-27,2027-07-23,2026-04-11,2026-04-11T00:00:00+00:00,2026-04-11T00:00:00+00:00
1162,56,BAT-PPE-SAN-100-1056,300.0,2026-03-27,2026-11-16,2026-04-11,2026-04-11T00:00:00+00:00,2026-04-11T00:00:00+00:00
1163,3,BAT-MED-AMX-500-1061,375.0,2026-03-28,2027-08-26,2026-04-12,2026-04-12T00:00:00+00:00,2026-04-12T00:00:00+00:00
1164,89,BAT-LAB-HCG-STR-1060,450.0,2026-03-28,2026-12-16,2026-04-12,2026-04-12T00:00:00+00:00,2026-04-12T00:00:00+00:00
1165,22,BAT-SUP-SYR-2ML-1072,2250.0,2026-03-29,2027-01-26,2026-04-13,2026-04-13T00:00:00+00:00,2026-04-13T00:00:00+00:00
1166,36,BAT-SUP-DSC-11-1065,300.0,2026-03-29,2027-02-03,2026-04-13,2026-04-13T00:00:00+00:00,2026-04-13T00:00:00+00:00
1167,52,BAT-PPE-FSH-CLR-1058,120.0,2026-03-29,2026-10-23,2026-04-13,2026-04-13T00:00:00+00:00,2026-04-13T00:00:00+00:00
1168,88,BAT-LAB-URN-DIP-1069,120.0,2026-03-30,2027-02-15,2026-04-14,2026-04-14T00:00:00+00:00,2026-04-14T00:00:00+00:00
1169,16,BAT-MED-ALB-INH-1063,120.0,2026-03-31,2027-04-29,2026-04-15,2026-04-15T00:00:00+00:00,2026-04-15T00:00:00+00:00
1170,23,BAT-SUP-SYR-10ML-1079,1200.0,2026-03-31,2026-11-20,2026-04-15,2026-04-15T00:00:00+00:00,2026-04-15T00:00:00+00:00
1171,49,BAT-PPE-GWN-STR-1070,330.0,2026-03-31,2026-11-12,2026-04-15,2026-04-15T00:00:00+00:00,2026-04-15T00:00:00+00:00
1172,69,BAT-SRG-NDL-EPI-1071,180.0,2026-03-31,2027-06-02,2026-04-15,2026-04-15T00:00:00+00:00,2026-04-15T00:00:00+00:00
1173,72,BAT-SRG-BLD-10-1068,45.0,2026-03-31,2027-07-19,2026-04-15,2026-04-15T00:00:00+00:00,2026-04-15T00:00:00+00:00
1174,2,BAT-MED-IBU-400-1075,450.0,2026-04-01,2027-01-20,2026-04-16,2026-04-16T00:00:00+00:00,2026-04-16T00:00:00+00:00
1175,17,BAT-MED-LEV-50-1074,750.0,2026-04-01,2027-03-07,2026-04-16,2026-04-16T00:00:00+00:00,2026-04-16T00:00:00+00:00
1176,24,BAT-SUP-IVC-20G-1088,750.0,2026-04-01,2027-08-01,2026-04-16,2026-04-16T00:00:00+00:00,2026-04-16T00:00:00+00:00
1177,70,BAT-SRG-SUC-TUB-1073,225.0,2026-04-01,2027-01-20,2026-04-16,2026-04-16T00:00:00+00:00,2026-04-16T00:00:00+00:00
1178,92,BAT-LAB-CRP-KIT-1087,30.0,2026-04-01,2026-12-05,2026-04-16,2026-04-16T00:00:00+00:00,2026-04-16T00:00:00+00:00
1179,4,BAT-MED-MET-500-1089,600.0,2026-04-02,2027-01-19,2026-04-17,2026-04-17T00:00:00+00:00,2026-04-17T00:00:00+00:00
1180,34,BAT-SUP-URN-BAG-1076,375.0,2026-04-02,2027-03-04,2026-04-17,2026-04-17T00:00:00+00:00,2026-04-17T00:00:00+00:00
1181,29,BAT-SUP-ADH-PLST-1095,120.0,2026-04-03,2027-06-21,2026-04-18,2026-04-18T00:00:00+00:00,2026-04-18T00:00:00+00:00
1182,78,BAT-SRG-SUC-YNK-1083,180.0,2026-04-03,2027-08-20,2026-04-18,2026-04-18T00:00:00+00:00,2026-04-18T00:00:00+00:00
1183,83,BAT-LAB-SCT-TUBE-1084,1500.0,2026-04-03,2027-07-22,2026-04-18,2026-04-18T00:00:00+00:00,2026-04-18T00:00:00+00:00
1184,6,BAT-MED-OME-20-1080,420.0,2026-04-04,2027-09-19,2026-04-19,2026-04-19T00:00:00+00:00,2026-04-19T00:00:00+00:00
1185,7,BAT-MED-AML-5-1102,480.0,2026-04-04,2027-06-14,2026-04-19,2026-04-19T00:00:00+00:00,2026-04-19T00:00:00+00:00
1186,19,BAT-MED-MTP-25-1096,420.0,2026-04-04,2027-01-06,2026-04-19,2026-04-19T00:00:00+00:00,2026-04-19T00:00:00+00:00
1187,33,BAT-SUP-IVF-SET-1094,1050.0,2026-04-04,2027-01-10,2026-04-19,2026-04-19T00:00:00+00:00,2026-04-19T00:00:00+00:00
1188,42,BAT-PPE-GLV-LAT-L-1105,300.0,2026-04-04,2027-07-06,2026-04-19,2026-04-19T00:00:00+00:00,2026-04-19T00:00:00+00:00
1189,43,BAT-PPE-GLV-LAT-S-1081,225.0,2026-04-04,2027-09-21,2026-04-19,2026-04-19T00:00:00+00:00,2026-04-19T00:00:00+00:00
1190,73,BAT-SRG-BLD-22-1078,30.0,2026-04-04,2026-10-25,2026-04-19,2026-04-19T00:00:00+00:00,2026-04-19T00:00:00+00:00
1191,35,BAT-SUP-FOL-CAT-1085,225.0,2026-04-05,2027-01-05,2026-04-20,2026-04-20T00:00:00+00:00,2026-04-20T00:00:00+00:00
1192,47,BAT-PPE-MSK-N95-1111,1350.0,2026-04-05,2027-09-27,2026-04-20,2026-04-20T00:00:00+00:00,2026-04-20T00:00:00+00:00
1193,53,BAT-PPE-SHC-DSP-1098,90.0,2026-04-05,2027-05-02,2026-04-20,2026-04-20T00:00:00+00:00,2026-04-20T00:00:00+00:00
1194,65,BAT-SRG-SLK-20-1090,60.0,2026-04-05,2027-01-28,2026-04-20,2026-04-20T00:00:00+00:00,2026-04-20T00:00:00+00:00
1195,71,BAT-SRG-LAP-SPN-1106,375.0,2026-04-05,2027-09-28,2026-04-20,2026-04-20T00:00:00+00:00,2026-04-20T00:00:00+00:00
1196,85,BAT-LAB-HIV-KIT-1107,75.0,2026-04-05,2026-12-11,2026-04-20,2026-04-20T00:00:00+00:00,2026-04-20T00:00:00+00:00
1197,1,BAT-MED-PCM-500-1116,675.0,2026-04-06,2027-10-08,2026-04-21,2026-04-21T00:00:00+00:00,2026-04-21T00:00:00+00:00
1198,10,BAT-MED-LOS-50-1086,450.0,2026-04-06,2027-06-08,2026-04-21,2026-04-21T00:00:00+00:00,2026-04-21T00:00:00+00:00
1199,13,BAT-MED-PRE-10-1110,180.0,2026-04-06,2026-11-05,2026-04-21,2026-04-21T00:00:00+00:00,2026-04-21T00:00:00+00:00
1200,28,BAT-SUP-CTN-ROL-1108,225.0,2026-04-06,2027-05-09,2026-04-21,2026-04-21T00:00:00+00:00,2026-04-21T00:00:00+00:00
1201,93,BAT-LAB-RF-KIT-1092,30.0,2026-04-06,2026-12-31,2026-04-21,2026-04-21T00:00:00+00:00,2026-04-21T00:00:00+00:00
1202,99,BAT-LAB-HCG-CAS-1077,375.0,2026-04-06,2027-04-23,2026-04-21,2026-04-21T00:00:00+00:00,2026-04-21T00:00:00+00:00
1203,9,BAT-MED-GAB-300-1082,300.0,2026-04-07,2027-06-16,2026-04-22,2026-04-22T00:00:00+00:00,2026-04-22T00:00:00+00:00
1204,75,BAT-SRG-FOL-18-1097,150.0,2026-04-07,2027-01-13,2026-04-22,2026-04-22T00:00:00+00:00,2026-04-22T00:00:00+00:00
1205,81,BAT-LAB-EDT-K2-1091,3000.0,2026-04-07,2027-05-09,2026-04-22,2026-04-22T00:00:00+00:00,2026-04-22T00:00:00+00:00
1206,82,BAT-LAB-SRM-SST-1093,2700.0,2026-04-07,2027-03-06,2026-04-22,2026-04-22T00:00:00+00:00,2026-04-22T00:00:00+00:00
1207,86,BAT-LAB-HCV-KIT-1118,60.0,2026-04-07,2027-05-21,2026-04-22,2026-04-22T00:00:00+00:00,2026-04-22T00:00:00+00:00
1208,96,BAT-LAB-PIP-200-1117,45.0,2026-04-07,2026-12-31,2026-04-22,2026-04-22T00:00:00+00:00,2026-04-22T00:00:00+00:00
1209,15,BAT-MED-MON-10-1101,300.0,2026-04-08,2027-03-11,2026-04-23,2026-04-23T00:00:00+00:00,2026-04-23T00:00:00+00:00
1210,54,BAT-PPE-CAP-BLU-1104,75.0,2026-04-08,2027-05-22,2026-04-23,2026-04-23T00:00:00+00:00,2026-04-23T00:00:00+00:00
1211,31,BAT-SUP-BND-3IN-1124,675.0,2026-04-09,2027-07-16,2026-04-24,2026-04-24T00:00:00+00:00,2026-04-24T00:00:00+00:00
1212,51,BAT-PPE-GOG-PRT-1125,75.0,2026-04-09,2026-12-08,2026-04-24,2026-04-24T00:00:00+00:00,2026-04-24T00:00:00+00:00
1213,58,BAT-PPE-BIO-LRG-1122,600.0,2026-04-09,2027-02-05,2026-04-24,2026-04-24T00:00:00+00:00,2026-04-24T00:00:00+00:00
1214,67,BAT-SRG-STP-DSP-1099,120.0,2026-04-09,2027-07-05,2026-04-24,2026-04-24T00:00:00+00:00,2026-04-24T00:00:00+00:00
1215,76,BAT-SRG-TAP-2IN-1103,210.0,2026-04-09,2027-10-01,2026-04-24,2026-04-24T00:00:00+00:00,2026-04-24T00:00:00+00:00
1216,100,BAT-LAB-BGP-ANA-1126,30.0,2026-04-09,2027-01-01,2026-04-24,2026-04-24T00:00:00+00:00,2026-04-24T00:00:00+00:00
1217,39,BAT-SUP-SAL-500-1113,900.0,2026-04-10,2027-08-23,2026-04-25,2026-04-25T00:00:00+00:00,2026-04-25T00:00:00+00:00
1218,40,BAT-SUP-RIN-500-1138,600.0,2026-04-10,2027-06-01,2026-04-25,2026-04-25T00:00:00+00:00,2026-04-25T00:00:00+00:00
1219,45,BAT-PPE-GLV-NIT-L-1115,420.0,2026-04-10,2027-04-26,2026-04-25,2026-04-25T00:00:00+00:00,2026-04-25T00:00:00+00:00
1220,50,BAT-PPE-GWN-DSP-1133,525.0,2026-04-10,2027-06-13,2026-04-25,2026-04-25T00:00:00+00:00,2026-04-25T00:00:00+00:00
1221,61,BAT-SRG-VIC-30-1112,90.0,2026-04-10,2027-01-13,2026-04-25,2026-04-25T00:00:00+00:00,2026-04-25T00:00:00+00:00
1222,63,BAT-SRG-VIC-40-1121,60.0,2026-04-10,2027-06-17,2026-04-25,2026-04-25T00:00:00+00:00,2026-04-25T00:00:00+00:00
1223,68,BAT-SRG-STP-REM-1100,150.0,2026-04-10,2027-01-04,2026-04-25,2026-04-25T00:00:00+00:00,2026-04-25T00:00:00+00:00
1224,77,BAT-SRG-SKN-PEN-1140,225.0,2026-04-10,2027-07-30,2026-04-25,2026-04-25T00:00:00+00:00,2026-04-25T00:00:00+00:00
1225,91,BAT-LAB-TRP-KIT-1109,90.0,2026-04-10,2027-07-01,2026-04-25,2026-04-25T00:00:00+00:00,2026-04-25T00:00:00+00:00
1226,97,BAT-LAB-PIP-1KW-1131,30.0,2026-04-10,2027-07-31,2026-04-25,2026-04-25T00:00:00+00:00,2026-04-25T00:00:00+00:00
1227,98,BAT-LAB-MIC-SLD-1132,75.0,2026-04-10,2026-12-18,2026-04-25,2026-04-25T00:00:00+00:00,2026-04-25T00:00:00+00:00
1228,25,BAT-SUP-IVC-22G-1141,900.0,2026-04-11,2027-01-17,2026-04-26,2026-04-26T00:00:00+00:00,2026-04-26T00:00:00+00:00
1229,55,BAT-PPE-SAN-500-1120,210.0,2026-04-11,2026-11-25,2026-04-26,2026-04-26T00:00:00+00:00,2026-04-26T00:00:00+00:00
1230,84,BAT-LAB-GLU-STP-1142,180.0,2026-04-11,2027-08-14,2026-04-26,2026-04-26T00:00:00+00:00,2026-04-26T00:00:00+00:00
1231,11,BAT-MED-PAN-40-1114,330.0,2026-04-12,2027-07-06,2026-04-27,2026-04-27T00:00:00+00:00,2026-04-27T00:00:00+00:00
1232,27,BAT-SUP-ALC-PAD-1127,180.0,2026-04-12,2027-04-27,2026-04-27,2026-04-27T00:00:00+00:00,2026-04-27T00:00:00+00:00
1233,64,BAT-SRG-SLK-30-1123,75.0,2026-04-12,2027-05-13,2026-04-27,2026-04-27T00:00:00+00:00,2026-04-27T00:00:00+00:00
1234,79,BAT-SRG-DRP-CS-1119,90.0,2026-04-12,2027-09-04,2026-04-27,2026-04-27T00:00:00+00:00,2026-04-27T00:00:00+00:00
1235,41,BAT-PPE-GLV-LAT-M-1147,375.0,2026-04-13,2027-03-16,2026-04-28,2026-04-28T00:00:00+00:00,2026-04-28T00:00:00+00:00
1236,62,BAT-SRG-VIC-20-1129,75.0,2026-04-13,2026-12-09,2026-04-28,2026-04-28T00:00:00+00:00,2026-04-28T00:00:00+00:00
1237,90,BAT-LAB-DDM-KIT-1148,45.0,2026-04-13,2027-09-18,2026-04-28,2026-04-28T00:00:00+00:00,2026-04-28T00:00:00+00:00
1238,26,BAT-SUP-IVC-18G-1154,450.0,2026-04-14,2027-08-27,2026-04-29,2026-04-29T00:00:00+00:00,2026-04-29T00:00:00+00:00
1239,60,BAT-PPE-APR-WPR-1151,60.0,2026-04-14,2026-11-25,2026-04-29,2026-04-29T00:00:00+00:00,2026-04-29T00:00:00+00:00
1240,66,BAT-SRG-MON-40-1139,45.0,2026-04-14,2027-06-29,2026-04-29,2026-04-29T00:00:00+00:00,2026-04-29T00:00:00+00:00
1241,80,BAT-SRG-DRP-UNV-1145,150.0,2026-04-14,2027-02-26,2026-04-29,2026-04-29T00:00:00+00:00,2026-04-29T00:00:00+00:00
1242,94,BAT-LAB-BLD-CUL-1130,330.0,2026-04-14,2027-02-18,2026-04-29,2026-04-29T00:00:00+00:00,2026-04-29T00:00:00+00:00
1243,14,BAT-MED-CLO-75-1135,375.0,2026-04-15,2027-02-03,2026-04-30,2026-04-30T00:00:00+00:00,2026-04-30T00:00:00+00:00
1244,18,BAT-MED-TRA-50-1160,210.0,2026-04-15,2027-05-14,2026-04-30,2026-04-30T00:00:00+00:00,2026-04-30T00:00:00+00:00
1245,30,BAT-SUP-BND-4IN-1162,600.0,2026-04-15,2027-02-16,2026-04-30,2026-04-30T00:00:00+00:00,2026-04-30T00:00:00+00:00
1246,37,BAT-SUP-DSC-15-1134,270.0,2026-04-15,2026-11-20,2026-04-30,2026-04-30T00:00:00+00:00,2026-04-30T00:00:00+00:00
1247,57,BAT-PPE-WIP-DIS-1128,150.0,2026-04-15,2026-12-15,2026-04-30,2026-04-30T00:00:00+00:00,2026-04-30T00:00:00+00:00
1248,89,BAT-LAB-HCG-STR-1136,450.0,2026-04-15,2027-04-21,2026-04-30,2026-04-30T00:00:00+00:00,2026-04-30T00:00:00+00:00
1249,95,BAT-LAB-MAL-KIT-1149,225.0,2026-04-15,2027-09-25,2026-04-30,2026-04-30T00:00:00+00:00,2026-04-30T00:00:00+00:00
1250,5,BAT-MED-ATO-20-1159,525.0,2026-04-16,2027-03-08,2026-05-01,2026-05-01T00:00:00+00:00,2026-05-01T00:00:00+00:00
1251,8,BAT-MED-AZI-250-1144,225.0,2026-04-16,2027-01-14,2026-05-01,2026-05-01T00:00:00+00:00,2026-05-01T00:00:00+00:00
1252,12,BAT-MED-CET-10-1150,270.0,2026-04-16,2026-12-23,2026-05-01,2026-05-01T00:00:00+00:00,2026-05-01T00:00:00+00:00
1253,32,BAT-SUP-GZE-SWB-1143,270.0,2026-04-16,2027-05-20,2026-05-01,2026-05-01T00:00:00+00:00,2026-05-01T00:00:00+00:00
1254,2,BAT-MED-IBU-400-1155,450.0,2026-04-17,2027-02-14,2026-05-02,2026-05-02T00:00:00+00:00,2026-05-02T00:00:00+00:00
1255,20,BAT-MED-WAR-5-1137,150.0,2026-04-17,2026-12-02,2026-05-02,2026-05-02T00:00:00+00:00,2026-05-02T00:00:00+00:00
1256,48,BAT-PPE-MSK-3PLY-1146,225.0,2026-04-17,2027-09-18,2026-05-02,2026-05-02T00:00:00+00:00,2026-05-02T00:00:00+00:00
1257,74,BAT-SRG-BNE-WAX-1153,30.0,2026-04-18,2027-10-20,2026-05-03,2026-05-03T00:00:00+00:00,2026-05-03T00:00:00+00:00
1258,87,BAT-LAB-SYP-KIT-1167,60.0,2026-04-18,2027-10-06,2026-05-03,2026-05-03T00:00:00+00:00,2026-05-03T00:00:00+00:00
1259,21,BAT-SUP-SYR-5ML-1156,1800.0,2026-04-19,2027-09-07,2026-05-04,2026-05-04T00:00:00+00:00,2026-05-04T00:00:00+00:00
1260,24,BAT-SUP-IVC-20G-1171,750.0,2026-04-19,2026-12-23,2026-05-04,2026-05-04T00:00:00+00:00,2026-05-04T00:00:00+00:00
1261,36,BAT-SUP-DSC-11-1161,300.0,2026-04-19,2027-02-04,2026-05-04,2026-05-04T00:00:00+00:00,2026-05-04T00:00:00+00:00
1262,44,BAT-PPE-GLV-NIT-M-1157,450.0,2026-04-19,2027-09-14,2026-05-04,2026-05-04T00:00:00+00:00,2026-05-04T00:00:00+00:00
1263,59,BAT-PPE-BIO-MED-1152,750.0,2026-04-19,2027-03-14,2026-05-04,2026-05-04T00:00:00+00:00,2026-05-04T00:00:00+00:00
1264,70,BAT-SRG-SUC-TUB-1158,225.0,2026-04-19,2027-05-13,2026-05-04,2026-05-04T00:00:00+00:00,2026-05-04T00:00:00+00:00
1265,38,BAT-SUP-WTR-10ML-1165,1500.0,2026-04-20,2027-05-12,2026-05-05,2026-05-05T00:00:00+00:00,2026-05-05T00:00:00+00:00
1266,17,BAT-MED-LEV-50-1170,750.0,2026-04-21,2026-11-21,2026-05-06,2026-05-06T00:00:00+00:00,2026-05-06T00:00:00+00:00
1267,22,BAT-SUP-SYR-2ML-1174,2250.0,2026-04-21,2027-06-04,2026-05-06,2026-05-06T00:00:00+00:00,2026-05-06T00:00:00+00:00
1268,49,BAT-PPE-GWN-STR-1164,330.0,2026-04-21,2026-12-12,2026-05-06,2026-05-06T00:00:00+00:00,2026-05-06T00:00:00+00:00
1269,69,BAT-SRG-NDL-EPI-1166,180.0,2026-04-21,2027-10-28,2026-05-06,2026-05-06T00:00:00+00:00,2026-05-06T00:00:00+00:00
1270,3,BAT-MED-AMX-500-1168,375.0,2026-04-23,2026-12-06,2026-05-08,2026-05-08T00:00:00+00:00,2026-05-08T00:00:00+00:00
1271,16,BAT-MED-ALB-INH-1163,120.0,2026-04-23,2027-03-20,2026-05-08,2026-05-08T00:00:00+00:00,2026-05-08T00:00:00+00:00
1272,29,BAT-SUP-ADH-PLST-1182,120.0,2026-04-23,2026-11-21,2026-05-08,2026-05-08T00:00:00+00:00,2026-05-08T00:00:00+00:00
1273,56,BAT-PPE-SAN-100-1169,300.0,2026-04-23,2026-12-17,2026-05-08,2026-05-08T00:00:00+00:00,2026-05-08T00:00:00+00:00
1274,13,BAT-MED-PRE-10-1183,180.0,2026-04-24,2027-04-29,2026-05-09,2026-05-09T00:00:00+00:00,2026-05-09T00:00:00+00:00
1275,33,BAT-SUP-IVF-SET-1180,1050.0,2026-04-24,2027-10-21,2026-05-09,2026-05-09T00:00:00+00:00,2026-05-09T00:00:00+00:00
1276,46,BAT-PPE-GLV-NIT-S-1176,270.0,2026-04-24,2027-07-25,2026-05-09,2026-05-09T00:00:00+00:00,2026-05-09T00:00:00+00:00
1277,4,BAT-MED-MET-500-1194,600.0,2026-04-25,2026-11-17,2026-05-10,2026-05-10T00:00:00+00:00,2026-05-10T00:00:00+00:00
1278,7,BAT-MED-AML-5-1200,480.0,2026-04-25,2027-04-17,2026-05-10,2026-05-10T00:00:00+00:00,2026-05-10T00:00:00+00:00
1279,72,BAT-SRG-BLD-10-1173,45.0,2026-04-25,2027-04-12,2026-05-10,2026-05-10T00:00:00+00:00,2026-05-10T00:00:00+00:00
1280,23,BAT-SUP-SYR-10ML-1204,1200.0,2026-04-26,2027-02-26,2026-05-11,2026-05-11T00:00:00+00:00,2026-05-11T00:00:00+00:00
1281,43,BAT-PPE-GLV-LAT-S-1179,225.0,2026-04-26,2027-04-03,2026-05-11,2026-05-11T00:00:00+00:00,2026-05-11T00:00:00+00:00
1282,82,BAT-LAB-SRM-SST-1175,2700.0,2026-04-26,2027-09-24,2026-05-11,2026-05-11T00:00:00+00:00,2026-05-11T00:00:00+00:00
1283,83,BAT-LAB-SCT-TUBE-1186,1500.0,2026-04-26,2027-02-23,2026-05-11,2026-05-11T00:00:00+00:00,2026-05-11T00:00:00+00:00
1284,85,BAT-LAB-HIV-KIT-1201,75.0,2026-04-26,2027-05-11,2026-05-11,2026-05-11T00:00:00+00:00,2026-05-11T00:00:00+00:00
1285,1,BAT-MED-PCM-500-1207,675.0,2026-04-27,2027-06-22,2026-05-12,2026-05-12T00:00:00+00:00,2026-05-12T00:00:00+00:00
1286,9,BAT-MED-GAB-300-1172,300.0,2026-04-27,2027-03-12,2026-05-12,2026-05-12T00:00:00+00:00,2026-05-12T00:00:00+00:00
1287,19,BAT-MED-MTP-25-1203,420.0,2026-04-27,2027-02-04,2026-05-12,2026-05-12T00:00:00+00:00,2026-05-12T00:00:00+00:00
1288,28,BAT-SUP-CTN-ROL-1206,225.0,2026-04-27,2027-10-09,2026-05-12,2026-05-12T00:00:00+00:00,2026-05-12T00:00:00+00:00
1289,34,BAT-SUP-URN-BAG-1184,375.0,2026-04-27,2027-07-22,2026-05-12,2026-05-12T00:00:00+00:00,2026-05-12T00:00:00+00:00
1290,39,BAT-SUP-SAL-500-1178,900.0,2026-04-27,2027-05-16,2026-05-12,2026-05-12T00:00:00+00:00,2026-05-12T00:00:00+00:00
1291,45,BAT-PPE-GLV-NIT-L-1187,420.0,2026-04-27,2027-05-17,2026-05-12,2026-05-12T00:00:00+00:00,2026-05-12T00:00:00+00:00
1292,54,BAT-PPE-CAP-BLU-1181,75.0,2026-04-27,2027-07-18,2026-05-12,2026-05-12T00:00:00+00:00,2026-05-12T00:00:00+00:00
1293,65,BAT-SRG-SLK-20-1191,60.0,2026-04-27,2027-07-02,2026-05-12,2026-05-12T00:00:00+00:00,2026-05-12T00:00:00+00:00
1294,75,BAT-SRG-FOL-18-1185,150.0,2026-04-27,2027-09-05,2026-05-12,2026-05-12T00:00:00+00:00,2026-05-12T00:00:00+00:00
1295,78,BAT-SRG-SUC-YNK-1197,180.0,2026-04-28,2027-08-26,2026-05-13,2026-05-13T00:00:00+00:00,2026-05-13T00:00:00+00:00
1296,88,BAT-LAB-URN-DIP-1196,120.0,2026-04-28,2027-02-27,2026-05-13,2026-05-13T00:00:00+00:00,2026-05-13T00:00:00+00:00
1297,10,BAT-MED-LOS-50-1195,450.0,2026-04-29,2027-11-02,2026-05-14,2026-05-14T00:00:00+00:00,2026-05-14T00:00:00+00:00
1298,15,BAT-MED-MON-10-1198,300.0,2026-04-29,2027-07-26,2026-05-14,2026-05-14T00:00:00+00:00,2026-05-14T00:00:00+00:00
1299,42,BAT-PPE-GLV-LAT-L-1214,300.0,2026-04-29,2027-03-12,2026-05-14,2026-05-14T00:00:00+00:00,2026-05-14T00:00:00+00:00
1300,67,BAT-SRG-STP-DSP-1188,120.0,2026-04-29,2027-06-15,2026-05-14,2026-05-14T00:00:00+00:00,2026-05-14T00:00:00+00:00
1301,76,BAT-SRG-TAP-2IN-1189,210.0,2026-04-29,2026-11-29,2026-05-14,2026-05-14T00:00:00+00:00,2026-05-14T00:00:00+00:00
1302,79,BAT-SRG-DRP-CS-1190,90.0,2026-04-29,2027-10-20,2026-05-14,2026-05-14T00:00:00+00:00,2026-05-14T00:00:00+00:00
1303,81,BAT-LAB-EDT-K2-1192,3000.0,2026-04-29,2026-12-01,2026-05-14,2026-05-14T00:00:00+00:00,2026-05-14T00:00:00+00:00
1304,99,BAT-LAB-HCG-CAS-1177,375.0,2026-04-29,2027-01-24,2026-05-14,2026-05-14T00:00:00+00:00,2026-05-14T00:00:00+00:00
1305,47,BAT-PPE-MSK-N95-1218,1350.0,2026-04-30,2027-01-11,2026-05-15,2026-05-15T00:00:00+00:00,2026-05-15T00:00:00+00:00
1306,53,BAT-PPE-SHC-DSP-1213,90.0,2026-04-30,2027-10-19,2026-05-15,2026-05-15T00:00:00+00:00,2026-05-15T00:00:00+00:00
1307,68,BAT-SRG-STP-REM-1193,150.0,2026-04-30,2027-05-06,2026-05-15,2026-05-15T00:00:00+00:00,2026-05-15T00:00:00+00:00
1308,80,BAT-SRG-DRP-UNV-1208,150.0,2026-04-30,2027-01-02,2026-05-15,2026-05-15T00:00:00+00:00,2026-05-15T00:00:00+00:00
1309,52,BAT-PPE-FSH-CLR-1199,120.0,2026-05-01,2027-09-07,2026-05-16,2026-05-16T00:00:00+00:00,2026-05-16T00:00:00+00:00
1310,91,BAT-LAB-TRP-KIT-1202,90.0,2026-05-01,2027-08-02,2026-05-16,2026-05-16T00:00:00+00:00,2026-05-16T00:00:00+00:00
1311,94,BAT-LAB-BLD-CUL-1205,330.0,2026-05-01,2027-10-13,2026-05-16,2026-05-16T00:00:00+00:00,2026-05-16T00:00:00+00:00
1312,96,BAT-LAB-PIP-200-1217,45.0,2026-05-01,2027-02-16,2026-05-16,2026-05-16T00:00:00+00:00,2026-05-16T00:00:00+00:00
1313,98,BAT-LAB-MIC-SLD-1223,75.0,2026-05-01,2027-02-26,2026-05-16,2026-05-16T00:00:00+00:00,2026-05-16T00:00:00+00:00
1314,6,BAT-MED-OME-20-1212,420.0,2026-05-02,2026-12-27,2026-05-17,2026-05-17T00:00:00+00:00,2026-05-17T00:00:00+00:00
1315,35,BAT-SUP-FOL-CAT-1209,225.0,2026-05-02,2026-12-11,2026-05-17,2026-05-17T00:00:00+00:00,2026-05-17T00:00:00+00:00
1316,40,BAT-SUP-RIN-500-1230,600.0,2026-05-02,2027-04-30,2026-05-17,2026-05-17T00:00:00+00:00,2026-05-17T00:00:00+00:00
1317,50,BAT-PPE-GWN-DSP-1226,525.0,2026-05-02,2027-05-06,2026-05-17,2026-05-17T00:00:00+00:00,2026-05-17T00:00:00+00:00
1318,14,BAT-MED-CLO-75-1211,375.0,2026-05-03,2026-12-09,2026-05-18,2026-05-18T00:00:00+00:00,2026-05-18T00:00:00+00:00
1319,86,BAT-LAB-HCV-KIT-1229,60.0,2026-05-03,2027-09-02,2026-05-18,2026-05-18T00:00:00+00:00,2026-05-18T00:00:00+00:00
1320,8,BAT-MED-AZI-250-1215,225.0,2026-05-04,2027-01-31,2026-05-19,2026-05-19T00:00:00+00:00,2026-05-19T00:00:00+00:00
1321,11,BAT-MED-PAN-40-1210,330.0,2026-05-04,2027-08-26,2026-05-19,2026-05-19T00:00:00+00:00,2026-05-19T00:00:00+00:00
1322,25,BAT-SUP-IVC-22G-1234,900.0,2026-05-04,2027-11-09,2026-05-19,2026-05-19T00:00:00+00:00,2026-05-19T00:00:00+00:00
1323,61,BAT-SRG-VIC-30-1216,90.0,2026-05-04,2027-07-14,2026-05-19,2026-05-19T00:00:00+00:00,2026-05-19T00:00:00+00:00
1324,66,BAT-SRG-MON-40-1221,45.0,2026-05-04,2027-09-28,2026-05-19,2026-05-19T00:00:00+00:00,2026-05-19T00:00:00+00:00
1325,77,BAT-SRG-SKN-PEN-1235,225.0,2026-05-04,2027-08-10,2026-05-19,2026-05-19T00:00:00+00:00,2026-05-19T00:00:00+00:00
1326,84,BAT-LAB-GLU-STP-1239,180.0,2026-05-04,2027-08-27,2026-05-19,2026-05-19T00:00:00+00:00,2026-05-19T00:00:00+00:00
1327,30,BAT-SUP-BND-4IN-1243,600.0,2026-05-05,2027-08-17,2026-05-20,2026-05-20T00:00:00+00:00,2026-05-20T00:00:00+00:00
1328,31,BAT-SUP-BND-3IN-1238,675.0,2026-05-05,2027-02-16,2026-05-20,2026-05-20T00:00:00+00:00,2026-05-20T00:00:00+00:00
1329,55,BAT-PPE-SAN-500-1224,210.0,2026-05-05,2027-07-06,2026-05-20,2026-05-20T00:00:00+00:00,2026-05-20T00:00:00+00:00
1330,62,BAT-SRG-VIC-20-1220,75.0,2026-05-05,2027-01-05,2026-05-20,2026-05-20T00:00:00+00:00,2026-05-20T00:00:00+00:00
1331,63,BAT-SRG-VIC-40-1228,60.0,2026-05-05,2027-08-29,2026-05-20,2026-05-20T00:00:00+00:00,2026-05-20T00:00:00+00:00
1332,71,BAT-SRG-LAP-SPN-1232,375.0,2026-05-05,2027-09-12,2026-05-20,2026-05-20T00:00:00+00:00,2026-05-20T00:00:00+00:00
1333,92,BAT-LAB-CRP-KIT-1242,30.0,2026-05-05,2027-08-27,2026-05-20,2026-05-20T00:00:00+00:00,2026-05-20T00:00:00+00:00
1334,37,BAT-SUP-DSC-15-1222,270.0,2026-05-06,2027-08-10,2026-05-21,2026-05-21T00:00:00+00:00,2026-05-21T00:00:00+00:00
1335,64,BAT-SRG-SLK-30-1227,75.0,2026-05-06,2027-09-08,2026-05-21,2026-05-21T00:00:00+00:00,2026-05-21T00:00:00+00:00
1336,73,BAT-SRG-BLD-22-1225,30.0,2026-05-06,2027-02-14,2026-05-21,2026-05-21T00:00:00+00:00,2026-05-21T00:00:00+00:00
1337,97,BAT-LAB-PIP-1KW-1241,30.0,2026-05-06,2027-06-02,2026-05-21,2026-05-21T00:00:00+00:00,2026-05-21T00:00:00+00:00
1338,2,BAT-MED-IBU-400-1233,450.0,2026-05-07,2027-04-14,2026-05-22,2026-05-22T00:00:00+00:00,2026-05-22T00:00:00+00:00
1339,26,BAT-SUP-IVC-18G-1253,450.0,2026-05-07,2027-08-01,2026-05-22,2026-05-22T00:00:00+00:00,2026-05-22T00:00:00+00:00
1340,41,BAT-PPE-GLV-LAT-M-1245,375.0,2026-05-07,2027-01-15,2026-05-22,2026-05-22T00:00:00+00:00,2026-05-22T00:00:00+00:00
1341,51,BAT-PPE-GOG-PRT-1249,75.0,2026-05-07,2026-12-30,2026-05-22,2026-05-22T00:00:00+00:00,2026-05-22T00:00:00+00:00
1342,57,BAT-PPE-WIP-DIS-1219,150.0,2026-05-07,2026-11-28,2026-05-22,2026-05-22T00:00:00+00:00,2026-05-22T00:00:00+00:00
1343,24,BAT-SUP-IVC-20G-1260,750.0,2026-05-08,2027-03-20,2026-05-23,2026-05-23T00:00:00+00:00,2026-05-23T00:00:00+00:00
1344,32,BAT-SUP-GZE-SWB-1231,270.0,2026-05-08,2027-06-18,2026-05-23,2026-05-23T00:00:00+00:00,2026-05-23T00:00:00+00:00
1345,60,BAT-PPE-APR-WPR-1256,60.0,2026-05-08,2027-11-13,2026-05-23,2026-05-23T00:00:00+00:00,2026-05-23T00:00:00+00:00
1346,70,BAT-SRG-SUC-TUB-1236,225.0,2026-05-08,2027-04-23,2026-05-23,2026-05-23T00:00:00+00:00,2026-05-23T00:00:00+00:00
1347,90,BAT-LAB-DDM-KIT-1254,45.0,2026-05-08,2027-11-11,2026-05-23,2026-05-23T00:00:00+00:00,2026-05-23T00:00:00+00:00
1348,17,BAT-MED-LEV-50-1250,750.0,2026-05-09,2027-10-06,2026-05-24,2026-05-24T00:00:00+00:00,2026-05-24T00:00:00+00:00
1349,87,BAT-LAB-SYP-KIT-1259,60.0,2026-05-09,2027-07-17,2026-05-24,2026-05-24T00:00:00+00:00,2026-05-24T00:00:00+00:00
1350,89,BAT-LAB-HCG-STR-1237,450.0,2026-05-09,2027-08-29,2026-05-24,2026-05-24T00:00:00+00:00,2026-05-24T00:00:00+00:00
1351,12,BAT-MED-CET-10-1244,270.0,2026-05-10,2027-02-07,2026-05-25,2026-05-25T00:00:00+00:00,2026-05-25T00:00:00+00:00
1352,21,BAT-SUP-SYR-5ML-1246,1800.0,2026-05-11,2026-12-19,2026-05-26,2026-05-26T00:00:00+00:00,2026-05-26T00:00:00+00:00
1353,36,BAT-SUP-DSC-11-1255,300.0,2026-05-11,2027-06-26,2026-05-26,2026-05-26T00:00:00+00:00,2026-05-26T00:00:00+00:00
1354,59,BAT-PPE-BIO-MED-1240,750.0,2026-05-11,2027-02-05,2026-05-26,2026-05-26T00:00:00+00:00,2026-05-26T00:00:00+00:00
1355,100,BAT-LAB-BGP-ANA-1267,30.0,2026-05-11,2027-03-14,2026-05-26,2026-05-26T00:00:00+00:00,2026-05-26T00:00:00+00:00
1356,5,BAT-MED-ATO-20-1268,525.0,2026-05-12,2027-02-13,2026-05-27,2026-05-27T00:00:00+00:00,2026-05-27T00:00:00+00:00
1357,44,BAT-PPE-GLV-NIT-M-1252,450.0,2026-05-12,2027-05-02,2026-05-27,2026-05-27T00:00:00+00:00,2026-05-27T00:00:00+00:00
1358,48,BAT-PPE-MSK-3PLY-1247,225.0,2026-05-12,2026-12-15,2026-05-27,2026-05-27T00:00:00+00:00,2026-05-27T00:00:00+00:00
1359,56,BAT-PPE-SAN-100-1257,300.0,2026-05-12,2027-10-07,2026-05-27,2026-05-27T00:00:00+00:00,2026-05-27T00:00:00+00:00
1360,58,BAT-PPE-BIO-LRG-1270,600.0,2026-05-12,2027-02-16,2026-05-27,2026-05-27T00:00:00+00:00,2026-05-27T00:00:00+00:00
1361,3,BAT-MED-AMX-500-1258,375.0,2026-05-13,2027-03-18,2026-05-28,2026-05-28T00:00:00+00:00,2026-05-28T00:00:00+00:00
1362,4,BAT-MED-MET-500-1275,600.0,2026-05-13,2027-01-19,2026-05-28,2026-05-28T00:00:00+00:00,2026-05-28T00:00:00+00:00
1363,16,BAT-MED-ALB-INH-1251,120.0,2026-05-13,2027-06-30,2026-05-28,2026-05-28T00:00:00+00:00,2026-05-28T00:00:00+00:00
1364,20,BAT-MED-WAR-5-1248,150.0,2026-05-13,2027-04-09,2026-05-28,2026-05-28T00:00:00+00:00,2026-05-28T00:00:00+00:00
1365,22,BAT-SUP-SYR-2ML-1272,2250.0,2026-05-13,2026-12-08,2026-05-28,2026-05-28T00:00:00+00:00,2026-05-28T00:00:00+00:00
1366,27,BAT-SUP-ALC-PAD-1262,180.0,2026-05-13,2027-10-21,2026-05-28,2026-05-28T00:00:00+00:00,2026-05-28T00:00:00+00:00
1367,29,BAT-SUP-ADH-PLST-1276,120.0,2026-05-13,2027-02-20,2026-05-28,2026-05-28T00:00:00+00:00,2026-05-28T00:00:00+00:00
1368,33,BAT-SUP-IVF-SET-1273,1050.0,2026-05-13,2027-11-16,2026-05-28,2026-05-28T00:00:00+00:00,2026-05-28T00:00:00+00:00
1369,34,BAT-SUP-URN-BAG-1266,375.0,2026-05-14,2026-11-29,2026-05-29,2026-05-29T00:00:00+00:00,2026-05-29T00:00:00+00:00
1370,38,BAT-SUP-WTR-10ML-1264,1500.0,2026-05-14,2027-04-17,2026-05-29,2026-05-29T00:00:00+00:00,2026-05-29T00:00:00+00:00
1371,49,BAT-PPE-GWN-STR-1261,330.0,2026-05-14,2027-02-05,2026-05-29,2026-05-29T00:00:00+00:00,2026-05-29T00:00:00+00:00
1372,69,BAT-SRG-NDL-EPI-1263,180.0,2026-05-14,2027-08-24,2026-05-29,2026-05-29T00:00:00+00:00,2026-05-29T00:00:00+00:00
1373,95,BAT-LAB-MAL-KIT-1269,225.0,2026-05-14,2027-03-20,2026-05-29,2026-05-29T00:00:00+00:00,2026-05-29T00:00:00+00:00
1374,18,BAT-MED-TRA-50-1284,210.0,2026-05-15,2027-07-14,2026-05-30,2026-05-30T00:00:00+00:00,2026-05-30T00:00:00+00:00
1375,39,BAT-SUP-SAL-500-1265,900.0,2026-05-15,2026-12-03,2026-05-30,2026-05-30T00:00:00+00:00,2026-05-30T00:00:00+00:00
1376,42,BAT-PPE-GLV-LAT-L-1283,300.0,2026-05-15,2027-06-17,2026-05-30,2026-05-30T00:00:00+00:00,2026-05-30T00:00:00+00:00
1377,1,BAT-MED-PCM-500-1295,675.0,2026-05-16,2027-04-22,2026-05-31,2026-05-31T00:00:00+00:00,2026-05-31T00:00:00+00:00
1378,19,BAT-MED-MTP-25-1290,420.0,2026-05-16,2026-11-29,2026-05-31,2026-05-31T00:00:00+00:00,2026-05-31T00:00:00+00:00
1379,76,BAT-SRG-TAP-2IN-1271,210.0,2026-05-16,2027-09-23,2026-05-31,2026-05-31T00:00:00+00:00,2026-05-31T00:00:00+00:00
1380,93,BAT-LAB-RF-KIT-1274,30.0,2026-05-16,2027-10-29,2026-05-31,2026-05-31T00:00:00+00:00,2026-05-31T00:00:00+00:00
1381,15,BAT-MED-MON-10-1277,300.0,2026-05-17,2027-08-06,2026-06-01,2026-06-01T00:00:00+00:00,2026-06-01T00:00:00+00:00
1382,46,BAT-PPE-GLV-NIT-S-1281,270.0,2026-05-17,2027-03-13,2026-06-01,2026-06-01T00:00:00+00:00,2026-06-01T00:00:00+00:00
1383,75,BAT-SRG-FOL-18-1279,150.0,2026-05-18,2026-12-11,2026-06-02,2026-06-02T00:00:00+00:00,2026-06-02T00:00:00+00:00
1384,82,BAT-LAB-SRM-SST-1278,2700.0,2026-05-18,2027-06-11,2026-06-02,2026-06-02T00:00:00+00:00,2026-06-02T00:00:00+00:00
1385,83,BAT-LAB-SCT-TUBE-1286,1500.0,2026-05-18,2027-01-11,2026-06-02,2026-06-02T00:00:00+00:00,2026-06-02T00:00:00+00:00
1386,54,BAT-PPE-CAP-BLU-1287,75.0,2026-05-19,2027-08-17,2026-06-03,2026-06-03T00:00:00+00:00,2026-06-03T00:00:00+00:00
1387,72,BAT-SRG-BLD-10-1280,45.0,2026-05-19,2027-09-10,2026-06-03,2026-06-03T00:00:00+00:00,2026-06-03T00:00:00+00:00
1388,79,BAT-SRG-DRP-CS-1282,90.0,2026-05-19,2027-11-09,2026-06-03,2026-06-03T00:00:00+00:00,2026-06-03T00:00:00+00:00
1389,7,BAT-MED-AML-5-1307,480.0,2026-05-20,2027-05-17,2026-06-04,2026-06-04T00:00:00+00:00,2026-06-04T00:00:00+00:00
1390,13,BAT-MED-PRE-10-1302,180.0,2026-05-20,2027-09-01,2026-06-04,2026-06-04T00:00:00+00:00,2026-06-04T00:00:00+00:00
1391,23,BAT-SUP-SYR-10ML-1311,1200.0,2026-05-20,2026-12-21,2026-06-04,2026-06-04T00:00:00+00:00,2026-06-04T00:00:00+00:00
1392,45,BAT-PPE-GLV-NIT-L-1296,420.0,2026-05-20,2027-10-21,2026-06-04,2026-06-04T00:00:00+00:00,2026-06-04T00:00:00+00:00
1393,47,BAT-PPE-MSK-N95-1308,1350.0,2026-05-20,2027-09-04,2026-06-04,2026-06-04T00:00:00+00:00,2026-06-04T00:00:00+00:00
1394,74,BAT-SRG-BNE-WAX-1288,30.0,2026-05-20,2027-03-03,2026-06-04,2026-06-04T00:00:00+00:00,2026-06-04T00:00:00+00:00
1395,85,BAT-LAB-HIV-KIT-1305,75.0,2026-05-20,2027-08-02,2026-06-04,2026-06-04T00:00:00+00:00,2026-06-04T00:00:00+00:00
1396,91,BAT-LAB-TRP-KIT-1289,90.0,2026-05-20,2027-03-28,2026-06-04,2026-06-04T00:00:00+00:00,2026-06-04T00:00:00+00:00
1397,10,BAT-MED-LOS-50-1294,450.0,2026-05-21,2027-06-09,2026-06-05,2026-06-05T00:00:00+00:00,2026-06-05T00:00:00+00:00
1398,52,BAT-PPE-FSH-CLR-1285,120.0,2026-05-21,2027-05-30,2026-06-05,2026-06-05T00:00:00+00:00,2026-06-05T00:00:00+00:00
1399,61,BAT-SRG-VIC-30-1291,90.0,2026-05-21,2027-01-14,2026-06-05,2026-06-05T00:00:00+00:00,2026-06-05T00:00:00+00:00
1400,65,BAT-SRG-SLK-20-1299,60.0,2026-05-21,2027-05-23,2026-06-05,2026-06-05T00:00:00+00:00,2026-06-05T00:00:00+00:00
1401,81,BAT-LAB-EDT-K2-1292,3000.0,2026-05-21,2027-04-27,2026-06-05,2026-06-05T00:00:00+00:00,2026-06-05T00:00:00+00:00
1402,86,BAT-LAB-HCV-KIT-1309,60.0,2026-05-21,2027-01-01,2026-06-05,2026-06-05T00:00:00+00:00,2026-06-05T00:00:00+00:00
1403,35,BAT-SUP-FOL-CAT-1297,225.0,2026-05-22,2027-09-16,2026-06-06,2026-06-06T00:00:00+00:00,2026-06-06T00:00:00+00:00
1404,40,BAT-SUP-RIN-500-1318,600.0,2026-05-22,2027-04-10,2026-06-06,2026-06-06T00:00:00+00:00,2026-06-06T00:00:00+00:00
1405,53,BAT-PPE-SHC-DSP-1314,90.0,2026-05-22,2027-03-09,2026-06-06,2026-06-06T00:00:00+00:00,2026-06-06T00:00:00+00:00
1406,6,BAT-MED-OME-20-1300,420.0,2026-05-23,2027-01-21,2026-06-07,2026-06-07T00:00:00+00:00,2026-06-07T00:00:00+00:00
1407,43,BAT-PPE-GLV-LAT-S-1301,225.0,2026-05-23,2026-12-20,2026-06-07,2026-06-07T00:00:00+00:00,2026-06-07T00:00:00+00:00
1408,67,BAT-SRG-STP-DSP-1298,120.0,2026-05-23,2027-01-02,2026-06-07,2026-06-07T00:00:00+00:00,2026-06-07T00:00:00+00:00
1409,77,BAT-SRG-SKN-PEN-1320,225.0,2026-05-23,2027-06-27,2026-06-07,2026-06-07T00:00:00+00:00,2026-06-07T00:00:00+00:00
1410,78,BAT-SRG-SUC-YNK-1310,180.0,2026-05-23,2027-02-11,2026-06-07,2026-06-07T00:00:00+00:00,2026-06-07T00:00:00+00:00
1411,88,BAT-LAB-URN-DIP-1306,120.0,2026-05-23,2027-10-05,2026-06-07,2026-06-07T00:00:00+00:00,2026-06-07T00:00:00+00:00
1412,98,BAT-LAB-MIC-SLD-1319,75.0,2026-05-23,2027-01-07,2026-06-07,2026-06-07T00:00:00+00:00,2026-06-07T00:00:00+00:00
1413,99,BAT-LAB-HCG-CAS-1293,375.0,2026-05-23,2027-07-08,2026-06-07,2026-06-07T00:00:00+00:00,2026-06-07T00:00:00+00:00
1414,96,BAT-LAB-PIP-200-1321,45.0,2026-05-24,2027-05-16,2026-06-08,2026-06-08T00:00:00+00:00,2026-06-08T00:00:00+00:00
1415,11,BAT-MED-PAN-40-1303,330.0,2026-05-25,2027-06-15,2026-06-09,2026-06-09T00:00:00+00:00,2026-06-09T00:00:00+00:00
1416,66,BAT-SRG-MON-40-1313,45.0,2026-05-25,2027-02-10,2026-06-09,2026-06-09T00:00:00+00:00,2026-06-09T00:00:00+00:00
1417,84,BAT-LAB-GLU-STP-1331,180.0,2026-05-25,2027-04-11,2026-06-09,2026-06-09T00:00:00+00:00,2026-06-09T00:00:00+00:00
1418,94,BAT-LAB-BLD-CUL-1312,330.0,2026-05-25,2027-04-20,2026-06-09,2026-06-09T00:00:00+00:00,2026-06-09T00:00:00+00:00
1419,9,BAT-MED-GAB-300-1304,300.0,2026-05-26,2027-07-07,2026-06-10,2026-06-10T00:00:00+00:00,2026-06-10T00:00:00+00:00
1420,30,BAT-SUP-BND-4IN-1333,600.0,2026-05-26,2027-04-09,2026-06-10,2026-06-10T00:00:00+00:00,2026-06-10T00:00:00+00:00
1421,21,BAT-SUP-SYR-5ML-1317,1800.0,2026-05-27,2027-03-20,2026-06-11,2026-06-11T00:00:00+00:00,2026-06-11T00:00:00+00:00
1422,25,BAT-SUP-IVC-22G-1343,900.0,2026-05-27,2027-01-04,2026-06-11,2026-06-11T00:00:00+00:00,2026-06-11T00:00:00+00:00
1423,28,BAT-SUP-CTN-ROL-1340,225.0,2026-05-27,2027-02-27,2026-06-11,2026-06-11T00:00:00+00:00,2026-06-11T00:00:00+00:00
1424,50,BAT-PPE-GWN-DSP-1338,525.0,2026-05-27,2027-04-04,2026-06-11,2026-06-11T00:00:00+00:00,2026-06-11T00:00:00+00:00
1425,60,BAT-PPE-APR-WPR-1337,60.0,2026-05-27,2027-06-07,2026-06-11,2026-06-11T00:00:00+00:00,2026-06-11T00:00:00+00:00
1426,63,BAT-SRG-VIC-40-1328,60.0,2026-05-27,2027-09-29,2026-06-11,2026-06-11T00:00:00+00:00,2026-06-11T00:00:00+00:00
1427,71,BAT-SRG-LAP-SPN-1335,375.0,2026-05-27,2027-08-30,2026-06-11,2026-06-11T00:00:00+00:00,2026-06-11T00:00:00+00:00
1428,80,BAT-SRG-DRP-UNV-1325,150.0,2026-05-27,2027-09-01,2026-06-11,2026-06-11T00:00:00+00:00,2026-06-11T00:00:00+00:00
1429,8,BAT-MED-AZI-250-1323,225.0,2026-05-28,2027-02-25,2026-06-12,2026-06-12T00:00:00+00:00,2026-06-12T00:00:00+00:00
1430,14,BAT-MED-CLO-75-1322,375.0,2026-05-28,2027-05-31,2026-06-12,2026-06-12T00:00:00+00:00,2026-06-12T00:00:00+00:00
1431,32,BAT-SUP-GZE-SWB-1324,270.0,2026-05-28,2027-05-23,2026-06-12,2026-06-12T00:00:00+00:00,2026-06-12T00:00:00+00:00
1432,68,BAT-SRG-STP-REM-1316,150.0,2026-05-28,2027-06-17,2026-06-12,2026-06-12T00:00:00+00:00,2026-06-12T00:00:00+00:00
1433,2,BAT-MED-IBU-400-1336,450.0,2026-05-29,2027-09-12,2026-06-13,2026-06-13T00:00:00+00:00,2026-06-13T00:00:00+00:00
1434,24,BAT-SUP-IVC-20G-1351,750.0,2026-05-29,2027-11-25,2026-06-13,2026-06-13T00:00:00+00:00,2026-06-13T00:00:00+00:00
1435,44,BAT-PPE-GLV-NIT-M-1329,450.0,2026-05-29,2027-02-26,2026-06-13,2026-06-13T00:00:00+00:00,2026-06-13T00:00:00+00:00
1436,57,BAT-PPE-WIP-DIS-1315,150.0,2026-05-29,2027-05-08,2026-06-13,2026-06-13T00:00:00+00:00,2026-06-13T00:00:00+00:00
1437,62,BAT-SRG-VIC-20-1330,75.0,2026-05-29,2027-01-06,2026-06-13,2026-06-13T00:00:00+00:00,2026-06-13T00:00:00+00:00
1438,89,BAT-LAB-HCG-STR-1326,450.0,2026-05-29,2027-10-18,2026-06-13,2026-06-13T00:00:00+00:00,2026-06-13T00:00:00+00:00
1439,26,BAT-SUP-IVC-18G-1353,450.0,2026-05-30,2027-08-26,2026-06-14,2026-06-14T00:00:00+00:00,2026-06-14T00:00:00+00:00
1440,33,BAT-SUP-IVF-SET-1350,1050.0,2026-05-30,2027-01-05,2026-06-14,2026-06-14T00:00:00+00:00,2026-06-14T00:00:00+00:00
1441,37,BAT-SUP-DSC-15-1327,270.0,2026-05-30,2027-11-26,2026-06-14,2026-06-14T00:00:00+00:00,2026-06-14T00:00:00+00:00
1442,58,BAT-PPE-BIO-LRG-1349,600.0,2026-05-30,2027-03-20,2026-06-14,2026-06-14T00:00:00+00:00,2026-06-14T00:00:00+00:00
1443,64,BAT-SRG-SLK-30-1339,75.0,2026-05-30,2027-09-07,2026-06-14,2026-06-14T00:00:00+00:00,2026-06-14T00:00:00+00:00
1444,70,BAT-SRG-SUC-TUB-1334,225.0,2026-05-30,2027-11-15,2026-06-14,2026-06-14T00:00:00+00:00,2026-06-14T00:00:00+00:00
1445,12,BAT-MED-CET-10-1341,270.0,2026-05-31,2027-11-02,2026-06-15,2026-06-15T00:00:00+00:00,2026-06-15T00:00:00+00:00
1446,87,BAT-LAB-SYP-KIT-1352,60.0,2026-05-31,2027-09-11,2026-06-15,2026-06-15T00:00:00+00:00,2026-06-15T00:00:00+00:00
1447,20,BAT-MED-WAR-5-1332,150.0,2026-06-01,2027-09-01,2026-06-16,2026-06-16T00:00:00+00:00,2026-06-16T00:00:00+00:00
1448,36,BAT-SUP-DSC-11-1345,300.0,2026-06-01,2027-04-05,2026-06-16,2026-06-16T00:00:00+00:00,2026-06-16T00:00:00+00:00
1449,69,BAT-SRG-NDL-EPI-1344,180.0,2026-06-01,2027-03-15,2026-06-16,2026-06-16T00:00:00+00:00,2026-06-16T00:00:00+00:00
1450,27,BAT-SUP-ALC-PAD-1348,180.0,2026-06-02,2027-02-27,2026-06-17,2026-06-17T00:00:00+00:00,2026-06-17T00:00:00+00:00
1451,59,BAT-PPE-BIO-MED-1342,750.0,2026-06-02,2027-03-20,2026-06-17,2026-06-17T00:00:00+00:00,2026-06-17T00:00:00+00:00
1452,3,BAT-MED-AMX-500-1346,375.0,2026-06-03,2026-12-23,2026-06-18,2026-06-18T00:00:00+00:00,2026-06-18T00:00:00+00:00
1453,15,BAT-MED-MON-10-1354,300.0,2026-06-03,2027-08-24,2026-06-18,2026-06-18T00:00:00+00:00,2026-06-18T00:00:00+00:00
1454,17,BAT-MED-LEV-50-1357,750.0,2026-06-03,2027-09-15,2026-06-18,2026-06-18T00:00:00+00:00,2026-06-18T00:00:00+00:00
1455,31,BAT-SUP-BND-3IN-1364,675.0,2026-06-03,2027-05-28,2026-06-18,2026-06-18T00:00:00+00:00,2026-06-18T00:00:00+00:00
1456,51,BAT-PPE-GOG-PRT-1363,75.0,2026-06-03,2027-03-21,2026-06-18,2026-06-18T00:00:00+00:00,2026-06-18T00:00:00+00:00
1457,55,BAT-PPE-SAN-500-1355,210.0,2026-06-03,2027-07-27,2026-06-18,2026-06-18T00:00:00+00:00,2026-06-18T00:00:00+00:00
1458,41,BAT-PPE-GLV-LAT-M-1367,375.0,2026-06-04,2027-11-09,2026-06-19,2026-06-19T00:00:00+00:00,2026-06-19T00:00:00+00:00
1459,46,BAT-PPE-GLV-NIT-S-1361,270.0,2026-06-04,2027-03-02,2026-06-19,2026-06-19T00:00:00+00:00,2026-06-19T00:00:00+00:00
1460,48,BAT-PPE-MSK-3PLY-1347,225.0,2026-06-04,2027-05-08,2026-06-19,2026-06-19T00:00:00+00:00,2026-06-19T00:00:00+00:00
1461,4,BAT-MED-MET-500-1370,600.0,2026-06-05,2027-10-21,2026-06-20,2026-06-20T00:00:00+00:00,2026-06-20T00:00:00+00:00
1462,5,BAT-MED-ATO-20-1369,525.0,2026-06-05,2027-03-19,2026-06-20,2026-06-20T00:00:00+00:00,2026-06-20T00:00:00+00:00
1463,34,BAT-SUP-URN-BAG-1360,375.0,2026-06-05,2027-05-19,2026-06-20,2026-06-20T00:00:00+00:00,2026-06-20T00:00:00+00:00
1464,73,BAT-SRG-BLD-22-1358,30.0,2026-06-05,2027-11-19,2026-06-20,2026-06-20T00:00:00+00:00,2026-06-20T00:00:00+00:00
1465,76,BAT-SRG-TAP-2IN-1356,210.0,2026-06-05,2027-05-08,2026-06-20,2026-06-20T00:00:00+00:00,2026-06-20T00:00:00+00:00
1466,90,BAT-LAB-DDM-KIT-1371,45.0,2026-06-05,2027-02-17,2026-06-20,2026-06-20T00:00:00+00:00,2026-06-20T00:00:00+00:00
1467,97,BAT-LAB-PIP-1KW-1373,30.0,2026-06-05,2027-09-28,2026-06-20,2026-06-20T00:00:00+00:00,2026-06-20T00:00:00+00:00
1468,19,BAT-MED-MTP-25-1379,420.0,2026-06-06,2027-09-16,2026-06-21,2026-06-21T00:00:00+00:00,2026-06-21T00:00:00+00:00
1469,22,BAT-SUP-SYR-2ML-1384,2250.0,2026-06-06,2027-01-10,2026-06-21,2026-06-21T00:00:00+00:00,2026-06-21T00:00:00+00:00
1470,49,BAT-PPE-GWN-STR-1362,330.0,2026-06-06,2027-10-10,2026-06-21,2026-06-21T00:00:00+00:00,2026-06-21T00:00:00+00:00
1471,82,BAT-LAB-SRM-SST-1359,2700.0,2026-06-06,2027-10-27,2026-06-21,2026-06-21T00:00:00+00:00,2026-06-21T00:00:00+00:00
1472,1,BAT-MED-PCM-500-1389,675.0,2026-06-07,2027-02-07,2026-06-22,2026-06-22T00:00:00+00:00,2026-06-22T00:00:00+00:00
1473,29,BAT-SUP-ADH-PLST-1390,120.0,2026-06-07,2027-12-05,2026-06-22,2026-06-22T00:00:00+00:00,2026-06-22T00:00:00+00:00
1474,56,BAT-PPE-SAN-100-1365,300.0,2026-06-07,2027-06-07,2026-06-22,2026-06-22T00:00:00+00:00,2026-06-22T00:00:00+00:00
1475,92,BAT-LAB-CRP-KIT-1391,30.0,2026-06-07,2027-10-22,2026-06-22,2026-06-22T00:00:00+00:00,2026-06-22T00:00:00+00:00
1476,100,BAT-LAB-BGP-ANA-1387,30.0,2026-06-07,2027-06-19,2026-06-22,2026-06-22T00:00:00+00:00,2026-06-22T00:00:00+00:00
1477,38,BAT-SUP-WTR-10ML-1376,1500.0,2026-06-08,2027-10-18,2026-06-23,2026-06-23T00:00:00+00:00,2026-06-23T00:00:00+00:00
1478,40,BAT-SUP-RIN-500-1393,600.0,2026-06-08,2026-12-30,2026-06-23,2026-06-23T00:00:00+00:00,2026-06-23T00:00:00+00:00
1479,54,BAT-PPE-CAP-BLU-1372,75.0,2026-06-08,2026-12-21,2026-06-23,2026-06-23T00:00:00+00:00,2026-06-23T00:00:00+00:00
1480,81,BAT-LAB-EDT-K2-1368,3000.0,2026-06-08,2027-11-25,2026-06-23,2026-06-23T00:00:00+00:00,2026-06-23T00:00:00+00:00
1481,83,BAT-LAB-SCT-TUBE-1383,1500.0,2026-06-08,2027-09-03,2026-06-23,2026-06-23T00:00:00+00:00,2026-06-23T00:00:00+00:00
1482,95,BAT-LAB-MAL-KIT-1381,225.0,2026-06-08,2027-05-24,2026-06-23,2026-06-23T00:00:00+00:00,2026-06-23T00:00:00+00:00
1483,6,BAT-MED-OME-20-1382,420.0,2026-06-09,2027-09-22,2026-06-24,2026-06-24T00:00:00+00:00,2026-06-24T00:00:00+00:00
1484,39,BAT-SUP-SAL-500-1375,900.0,2026-06-09,2027-07-10,2026-06-24,2026-06-24T00:00:00+00:00,2026-06-24T00:00:00+00:00
1485,42,BAT-PPE-GLV-LAT-L-1397,300.0,2026-06-09,2027-03-22,2026-06-24,2026-06-24T00:00:00+00:00,2026-06-24T00:00:00+00:00
1486,52,BAT-PPE-FSH-CLR-1366,120.0,2026-06-09,2027-01-08,2026-06-24,2026-06-24T00:00:00+00:00,2026-06-24T00:00:00+00:00
1487,61,BAT-SRG-VIC-30-1374,90.0,2026-06-09,2027-08-07,2026-06-24,2026-06-24T00:00:00+00:00,2026-06-24T00:00:00+00:00
1488,93,BAT-LAB-RF-KIT-1378,30.0,2026-06-09,2027-07-03,2026-06-24,2026-06-24T00:00:00+00:00,2026-06-24T00:00:00+00:00
1489,72,BAT-SRG-BLD-10-1380,45.0,2026-06-10,2027-06-28,2026-06-25,2026-06-25T00:00:00+00:00,2026-06-25T00:00:00+00:00
1490,75,BAT-SRG-FOL-18-1385,150.0,2026-06-10,2027-03-05,2026-06-25,2026-06-25T00:00:00+00:00,2026-06-25T00:00:00+00:00
1491,13,BAT-MED-PRE-10-1401,180.0,2026-06-11,2027-01-31,2026-06-26,2026-06-26T00:00:00+00:00,2026-06-26T00:00:00+00:00
1492,16,BAT-MED-ALB-INH-1377,120.0,2026-06-11,2027-01-04,2026-06-26,2026-06-26T00:00:00+00:00,2026-06-26T00:00:00+00:00
1493,23,BAT-SUP-SYR-10ML-1405,1200.0,2026-06-11,2027-08-03,2026-06-26,2026-06-26T00:00:00+00:00,2026-06-26T00:00:00+00:00
1494,47,BAT-PPE-MSK-N95-1404,1350.0,2026-06-11,2027-03-09,2026-06-26,2026-06-26T00:00:00+00:00,2026-06-26T00:00:00+00:00
1495,53,BAT-PPE-SHC-DSP-1407,90.0,2026-06-12,2027-09-02,2026-06-27,2026-06-27T00:00:00+00:00,2026-06-27T00:00:00+00:00
1496,43,BAT-PPE-GLV-LAT-S-1394,225.0,2026-06-13,2027-07-28,2026-06-28,2026-06-28T00:00:00+00:00,2026-06-28T00:00:00+00:00
1497,67,BAT-SRG-STP-DSP-1392,120.0,2026-06-13,2027-06-02,2026-06-28,2026-06-28T00:00:00+00:00,2026-06-28T00:00:00+00:00
1498,85,BAT-LAB-HIV-KIT-1410,75.0,2026-06-13,2027-12-12,2026-06-28,2026-06-28T00:00:00+00:00,2026-06-28T00:00:00+00:00
1499,99,BAT-LAB-HCG-CAS-1386,375.0,2026-06-13,2027-01-13,2026-06-28,2026-06-28T00:00:00+00:00,2026-06-28T00:00:00+00:00
1500,9,BAT-MED-GAB-300-1388,300.0,2026-06-14,2027-08-06,2026-06-29,2026-06-29T00:00:00+00:00,2026-06-29T00:00:00+00:00
1501,10,BAT-MED-LOS-50-1395,450.0,2026-06-14,2027-12-10,2026-06-29,2026-06-29T00:00:00+00:00,2026-06-29T00:00:00+00:00
1502,18,BAT-MED-TRA-50-1419,210.0,2026-06-14,2027-09-16,2026-06-29,2026-06-29T00:00:00+00:00,2026-06-29T00:00:00+00:00
1503,35,BAT-SUP-FOL-CAT-1396,225.0,2026-06-14,2027-06-23,2026-06-29,2026-06-29T00:00:00+00:00,2026-06-29T00:00:00+00:00
1504,77,BAT-SRG-SKN-PEN-1418,225.0,2026-06-14,2027-02-03,2026-06-29,2026-06-29T00:00:00+00:00,2026-06-29T00:00:00+00:00
1505,78,BAT-SRG-SUC-YNK-1403,180.0,2026-06-14,2027-05-14,2026-06-29,2026-06-29T00:00:00+00:00,2026-06-29T00:00:00+00:00
1506,79,BAT-SRG-DRP-CS-1398,90.0,2026-06-14,2027-11-24,2026-06-29,2026-06-29T00:00:00+00:00,2026-06-29T00:00:00+00:00
1507,7,BAT-MED-AML-5-1426,480.0,2026-06-15,2027-12-11,2026-06-30,2026-06-30T00:00:00+00:00,2026-06-30T00:00:00+00:00
1508,11,BAT-MED-PAN-40-1399,330.0,2026-06-15,2027-03-20,2026-06-30,2026-06-30T00:00:00+00:00,2026-06-30T00:00:00+00:00
1509,44,BAT-PPE-GLV-NIT-M-1400,450.0,2026-06-15,2027-08-02,2026-06-30,2026-06-30T00:00:00+00:00,2026-06-30T00:00:00+00:00
1510,45,BAT-PPE-GLV-NIT-L-1406,420.0,2026-06-15,2027-05-20,2026-06-30,2026-06-30T00:00:00+00:00,2026-06-30T00:00:00+00:00
1511,65,BAT-SRG-SLK-20-1414,60.0,2026-06-16,2027-09-16,2026-07-01,2026-07-01T00:00:00+00:00,2026-07-01T00:00:00+00:00
1512,80,BAT-SRG-DRP-UNV-1416,150.0,2026-06-16,2027-10-27,2026-07-01,2026-07-01T00:00:00+00:00,2026-07-01T00:00:00+00:00
1513,88,BAT-LAB-URN-DIP-1408,120.0,2026-06-16,2027-03-19,2026-07-01,2026-07-01T00:00:00+00:00,2026-07-01T00:00:00+00:00
1514,94,BAT-LAB-BLD-CUL-1402,330.0,2026-06-16,2027-01-04,2026-07-01,2026-07-01T00:00:00+00:00,2026-07-01T00:00:00+00:00
1515,91,BAT-LAB-TRP-KIT-1409,90.0,2026-06-17,2027-03-07,2026-07-02,2026-07-02T00:00:00+00:00,2026-07-02T00:00:00+00:00
1516,21,BAT-SUP-SYR-5ML-1415,1800.0,2026-06-18,2027-02-17,2026-07-03,2026-07-03T00:00:00+00:00,2026-07-03T00:00:00+00:00
1517,28,BAT-SUP-CTN-ROL-1431,225.0,2026-06-18,2027-10-21,2026-07-03,2026-07-03T00:00:00+00:00,2026-07-03T00:00:00+00:00
1518,62,BAT-SRG-VIC-20-1412,75.0,2026-06-18,2027-07-15,2026-07-03,2026-07-03T00:00:00+00:00,2026-07-03T00:00:00+00:00
1519,66,BAT-SRG-MON-40-1417,45.0,2026-06-18,2027-09-29,2026-07-03,2026-07-03T00:00:00+00:00,2026-07-03T00:00:00+00:00
1520,71,BAT-SRG-LAP-SPN-1432,375.0,2026-06-18,2027-02-10,2026-07-03,2026-07-03T00:00:00+00:00,2026-07-03T00:00:00+00:00
1521,86,BAT-LAB-HCV-KIT-1437,60.0,2026-06-18,2027-06-07,2026-07-03,2026-07-03T00:00:00+00:00,2026-07-03T00:00:00+00:00
1522,89,BAT-LAB-HCG-STR-1413,450.0,2026-06-18,2027-08-06,2026-07-03,2026-07-03T00:00:00+00:00,2026-07-03T00:00:00+00:00
1523,96,BAT-LAB-PIP-200-1433,45.0,2026-06-18,2027-10-24,2026-07-03,2026-07-03T00:00:00+00:00,2026-07-03T00:00:00+00:00
1524,98,BAT-LAB-MIC-SLD-1436,75.0,2026-06-18,2027-12-19,2026-07-03,2026-07-03T00:00:00+00:00,2026-07-03T00:00:00+00:00
1525,2,BAT-MED-IBU-400-1430,450.0,2026-06-19,2027-08-30,2026-07-04,2026-07-04T00:00:00+00:00,2026-07-04T00:00:00+00:00
1526,32,BAT-SUP-GZE-SWB-1422,270.0,2026-06-19,2027-04-24,2026-07-04,2026-07-04T00:00:00+00:00,2026-07-04T00:00:00+00:00
1527,84,BAT-LAB-GLU-STP-1444,180.0,2026-06-19,2027-09-04,2026-07-04,2026-07-04T00:00:00+00:00,2026-07-04T00:00:00+00:00
1528,14,BAT-MED-CLO-75-1423,375.0,2026-06-20,2027-01-19,2026-07-05,2026-07-05T00:00:00+00:00,2026-07-05T00:00:00+00:00
1529,15,BAT-MED-MON-10-1428,300.0,2026-06-20,2027-03-21,2026-07-05,2026-07-05T00:00:00+00:00,2026-07-05T00:00:00+00:00
1530,24,BAT-SUP-IVC-20G-1446,750.0,2026-06-20,2027-05-18,2026-07-05,2026-07-05T00:00:00+00:00,2026-07-05T00:00:00+00:00
1531,31,BAT-SUP-BND-3IN-1445,675.0,2026-06-20,2027-10-23,2026-07-05,2026-07-05T00:00:00+00:00,2026-07-05T00:00:00+00:00
1532,37,BAT-SUP-DSC-15-1420,270.0,2026-06-20,2027-10-31,2026-07-05,2026-07-05T00:00:00+00:00,2026-07-05T00:00:00+00:00
1533,57,BAT-PPE-WIP-DIS-1411,150.0,2026-06-20,2027-12-06,2026-07-05,2026-07-05T00:00:00+00:00,2026-07-05T00:00:00+00:00
1534,59,BAT-PPE-BIO-MED-1421,750.0,2026-06-20,2027-09-23,2026-07-05,2026-07-05T00:00:00+00:00,2026-07-05T00:00:00+00:00
1535,69,BAT-SRG-NDL-EPI-1427,180.0,2026-06-20,2027-10-07,2026-07-05,2026-07-05T00:00:00+00:00,2026-07-05T00:00:00+00:00
1536,74,BAT-SRG-BNE-WAX-1425,30.0,2026-06-20,2027-10-18,2026-07-05,2026-07-05T00:00:00+00:00,2026-07-05T00:00:00+00:00
1537,26,BAT-SUP-IVC-18G-1453,450.0,2026-06-21,2027-11-12,2026-07-06,2026-07-06T00:00:00+00:00,2026-07-06T00:00:00+00:00
1538,33,BAT-SUP-IVF-SET-1451,1050.0,2026-06-21,2027-07-04,2026-07-06,2026-07-06T00:00:00+00:00,2026-07-06T00:00:00+00:00
1539,55,BAT-PPE-SAN-500-1435,210.0,2026-06-21,2027-01-12,2026-07-06,2026-07-06T00:00:00+00:00,2026-07-06T00:00:00+00:00
1540,8,BAT-MED-AZI-250-1434,225.0,2026-06-22,2027-05-17,2026-07-07,2026-07-07T00:00:00+00:00,2026-07-07T00:00:00+00:00
1541,17,BAT-MED-LEV-50-1440,750.0,2026-06-22,2027-05-18,2026-07-07,2026-07-07T00:00:00+00:00,2026-07-07T00:00:00+00:00
1542,20,BAT-MED-WAR-5-1424,150.0,2026-06-22,2027-07-30,2026-07-07,2026-07-07T00:00:00+00:00,2026-07-07T00:00:00+00:00
1543,25,BAT-SUP-IVC-22G-1463,900.0,2026-06-22,2027-06-14,2026-07-07,2026-07-07T00:00:00+00:00,2026-07-07T00:00:00+00:00
1544,50,BAT-PPE-GWN-DSP-1452,525.0,2026-06-22,2027-03-13,2026-07-07,2026-07-07T00:00:00+00:00,2026-07-07T00:00:00+00:00
1545,58,BAT-PPE-BIO-LRG-1454,600.0,2026-06-22,2027-06-07,2026-07-07,2026-07-07T00:00:00+00:00,2026-07-07T00:00:00+00:00
1546,63,BAT-SRG-VIC-40-1442,60.0,2026-06-22,2027-11-23,2026-07-07,2026-07-07T00:00:00+00:00,2026-07-07T00:00:00+00:00
1547,64,BAT-SRG-SLK-30-1439,75.0,2026-06-22,2027-09-30,2026-07-07,2026-07-07T00:00:00+00:00,2026-07-07T00:00:00+00:00
1548,68,BAT-SRG-STP-REM-1429,150.0,2026-06-22,2027-10-16,2026-07-07,2026-07-07T00:00:00+00:00,2026-07-07T00:00:00+00:00
1549,70,BAT-SRG-SUC-TUB-1438,225.0,2026-06-22,2027-03-11,2026-07-07,2026-07-07T00:00:00+00:00,2026-07-07T00:00:00+00:00
1550,12,BAT-MED-CET-10-1441,270.0,2026-06-23,2027-07-13,2026-07-08,2026-07-08T00:00:00+00:00,2026-07-08T00:00:00+00:00
1551,22,BAT-SUP-SYR-2ML-1462,2250.0,2026-06-23,2027-08-22,2026-07-08,2026-07-08T00:00:00+00:00,2026-07-08T00:00:00+00:00
1552,41,BAT-PPE-GLV-LAT-M-1458,375.0,2026-06-23,2027-05-21,2026-07-08,2026-07-08T00:00:00+00:00,2026-07-08T00:00:00+00:00
1553,60,BAT-PPE-APR-WPR-1461,60.0,2026-06-23,2027-10-26,2026-07-08,2026-07-08T00:00:00+00:00,2026-07-08T00:00:00+00:00
1554,29,BAT-SUP-ADH-PLST-1466,120.0,2026-06-24,2027-01-13,2026-07-09,2026-07-09T00:00:00+00:00,2026-07-09T00:00:00+00:00
1555,36,BAT-SUP-DSC-11-1449,300.0,2026-06-24,2027-05-25,2026-07-09,2026-07-09T00:00:00+00:00,2026-07-09T00:00:00+00:00
1556,38,BAT-SUP-WTR-10ML-1450,1500.0,2026-06-24,2027-02-28,2026-07-09,2026-07-09T00:00:00+00:00,2026-07-09T00:00:00+00:00
1557,46,BAT-PPE-GLV-NIT-S-1455,270.0,2026-06-25,2027-11-07,2026-07-10,2026-07-10T00:00:00+00:00,2026-07-10T00:00:00+00:00
1558,48,BAT-PPE-MSK-3PLY-1443,225.0,2026-06-25,2027-10-04,2026-07-10,2026-07-10T00:00:00+00:00,2026-07-10T00:00:00+00:00
1559,49,BAT-PPE-GWN-STR-1448,330.0,2026-06-25,2027-04-22,2026-07-10,2026-07-10T00:00:00+00:00,2026-07-10T00:00:00+00:00
1560,82,BAT-LAB-SRM-SST-1447,2700.0,2026-06-25,2027-12-15,2026-07-10,2026-07-10T00:00:00+00:00,2026-07-10T00:00:00+00:00
1561,83,BAT-LAB-SCT-TUBE-1456,1500.0,2026-06-25,2027-08-02,2026-07-10,2026-07-10T00:00:00+00:00,2026-07-10T00:00:00+00:00
1562,5,BAT-MED-ATO-20-1471,525.0,2026-06-26,2027-10-05,2026-07-11,2026-07-11T00:00:00+00:00,2026-07-11T00:00:00+00:00
1563,34,BAT-SUP-URN-BAG-1464,375.0,2026-06-26,2027-07-11,2026-07-11,2026-07-11T00:00:00+00:00,2026-07-11T00:00:00+00:00
1564,87,BAT-LAB-SYP-KIT-1469,60.0,2026-06-26,2027-07-25,2026-07-11,2026-07-11T00:00:00+00:00,2026-07-11T00:00:00+00:00
1565,3,BAT-MED-AMX-500-1459,375.0,2026-06-27,2027-06-30,2026-07-12,2026-07-12T00:00:00+00:00,2026-07-12T00:00:00+00:00
1566,40,BAT-SUP-RIN-500-1475,600.0,2026-06-27,2027-03-26,2026-07-12,2026-07-12T00:00:00+00:00,2026-07-12T00:00:00+00:00
1567,73,BAT-SRG-BLD-22-1460,30.0,2026-06-27,2027-05-06,2026-07-12,2026-07-12T00:00:00+00:00,2026-07-12T00:00:00+00:00
1568,76,BAT-SRG-TAP-2IN-1457,210.0,2026-06-27,2027-08-10,2026-07-12,2026-07-12T00:00:00+00:00,2026-07-12T00:00:00+00:00
1569,97,BAT-LAB-PIP-1KW-1472,30.0,2026-06-27,2027-10-29,2026-07-12,2026-07-12T00:00:00+00:00,2026-07-12T00:00:00+00:00
1570,27,BAT-SUP-ALC-PAD-1468,180.0,2026-06-28,2027-05-09,2026-07-13,2026-07-13T00:00:00+00:00,2026-07-13T00:00:00+00:00
1571,39,BAT-SUP-SAL-500-1465,900.0,2026-06-28,2027-10-24,2026-07-13,2026-07-13T00:00:00+00:00,2026-07-13T00:00:00+00:00
1572,54,BAT-PPE-CAP-BLU-1467,75.0,2026-06-28,2027-08-01,2026-07-13,2026-07-13T00:00:00+00:00,2026-07-13T00:00:00+00:00
1573,30,BAT-SUP-BND-4IN-1479,600.0,2026-06-29,2027-11-02,2026-07-14,2026-07-14T00:00:00+00:00,2026-07-14T00:00:00+00:00
1574,47,BAT-PPE-MSK-N95-1478,1350.0,2026-06-29,2027-08-31,2026-07-14,2026-07-14T00:00:00+00:00,2026-07-14T00:00:00+00:00
1575,1,BAT-MED-PCM-500-1486,675.0,2026-06-30,2027-10-11,2026-07-15,2026-07-15T00:00:00+00:00,2026-07-15T00:00:00+00:00
1576,4,BAT-MED-MET-500-1481,600.0,2026-06-30,2027-10-11,2026-07-15,2026-07-15T00:00:00+00:00,2026-07-15T00:00:00+00:00
1577,6,BAT-MED-OME-20-1473,420.0,2026-06-30,2027-05-14,2026-07-15,2026-07-15T00:00:00+00:00,2026-07-15T00:00:00+00:00
1578,7,BAT-MED-AML-5-1485,480.0,2026-06-30,2027-02-24,2026-07-15,2026-07-15T00:00:00+00:00,2026-07-15T00:00:00+00:00
1579,81,BAT-LAB-EDT-K2-1470,3000.0,2026-06-30,2027-06-17,2026-07-15,2026-07-15T00:00:00+00:00,2026-07-15T00:00:00+00:00
1580,42,BAT-PPE-GLV-LAT-L-1489,300.0,2026-07-01,2027-02-02,2026-07-16,2026-07-16T00:00:00+00:00,2026-07-16T00:00:00+00:00
1581,51,BAT-PPE-GOG-PRT-1487,75.0,2026-07-01,2027-09-07,2026-07-16,2026-07-16T00:00:00+00:00,2026-07-16T00:00:00+00:00
1582,61,BAT-SRG-VIC-30-1474,90.0,2026-07-01,2027-03-09,2026-07-16,2026-07-16T00:00:00+00:00,2026-07-16T00:00:00+00:00
1583,90,BAT-LAB-DDM-KIT-1484,45.0,2026-07-01,2027-06-15,2026-07-16,2026-07-16T00:00:00+00:00,2026-07-16T00:00:00+00:00
1584,78,BAT-SRG-SUC-YNK-1482,180.0,2026-07-02,2027-08-11,2026-07-17,2026-07-17T00:00:00+00:00,2026-07-17T00:00:00+00:00
1585,95,BAT-LAB-MAL-KIT-1480,225.0,2026-07-02,2027-09-27,2026-07-17,2026-07-17T00:00:00+00:00,2026-07-17T00:00:00+00:00
1586,75,BAT-SRG-FOL-18-1477,150.0,2026-07-03,2027-12-12,2026-07-18,2026-07-18T00:00:00+00:00,2026-07-18T00:00:00+00:00
1587,18,BAT-MED-TRA-50-1502,210.0,2026-07-04,2027-05-01,2026-07-19,2026-07-19T00:00:00+00:00,2026-07-19T00:00:00+00:00
1588,19,BAT-MED-MTP-25-1496,420.0,2026-07-04,2027-12-28,2026-07-19,2026-07-19T00:00:00+00:00,2026-07-19T00:00:00+00:00
1589,43,BAT-PPE-GLV-LAT-S-1483,225.0,2026-07-04,2027-12-20,2026-07-19,2026-07-19T00:00:00+00:00,2026-07-19T00:00:00+00:00
1590,13,BAT-MED-PRE-10-1499,180.0,2026-07-05,2027-05-17,2026-07-20,2026-07-20T00:00:00+00:00,2026-07-20T00:00:00+00:00
1591,52,BAT-PPE-FSH-CLR-1476,120.0,2026-07-05,2027-06-18,2026-07-20,2026-07-20T00:00:00+00:00,2026-07-20T00:00:00+00:00
1592,77,BAT-SRG-SKN-PEN-1511,225.0,2026-07-05,2027-08-07,2026-07-20,2026-07-20T00:00:00+00:00,2026-07-20T00:00:00+00:00
1593,100,BAT-LAB-BGP-ANA-1501,30.0,2026-07-05,2027-10-16,2026-07-20,2026-07-20T00:00:00+00:00,2026-07-20T00:00:00+00:00
1594,23,BAT-SUP-SYR-10ML-1521,1200.0,2026-07-06,2027-02-01,2026-07-21,2026-07-21T00:00:00+00:00,2026-07-21T00:00:00+00:00
1595,45,BAT-PPE-GLV-NIT-L-1493,420.0,2026-07-06,2027-08-23,2026-07-21,2026-07-21T00:00:00+00:00,2026-07-21T00:00:00+00:00
1596,56,BAT-PPE-SAN-100-1488,300.0,2026-07-06,2027-06-25,2026-07-21,2026-07-21T00:00:00+00:00,2026-07-21T00:00:00+00:00
1597,85,BAT-LAB-HIV-KIT-1506,75.0,2026-07-06,2027-01-31,2026-07-21,2026-07-21T00:00:00+00:00,2026-07-21T00:00:00+00:00
1598,21,BAT-SUP-SYR-5ML-1492,1800.0,2026-07-07,2027-07-25,2026-07-22,2026-07-22T00:00:00+00:00,2026-07-22T00:00:00+00:00
1599,33,BAT-SUP-IVF-SET-1519,1050.0,2026-07-07,2027-10-14,2026-07-22,2026-07-22T00:00:00+00:00,2026-07-22T00:00:00+00:00
1600,35,BAT-SUP-FOL-CAT-1490,225.0,2026-07-07,2027-08-23,2026-07-22,2026-07-22T00:00:00+00:00,2026-07-22T00:00:00+00:00
1601,53,BAT-PPE-SHC-DSP-1520,90.0,2026-07-07,2027-05-02,2026-07-22,2026-07-22T00:00:00+00:00,2026-07-22T00:00:00+00:00
1602,10,BAT-MED-LOS-50-1495,450.0,2026-07-08,2027-10-16,2026-07-23,2026-07-23T00:00:00+00:00,2026-07-23T00:00:00+00:00
1603,65,BAT-SRG-SLK-20-1507,60.0,2026-07-08,2028-01-12,2026-07-23,2026-07-23T00:00:00+00:00,2026-07-23T00:00:00+00:00
1604,72,BAT-SRG-BLD-10-1497,45.0,2026-07-08,2027-08-17,2026-07-23,2026-07-23T00:00:00+00:00,2026-07-23T00:00:00+00:00
1605,79,BAT-SRG-DRP-CS-1494,90.0,2026-07-08,2027-12-07,2026-07-23,2026-07-23T00:00:00+00:00,2026-07-23T00:00:00+00:00
1606,98,BAT-LAB-MIC-SLD-1524,75.0,2026-07-08,2028-01-13,2026-07-23,2026-07-23T00:00:00+00:00,2026-07-23T00:00:00+00:00
1607,24,BAT-SUP-IVC-20G-1531,750.0,2026-07-09,2027-09-01,2026-07-24,2026-07-24T00:00:00+00:00,2026-07-24T00:00:00+00:00
1608,28,BAT-SUP-CTN-ROL-1527,225.0,2026-07-09,2027-10-02,2026-07-24,2026-07-24T00:00:00+00:00,2026-07-24T00:00:00+00:00
1609,31,BAT-SUP-BND-3IN-1525,675.0,2026-07-09,2027-03-03,2026-07-24,2026-07-24T00:00:00+00:00,2026-07-24T00:00:00+00:00
1610,66,BAT-SRG-MON-40-1509,45.0,2026-07-09,2027-12-31,2026-07-24,2026-07-24T00:00:00+00:00,2026-07-24T00:00:00+00:00
1611,67,BAT-SRG-STP-DSP-1504,120.0,2026-07-09,2027-05-18,2026-07-24,2026-07-24T00:00:00+00:00,2026-07-24T00:00:00+00:00
1612,69,BAT-SRG-NDL-EPI-1510,180.0,2026-07-09,2027-07-06,2026-07-24,2026-07-24T00:00:00+00:00,2026-07-24T00:00:00+00:00
1613,92,BAT-LAB-CRP-KIT-1533,30.0,2026-07-09,2027-05-05,2026-07-24,2026-07-24T00:00:00+00:00,2026-07-24T00:00:00+00:00
1614,94,BAT-LAB-BLD-CUL-1500,330.0,2026-07-09,2027-10-12,2026-07-24,2026-07-24T00:00:00+00:00,2026-07-24T00:00:00+00:00
1615,99,BAT-LAB-HCG-CAS-1491,375.0,2026-07-09,2027-12-21,2026-07-24,2026-07-24T00:00:00+00:00,2026-07-24T00:00:00+00:00
1616,11,BAT-MED-PAN-40-1498,330.0,2026-07-10,2028-01-13,2026-07-25,2026-07-25T00:00:00+00:00,2026-07-25T00:00:00+00:00
1617,32,BAT-SUP-GZE-SWB-1505,270.0,2026-07-10,2027-12-12,2026-07-25,2026-07-25T00:00:00+00:00,2026-07-25T00:00:00+00:00
1618,36,BAT-SUP-DSC-11-1516,300.0,2026-07-10,2027-04-13,2026-07-25,2026-07-25T00:00:00+00:00,2026-07-25T00:00:00+00:00
1619,84,BAT-LAB-GLU-STP-1540,180.0,2026-07-10,2027-03-08,2026-07-25,2026-07-25T00:00:00+00:00,2026-07-25T00:00:00+00:00
1620,93,BAT-LAB-RF-KIT-1513,30.0,2026-07-10,2027-05-22,2026-07-25,2026-07-25T00:00:00+00:00,2026-07-25T00:00:00+00:00
1621,8,BAT-MED-AZI-250-1512,225.0,2026-07-11,2027-11-10,2026-07-26,2026-07-26T00:00:00+00:00,2026-07-26T00:00:00+00:00
1622,12,BAT-MED-CET-10-1523,270.0,2026-07-11,2027-08-05,2026-07-26,2026-07-26T00:00:00+00:00,2026-07-26T00:00:00+00:00
1623,16,BAT-MED-ALB-INH-1503,120.0,2026-07-11,2028-01-01,2026-07-26,2026-07-26T00:00:00+00:00,2026-07-26T00:00:00+00:00
1624,44,BAT-PPE-GLV-NIT-M-1518,450.0,2026-07-11,2027-06-10,2026-07-26,2026-07-26T00:00:00+00:00,2026-07-26T00:00:00+00:00
1625,62,BAT-SRG-VIC-20-1514,75.0,2026-07-11,2027-03-15,2026-07-26,2026-07-26T00:00:00+00:00,2026-07-26T00:00:00+00:00
1626,9,BAT-MED-GAB-300-1508,300.0,2026-07-12,2027-01-26,2026-07-27,2026-07-27T00:00:00+00:00,2026-07-27T00:00:00+00:00
1627,17,BAT-MED-LEV-50-1532,750.0,2026-07-12,2027-10-24,2026-07-27,2026-07-27T00:00:00+00:00,2026-07-27T00:00:00+00:00
1628,22,BAT-SUP-SYR-2ML-1542,2250.0,2026-07-12,2027-09-29,2026-07-27,2026-07-27T00:00:00+00:00,2026-07-27T00:00:00+00:00
1629,25,BAT-SUP-IVC-22G-1549,900.0,2026-07-12,2027-11-06,2026-07-27,2026-07-27T00:00:00+00:00,2026-07-27T00:00:00+00:00
1630,37,BAT-SUP-DSC-15-1515,270.0,2026-07-12,2027-04-05,2026-07-27,2026-07-27T00:00:00+00:00,2026-07-27T00:00:00+00:00
1631,59,BAT-PPE-BIO-MED-1517,750.0,2026-07-12,2027-04-11,2026-07-27,2026-07-27T00:00:00+00:00,2026-07-27T00:00:00+00:00
1632,88,BAT-LAB-URN-DIP-1529,120.0,2026-07-12,2027-05-22,2026-07-27,2026-07-27T00:00:00+00:00,2026-07-27T00:00:00+00:00
1633,91,BAT-LAB-TRP-KIT-1522,90.0,2026-07-12,2027-10-13,2026-07-27,2026-07-27T00:00:00+00:00,2026-07-27T00:00:00+00:00
1634,2,BAT-MED-IBU-400-1535,450.0,2026-07-13,2027-06-19,2026-07-28,2026-07-28T00:00:00+00:00,2026-07-28T00:00:00+00:00
1635,26,BAT-SUP-IVC-18G-1553,450.0,2026-07-13,2027-06-12,2026-07-28,2026-07-28T00:00:00+00:00,2026-07-28T00:00:00+00:00
1636,46,BAT-PPE-GLV-NIT-S-1539,270.0,2026-07-13,2027-09-30,2026-07-28,2026-07-28T00:00:00+00:00,2026-07-28T00:00:00+00:00
1637,50,BAT-PPE-GWN-DSP-1545,525.0,2026-07-13,2027-10-18,2026-07-28,2026-07-28T00:00:00+00:00,2026-07-28T00:00:00+00:00
1638,58,BAT-PPE-BIO-LRG-1547,600.0,2026-07-13,2027-11-04,2026-07-28,2026-07-28T00:00:00+00:00,2026-07-28T00:00:00+00:00
1639,70,BAT-SRG-SUC-TUB-1530,225.0,2026-07-13,2027-06-20,2026-07-28,2026-07-28T00:00:00+00:00,2026-07-28T00:00:00+00:00
1640,71,BAT-SRG-LAP-SPN-1550,375.0,2026-07-13,2027-05-12,2026-07-28,2026-07-28T00:00:00+00:00,2026-07-28T00:00:00+00:00
1641,83,BAT-LAB-SCT-TUBE-1534,1500.0,2026-07-13,2027-02-20,2026-07-28,2026-07-28T00:00:00+00:00,2026-07-28T00:00:00+00:00
1642,89,BAT-LAB-HCG-STR-1526,450.0,2026-07-13,2027-02-02,2026-07-28,2026-07-28T00:00:00+00:00,2026-07-28T00:00:00+00:00
1643,15,BAT-MED-MON-10-1537,300.0,2026-07-14,2027-01-29,2026-07-29,2026-07-29T00:00:00+00:00,2026-07-29T00:00:00+00:00
1644,34,BAT-SUP-URN-BAG-1536,375.0,2026-07-14,2027-03-11,2026-07-29,2026-07-29T00:00:00+00:00,2026-07-29T00:00:00+00:00
1645,38,BAT-SUP-WTR-10ML-1541,1500.0,2026-07-14,2027-03-03,2026-07-29,2026-07-29T00:00:00+00:00,2026-07-29T00:00:00+00:00
1646,60,BAT-PPE-APR-WPR-1552,60.0,2026-07-14,2027-04-21,2026-07-29,2026-07-29T00:00:00+00:00,2026-07-29T00:00:00+00:00
1647,64,BAT-SRG-SLK-30-1538,75.0,2026-07-14,2027-02-06,2026-07-29,2026-07-29T00:00:00+00:00,2026-07-29T00:00:00+00:00
1648,80,BAT-SRG-DRP-UNV-1543,150.0,2026-07-14,2027-07-06,2026-07-29,2026-07-29T00:00:00+00:00,2026-07-29T00:00:00+00:00
1649,96,BAT-LAB-PIP-200-1551,45.0,2026-07-14,2027-03-29,2026-07-29,2026-07-29T00:00:00+00:00,2026-07-29T00:00:00+00:00
1650,20,BAT-MED-WAR-5-1528,150.0,2026-07-15,2027-10-09,2026-07-30,2026-07-30T00:00:00+00:00,2026-07-30T00:00:00+00:00
1651,14,BAT-MED-CLO-75-1544,375.0,2026-07-16,2027-06-28,2026-07-31,2026-07-31T00:00:00+00:00,2026-07-31T00:00:00+00:00
1652,41,BAT-PPE-GLV-LAT-M-1561,375.0,2026-07-16,2027-11-20,2026-07-31,2026-07-31T00:00:00+00:00,2026-07-31T00:00:00+00:00
1653,86,BAT-LAB-HCV-KIT-1564,60.0,2026-07-16,2028-01-17,2026-07-31,2026-07-31T00:00:00+00:00,2026-07-31T00:00:00+00:00
1654,87,BAT-LAB-SYP-KIT-1563,60.0,2026-07-16,2027-08-20,2026-07-31,2026-07-31T00:00:00+00:00,2026-07-31T00:00:00+00:00
