id,purchase_order_id,product_id,requested_quantity,received_quantity,unit_price,created_at,updated_at
1,1,49,330.0,330.0,53.97,2025-08-07T00:00:00+00:00,2025-08-15T00:00:00+00:00
2,2,3,375.0,375.0,58.48,2025-08-07T00:00:00+00:00,2025-08-15T00:00:00+00:00
3,3,50,525.0,525.0,28.43,2025-08-07T00:00:00+00:00,2025-08-11T00:00:00+00:00
4,4,24,750.0,750.0,41.25,2025-08-08T00:00:00+00:00,2025-08-11T00:00:00+00:00
5,5,47,1350.0,1350.0,34.92,2025-08-08T00:00:00+00:00,2025-08-11T00:00:00+00:00
6,6,15,300.0,300.0,12.49,2025-08-08T00:00:00+00:00,2025-08-15T00:00:00+00:00
7,7,98,75.0,75.0,81.31,2025-08-08T00:00:00+00:00,2025-08-12T00:00:00+00:00
8,8,21,1800.0,1800.0,121.59,2025-08-08T00:00:00+00:00,2025-08-16T00:00:00+00:00
9,9,88,120.0,120.0,28.07,2025-08-09T00:00:00+00:00,2025-08-16T00:00:00+00:00
10,10,10,450.0,450.0,115.34,2025-08-09T00:00:00+00:00,2025-08-17T00:00:00+00:00
11,11,9,300.0,300.0,131.95,2025-08-09T00:00:00+00:00,2025-08-19T00:00:00+00:00
12,12,2,450.0,450.0,24.62,2025-08-09T00:00:00+00:00,2025-08-15T00:00:00+00:00
13,13,79,90.0,90.0,81.83,2025-08-09T00:00:00+00:00,2025-08-17T00:00:00+00:00
14,14,95,225.0,225.0,45.55,2025-08-09T00:00:00+00:00,2025-08-15T00:00:00+00:00
15,15,52,120.0,120.0,66.54,2025-08-09T00:00:00+00:00,2025-08-18T00:00:00+00:00
16,16,81,3000.0,3000.0,20.68,2025-08-09T00:00:00+00:00,2025-08-17T00:00:00+00:00
17,17,70,225.0,225.0,63.4,2025-08-10T00:00:00+00:00,2025-08-17T00:00:00+00:00
18,18,42,300.0,300.0,47.62,2025-08-10T00:00:00+00:00,2025-08-13T00:00:00+00:00
19,19,48,225.0,225.0,5.5,2025-08-10T00:00:00+00:00,2025-08-19T00:00:00+00:00
20,20,12,270.0,270.0,149.28,2025-08-11T00:00:00+00:00,2025-08-18T00:00:00+00:00
21,21,90,45.0,45.0,43.28,2025-08-11T00:00:00+00:00,2025-08-15T00:00:00+00:00
22,22,93,30.0,30.0,142.31,2025-08-11T00:00:00+00:00,2025-08-18T00:00:00+00:00
23,23,26,450.0,450.0,34.22,2025-08-11T00:00:00+00:00,2025-08-14T00:00:00+00:00
24,24,29,120.0,120.0,38.44,2025-08-11T00:00:00+00:00,2025-08-14T00:00:00+00:00
25,25,39,900.0,900.0,2.52,2025-08-12T00:00:00+00:00,2025-08-20T00:00:00+00:00
26,26,8,225.0,225.0,4.88,2025-08-12T00:00:00+00:00,2025-08-20T00:00:00+00:00
27,27,37,270.0,270.0,33.17,2025-08-13T00:00:00+00:00,2025-08-22T00:00:00+00:00
28,28,66,45.0,45.0,129.5,2025-08-13T00:00:00+00:00,2025-08-20T00:00:00+00:00
29,29,100,30.0,30.0,35.67,2025-08-13T00:00:00+00:00,2025-08-17T00:00:00+00:00
30,30,77,225.0,225.0,58.11,2025-08-13T00:00:00+00:00,2025-08-16T00:00:00+00:00
31,31,13,180.0,180.0,11.48,2025-08-13T00:00:00+00:00,2025-08-17T00:00:00+00:00
32,32,55,210.0,210.0,64.23,2025-08-13T00:00:00+00:00,2025-08-20T00:00:00+00:00
33,33,58,600.0,600.0,72.03,2025-08-14T00:00:00+00:00,2025-08-18T00:00:00+00:00
34,34,6,420.0,420.0,137.07,2025-08-14T00:00:00+00:00,2025-08-21T00:00:00+00:00
35,35,75,150.0,150.0,138.09,2025-08-14T00:00:00+00:00,2025-08-21T00:00:00+00:00
36,36,54,75.0,75.0,47.77,2025-08-14T00:00:00+00:00,2025-08-21T00:00:00+00:00
37,37,36,300.0,300.0,19.08,2025-08-14T00:00:00+00:00,2025-08-21T00:00:00+00:00
38,38,83,1500.0,1500.0,18.0,2025-08-15T00:00:00+00:00,2025-08-21T00:00:00+00:00
39,39,34,375.0,375.0,44.18,2025-08-16T00:00:00+00:00,2025-08-23T00:00:00+00:00
40,40,38,1500.0,1500.0,135.99,2025-08-16T00:00:00+00:00,2025-08-23T00:00:00+00:00
41,41,71,375.0,375.0,59.64,2025-08-16T00:00:00+00:00,2025-08-20T00:00:00+00:00
42,42,32,270.0,270.0,3.38,2025-08-16T00:00:00+00:00,2025-08-24T00:00:00+00:00
43,43,5,525.0,525.0,25.41,2025-08-16T00:00:00+00:00,2025-08-20T00:00:00+00:00
44,44,78,180.0,180.0,113.3,2025-08-17T00:00:00+00:00,2025-08-23T00:00:00+00:00
45,45,45,420.0,420.0,28.55,2025-08-18T00:00:00+00:00,2025-08-25T00:00:00+00:00
46,46,64,75.0,75.0,69.56,2025-08-18T00:00:00+00:00,2025-08-25T00:00:00+00:00
47,47,74,30.0,30.0,66.5,2025-08-19T00:00:00+00:00,2025-08-27T00:00:00+00:00
48,48,53,90.0,90.0,142.43,2025-08-19T00:00:00+00:00,2025-08-23T00:00:00+00:00
49,49,23,1200.0,1200.0,33.63,2025-08-19T00:00:00+00:00,2025-08-22T00:00:00+00:00
50,50,89,450.0,450.0,70.8,2025-08-19T00:00:00+00:00,2025-08-27T00:00:00+00:00
51,51,57,150.0,150.0,91.79,2025-08-19T00:00:00+00:00,2025-08-29T00:00:00+00:00
52,52,65,60.0,60.0,122.62,2025-08-19T00:00:00+00:00,2025-08-25T00:00:00+00:00
53,53,60,60.0,60.0,121.37,2025-08-19T00:00:00+00:00,2025-08-23T00:00:00+00:00
54,54,14,375.0,375.0,12.51,2025-08-19T00:00:00+00:00,2025-08-27T00:00:00+00:00
55,55,68,150.0,150.0,107.6,2025-08-20T00:00:00+00:00,2025-08-29T00:00:00+00:00
56,56,7,480.0,480.0,81.83,2025-08-20T00:00:00+00:00,2025-08-23T00:00:00+00:00
57,57,43,225.0,225.0,102.95,2025-08-20T00:00:00+00:00,2025-08-27T00:00:00+00:00
58,58,62,75.0,75.0,23.84,2025-08-20T00:00:00+00:00,2025-08-28T00:00:00+00:00
59,59,18,210.0,210.0,129.85,2025-08-20T00:00:00+00:00,2025-08-23T00:00:00+00:00
60,60,61,90.0,90.0,69.4,2025-08-21T00:00:00+00:00,2025-08-29T00:00:00+00:00
61,61,99,375.0,375.0,42.92,2025-08-21T00:00:00+00:00,2025-08-31T00:00:00+00:00
62,62,91,90.0,90.0,58.09,2025-08-21T00:00:00+00:00,2025-08-29T00:00:00+00:00
63,63,27,180.0,180.0,9.42,2025-08-21T00:00:00+00:00,2025-08-28T00:00:00+00:00
64,64,16,120.0,120.0,109.06,2025-08-22T00:00:00+00:00,2025-09-01T00:00:00+00:00
65,65,59,750.0,750.0,95.68,2025-08-22T00:00:00+00:00,2025-08-31T00:00:00+00:00
66,66,17,750.0,750.0,30.18,2025-08-22T00:00:00+00:00,2025-08-28T00:00:00+00:00
67,67,73,30.0,30.0,112.63,2025-08-22T00:00:00+00:00,2025-08-30T00:00:00+00:00
68,68,30,600.0,600.0,85.65,2025-08-22T00:00:00+00:00,2025-08-25T00:00:00+00:00
69,69,44,450.0,450.0,139.01,2025-08-23T00:00:00+00:00,2025-08-31T00:00:00+00:00
70,70,19,420.0,420.0,52.22,2025-08-23T00:00:00+00:00,2025-08-27T00:00:00+00:00
71,71,94,330.0,330.0,104.21,2025-08-23T00:00:00+00:00,2025-08-31T00:00:00+00:00
72,72,56,300.0,300.0,62.1,2025-08-23T00:00:00+00:00,2025-08-31T00:00:00+00:00
73,73,69,180.0,180.0,22.48,2025-08-23T00:00:00+00:00,2025-08-30T00:00:00+00:00
74,74,35,225.0,225.0,3.16,2025-08-24T00:00:00+00:00,2025-09-01T00:00:00+00:00
75,75,41,375.0,375.0,82.75,2025-08-24T00:00:00+00:00,2025-08-28T00:00:00+00:00
76,76,86,60.0,60.0,99.91,2025-08-25T00:00:00+00:00,2025-08-29T00:00:00+00:00
77,77,82,2700.0,2700.0,115.5,2025-08-25T00:00:00+00:00,2025-09-02T00:00:00+00:00
78,78,33,1050.0,1050.0,76.87,2025-08-25T00:00:00+00:00,2025-08-29T00:00:00+00:00
79,79,47,1350.0,1350.0,34.92,2025-08-26T00:00:00+00:00,2025-08-29T00:00:00+00:00
80,80,63,60.0,60.0,28.03,2025-08-26T00:00:00+00:00,2025-09-01T00:00:00+00:00
81,81,96,45.0,45.0,72.04,2025-08-26T00:00:00+00:00,2025-08-30T00:00:00+00:00
82,82,87,60.0,60.0,17.62,2025-08-27T00:00:00+00:00,2025-08-31T00:00:00+00:00
83,83,25,900.0,900.0,149.32,2025-08-27T00:00:00+00:00,2025-08-30T00:00:00+00:00
84,84,28,225.0,225.0,128.0,2025-08-27T00:00:00+00:00,2025-08-31T00:00:00+00:00
85,85,76,210.0,210.0,6.01,2025-08-27T00:00:00+00:00,2025-09-04T00:00:00+00:00
86,86,46,270.0,270.0,121.99,2025-08-27T00:00:00+00:00,2025-09-02T00:00:00+00:00
87,87,4,600.0,600.0,102.89,2025-08-28T00:00:00+00:00,2025-09-01T00:00:00+00:00
88,88,2,450.0,450.0,24.62,2025-08-28T00:00:00+00:00,2025-09-03T00:00:00+00:00
89,89,48,225.0,225.0,5.5,2025-08-28T00:00:00+00:00,2025-09-06T00:00:00+00:00
90,90,3,375.0,375.0,58.48,2025-08-28T00:00:00+00:00,2025-09-05T00:00:00+00:00
91,91,12,270.0,270.0,149.28,2025-08-28T00:00:00+00:00,2025-09-04T00:00:00+00:00
92,92,84,180.0,180.0,13.25,2025-08-28T00:00:00+00:00,2025-08-31T00:00:00+00:00
93,93,70,225.0,225.0,63.4,2025-08-28T00:00:00+00:00,2025-09-04T00:00:00+00:00
94,94,92,30.0,30.0,54.51,2025-08-28T00:00:00+00:00,2025-08-31T00:00:00+00:00
95,95,49,330.0,330.0,53.97,2025-08-29T00:00:00+00:00,2025-09-06T00:00:00+00:00
96,96,20,150.0,150.0,22.75,2025-08-29T00:00:00+00:00,2025-09-08T00:00:00+00:00
97,97,11,330.0,330.0,64.62,2025-08-29T00:00:00+00:00,2025-09-07T00:00:00+00:00
98,98,9,300.0,300.0,131.95,2025-08-29T00:00:00+00:00,2025-09-08T00:00:00+00:00
99,99,72,45.0,45.0,72.59,2025-08-29T00:00:00+00:00,2025-09-06T00:00:00+00:00
100,100,29,120.0,120.0,38.44,2025-08-29T00:00:00+00:00,2025-09-01T00:00:00+00:00
101,101,51,75.0,75.0,66.59,2025-08-29T00:00:00+00:00,2025-09-02T00:00:00+00:00
102,102,42,300.0,300.0,47.62,2025-08-30T00:00:00+00:00,2025-09-02T00:00:00+00:00
103,103,21,1800.0,1800.0,121.59,2025-08-30T00:00:00+00:00,2025-09-07T00:00:00+00:00
104,104,50,525.0,525.0,28.43,2025-08-30T00:00:00+00:00,2025-09-03T00:00:00+00:00
105,105,37,270.0,270.0,33.17,2025-08-30T00:00:00+00:00,2025-09-08T00:00:00+00:00
106,106,75,150.0,150.0,138.09,2025-08-31T00:00:00+00:00,2025-09-07T00:00:00+00:00
107,107,15,300.0,300.0,12.49,2025-08-31T00:00:00+00:00,2025-09-07T00:00:00+00:00
108,108,67,120.0,120.0,115.34,2025-08-31T00:00:00+00:00,2025-09-08T00:00:00+00:00
109,109,22,2250.0,2250.0,145.41,2025-08-31T00:00:00+00:00,2025-09-04T00:00:00+00:00
110,110,95,225.0,225.0,45.55,2025-08-31T00:00:00+00:00,2025-09-06T00:00:00+00:00
111,111,81,3000.0,3000.0,20.68,2025-08-31T00:00:00+00:00,2025-09-08T00:00:00+00:00
112,112,1,675.0,675.0,55.58,2025-08-31T00:00:00+00:00,2025-09-03T00:00:00+00:00
113,113,24,750.0,750.0,41.25,2025-08-31T00:00:00+00:00,2025-09-03T00:00:00+00:00
114,114,26,450.0,450.0,34.22,2025-09-01T00:00:00+00:00,2025-09-04T00:00:00+00:00
115,115,52,120.0,120.0,66.54,2025-09-01T00:00:00+00:00,2025-09-10T00:00:00+00:00
116,116,39,900.0,900.0,2.52,2025-09-01T00:00:00+00:00,2025-09-09T00:00:00+00:00
117,117,40,600.0,600.0,83.65,2025-09-01T00:00:00+00:00,2025-09-04T00:00:00+00:00
118,118,80,150.0,150.0,113.63,2025-09-02T00:00:00+00:00,2025-09-08T00:00:00+00:00
119,119,13,180.0,180.0,11.48,2025-09-02T00:00:00+00:00,2025-09-06T00:00:00+00:00
120,120,10,450.0,450.0,115.34,2025-09-02T00:00:00+00:00,2025-09-10T00:00:00+00:00
121,121,85,75.0,75.0,127.84,2025-09-03T00:00:00+00:00,2025-09-07T00:00:00+00:00
122,122,79,90.0,90.0,81.83,2025-09-03T00:00:00+00:00,2025-09-11T00:00:00+00:00
123,123,83,1500.0,1500.0,18.0,2025-09-03T00:00:00+00:00,2025-09-09T00:00:00+00:00
124,124,97,30.0,30.0,42.1,2025-09-03T00:00:00+00:00,2025-09-07T00:00:00+00:00
125,125,77,225.0,225.0,58.11,2025-09-04T00:00:00+00:00,2025-09-07T00:00:00+00:00
126,126,5,525.0,525.0,25.41,2025-09-04T00:00:00+00:00,2025-09-08T00:00:00+00:00
127,127,31,675.0,675.0,37.33,2025-09-04T00:00:00+00:00,2025-09-08T00:00:00+00:00
128,128,98,75.0,75.0,81.31,2025-09-04T00:00:00+00:00,2025-09-08T00:00:00+00:00
129,129,58,600.0,600.0,72.03,2025-09-04T00:00:00+00:00,2025-09-08T00:00:00+00:00
130,130,88,120.0,120.0,28.07,2025-09-04T00:00:00+00:00,2025-09-11T00:00:00+00:00
131,131,34,375.0,375.0,44.18,2025-09-05T00:00:00+00:00,2025-09-12T00:00:00+00:00
132,132,36,300.0,300.0,19.08,2025-09-05T00:00:00+00:00,2025-09-12T00:00:00+00:00
133,133,71,375.0,375.0,59.64,2025-09-06T00:00:00+00:00,2025-09-10T00:00:00+00:00
134,134,32,270.0,270.0,3.38,2025-09-07T00:00:00+00:00,2025-09-15T00:00:00+00:00
135,135,93,30.0,30.0,142.31,2025-09-07T00:00:00+00:00,2025-09-14T00:00:00+00:00
136,136,54,75.0,75.0,47.77,2025-09-07T00:00:00+00:00,2025-09-14T00:00:00+00:00
137,137,6,420.0,420.0,137.07,2025-09-07T00:00:00+00:00,2025-09-14T00:00:00+00:00
138,138,78,180.0,180.0,113.3,2025-09-07T00:00:00+00:00,2025-09-13T00:00:00+00:00
139,139,45,420.0,420.0,28.55,2025-09-07T00:00:00+00:00,2025-09-14T00:00:00+00:00
140,140,38,1500.0,1500.0,135.99,2025-09-08T00:00:00+00:00,2025-09-15T00:00:00+00:00
141,141,57,150.0,150.0,91.79,2025-09-08T00:00:00+00:00,2025-09-18T00:00:00+00:00
142,142,99,375.0,375.0,42.92,2025-09-08T00:00:00+00:00,2025-09-18T00:00:00+00:00
143,143,7,480.0,480.0,81.83,2025-09-08T00:00:00+00:00,2025-09-11T00:00:00+00:00
144,144,14,375.0,375.0,12.51,2025-09-09T00:00:00+00:00,2025-09-17T00:00:00+00:00
145,145,65,60.0,60.0,122.62,2025-09-09T00:00:00+00:00,2025-09-15T00:00:00+00:00
146,146,90,45.0,45.0,43.28,2025-09-09T00:00:00+00:00,2025-09-13T00:00:00+00:00
147,147,8,225.0,225.0,4.88,2025-09-09T00:00:00+00:00,2025-09-17T00:00:00+00:00
148,148,89,450.0,450.0,70.8,2025-09-09T00:00:00+00:00,2025-09-17T00:00:00+00:00
149,149,18,210.0,210.0,129.85,2025-09-10T00:00:00+00:00,2025-09-13T00:00:00+00:00
150,150,27,180.0,180.0,9.42,2025-09-10T00:00:00+00:00,2025-09-17T00:00:00+00:00
151,151,64,75.0,75.0,69.56,2025-09-10T00:00:00+00:00,2025-09-17T00:00:00+00:00
152,152,43,225.0,225.0,102.95,2025-09-10T00:00:00+00:00,2025-09-17T00:00:00+00:00
153,153,61,90.0,90.0,69.4,2025-09-11T00:00:00+00:00,2025-09-19T00:00:00+00:00
154,154,66,45.0,45.0,129.5,2025-09-11T00:00:00+00:00,2025-09-18T00:00:00+00:00
155,155,23,1200.0,1200.0,33.63,2025-09-11T00:00:00+00:00,2025-09-14T00:00:00+00:00
156,156,62,75.0,75.0,23.84,2025-09-11T00:00:00+00:00,2025-09-19T00:00:00+00:00
157,157,41,375.0,375.0,82.75,2025-09-12T00:00:00+00:00,2025-09-16T00:00:00+00:00
158,158,69,180.0,180.0,22.48,2025-09-12T00:00:00+00:00,2025-09-19T00:00:00+00:00
159,159,33,1050.0,1050.0,76.87,2025-09-12T00:00:00+00:00,2025-09-16T00:00:00+00:00
160,160,53,90.0,90.0,142.43,2025-09-12T00:00:00+00:00,2025-09-16T00:00:00+00:00
161,161,82,2700.0,2700.0,115.5,2025-09-12T00:00:00+00:00,2025-09-20T00:00:00+00:00
162,162,86,60.0,60.0,99.91,2025-09-13T00:00:00+00:00,2025-09-17T00:00:00+00:00
163,163,51,75.0,75.0,66.59,2025-09-13T00:00:00+00:00,2025-09-17T00:00:00+00:00
164,164,60,60.0,60.0,121.37,2025-09-13T00:00:00+00:00,2025-09-17T00:00:00+00:00
165,165,68,150.0,150.0,107.6,2025-09-13T00:00:00+00:00,2025-09-22T00:00:00+00:00
166,166,30,600.0,600.0,85.65,2025-09-14T00:00:00+00:00,2025-09-17T00:00:00+00:00
167,167,46,270.0,270.0,121.99,2025-09-15T00:00:00+00:00,2025-09-21T00:00:00+00:00
168,168,56,300.0,300.0,62.1,2025-09-15T00:00:00+00:00,2025-09-23T00:00:00+00:00
169,169,17,750.0,750.0,30.18,2025-09-15T00:00:00+00:00,2025-09-21T00:00:00+00:00
170,170,55,210.0,210.0,64.23,2025-09-16T00:00:00+00:00,2025-09-23T00:00:00+00:00
171,171,47,1350.0,1350.0,34.92,2025-09-16T00:00:00+00:00,2025-09-19T00:00:00+00:00
172,172,100,30.0,30.0,35.67,2025-09-16T00:00:00+00:00,2025-09-20T00:00:00+00:00
173,173,16,120.0,120.0,109.06,2025-09-17T00:00:00+00:00,2025-09-27T00:00:00+00:00
174,174,25,900.0,900.0,149.32,2025-09-17T00:00:00+00:00,2025-09-20T00:00:00+00:00
175,175,91,90.0,90.0,58.09,2025-09-17T00:00:00+00:00,2025-09-25T00:00:00+00:00
176,176,29,120.0,120.0,38.44,2025-09-17T00:00:00+00:00,2025-09-20T00:00:00+00:00
177,177,94,330.0,330.0,104.21,2025-09-17T00:00:00+00:00,2025-09-25T00:00:00+00:00
178,178,9,300.0,300.0,131.95,2025-09-18T00:00:00+00:00,2025-09-28T00:00:00+00:00
179,179,19,420.0,420.0,52.22,2025-09-18T00:00:00+00:00,2025-09-22T00:00:00+00:00
180,180,48,225.0,225.0,5.5,2025-09-18T00:00:00+00:00,2025-09-27T00:00:00+00:00
181,181,49,330.0,330.0,53.97,2025-09-18T00:00:00+00:00,2025-09-26T00:00:00+00:00
182,182,76,210.0,210.0,6.01,2025-09-18T00:00:00+00:00,2025-09-26T00:00:00+00:00
183,183,74,30.0,30.0,66.5,2025-09-18T00:00:00+00:00,2025-09-26T00:00:00+00:00
184,184,63,60.0,60.0,28.03,2025-09-19T00:00:00+00:00,2025-09-25T00:00:00+00:00
185,185,11,330.0,330.0,64.62,2025-09-19T00:00:00+00:00,2025-09-28T00:00:00+00:00
186,186,15,300.0,300.0,12.49,2025-09-19T00:00:00+00:00,2025-09-26T00:00:00+00:00
187,187,2,450.0,450.0,24.62,2025-09-19T00:00:00+00:00,2025-09-25T00:00:00+00:00
188,188,44,450.0,450.0,139.01,2025-09-19T00:00:00+00:00,2025-09-27T00:00:00+00:00
189,189,59,750.0,750.0,95.68,2025-09-19T00:00:00+00:00,2025-09-28T00:00:00+00:00
190,190,28,225.0,225.0,128.0,2025-09-19T00:00:00+00:00,2025-09-23T00:00:00+00:00
191,191,84,180.0,180.0,13.25,2025-09-20T00:00:00+00:00,2025-09-23T00:00:00+00:00
192,192,26,450.0,450.0,34.22,2025-09-20T00:00:00+00:00,2025-09-23T00:00:00+00:00
193,193,42,300.0,300.0,47.62,2025-09-20T00:00:00+00:00,2025-09-23T00:00:00+00:00
194,194,96,45.0,45.0,72.04,2025-09-20T00:00:00+00:00,2025-09-24T00:00:00+00:00
195,195,12,270.0,270.0,149.28,2025-09-20T00:00:00+00:00,2025-09-27T00:00:00+00:00
196,196,40,600.0,600.0,83.65,2025-09-20T00:00:00+00:00,2025-09-23T00:00:00+00:00
197,197,70,225.0,225.0,63.4,2025-09-21T00:00:00+00:00,2025-09-28T00:00:00+00:00
198,198,21,1800.0,1800.0,121.59,2025-09-21T00:00:00+00:00,2025-09-29T00:00:00+00:00
199,199,95,225.0,225.0,45.55,2025-09-21T00:00:00+00:00,2025-09-27T00:00:00+00:00
200,200,1,675.0,675.0,55.58,2025-09-21T00:00:00+00:00,2025-09-24T00:00:00+00:00
201,201,10,450.0,450.0,115.34,2025-09-21T00:00:00+00:00,2025-09-29T00:00:00+00:00
202,202,80,150.0,150.0,113.63,2025-09-21T00:00:00+00:00,2025-09-27T00:00:00+00:00
203,203,35,225.0,225.0,3.16,2025-09-21T00:00:00+00:00,2025-09-29T00:00:00+00:00
204,204,37,270.0,270.0,33.17,2025-09-22T00:00:00+00:00,2025-10-01T00:00:00+00:00
205,205,4,600.0,600.0,102.89,2025-09-22T00:00:00+00:00,2025-09-26T00:00:00+00:00
206,206,72,45.0,45.0,72.59,2025-09-22T00:00:00+00:00,2025-09-30T00:00:00+00:00
207,207,39,900.0,900.0,2.52,2025-09-22T00:00:00+00:00,2025-09-30T00:00:00+00:00
208,208,50,525.0,525.0,28.43,2025-09-22T00:00:00+00:00,2025-09-26T00:00:00+00:00
209,209,22,2250.0,2250.0,145.41,2025-09-23T00:00:00+00:00,2025-09-27T00:00:00+00:00
210,210,20,150.0,150.0,22.75,2025-09-23T00:00:00+00:00,2025-10-03T00:00:00+00:00
211,211,87,60.0,60.0,17.62,2025-09-23T00:00:00+00:00,2025-09-27T00:00:00+00:00
212,212,34,375.0,375.0,44.18,2025-09-23T00:00:00+00:00,2025-09-30T00:00:00+00:00
213,213,67,120.0,120.0,115.34,2025-09-23T00:00:00+00:00,2025-10-01T00:00:00+00:00
214,214,79,90.0,90.0,81.83,2025-09-23T00:00:00+00:00,2025-10-01T00:00:00+00:00
215,215,81,3000.0,3000.0,20.68,2025-09-23T00:00:00+00:00,2025-10-01T00:00:00+00:00
216,216,83,1500.0,1500.0,18.0,2025-09-23T00:00:00+00:00,2025-09-29T00:00:00+00:00
217,217,13,180.0,180.0,11.48,2025-09-23T00:00:00+00:00,2025-09-27T00:00:00+00:00
218,218,52,120.0,120.0,66.54,2025-09-24T00:00:00+00:00,2025-10-03T00:00:00+00:00
219,219,31,675.0,675.0,37.33,2025-09-24T00:00:00+00:00,2025-09-28T00:00:00+00:00
220,220,73,30.0,30.0,112.63,2025-09-24T00:00:00+00:00,2025-10-02T00:00:00+00:00
221,221,24,750.0,750.0,41.25,2025-09-24T00:00:00+00:00,2025-09-27T00:00:00+00:00
222,222,32,270.0,270.0,3.38,2025-09-24T00:00:00+00:00,2025-10-02T00:00:00+00:00
223,223,36,300.0,300.0,19.08,2025-09-25T00:00:00+00:00,2025-10-02T00:00:00+00:00
224,224,58,600.0,600.0,72.03,2025-09-25T00:00:00+00:00,2025-09-29T00:00:00+00:00
225,225,71,375.0,375.0,59.64,2025-09-26T00:00:00+00:00,2025-09-30T00:00:00+00:00
226,226,77,225.0,225.0,58.11,2025-09-26T00:00:00+00:00,2025-09-29T00:00:00+00:00
227,227,6,420.0,420.0,137.07,2025-09-26T00:00:00+00:00,2025-10-03T00:00:00+00:00
228,228,3,375.0,375.0,58.48,2025-09-26T00:00:00+00:00,2025-10-04T00:00:00+00:00
229,229,85,75.0,75.0,127.84,2025-09-27T00:00:00+00:00,2025-10-01T00:00:00+00:00
230,230,88,120.0,120.0,28.07,2025-09-28T00:00:00+00:00,2025-10-05T00:00:00+00:00
231,231,78,180.0,180.0,113.3,2025-09-28T00:00:00+00:00,2025-10-04T00:00:00+00:00
232,232,14,375.0,375.0,12.51,2025-09-28T00:00:00+00:00,2025-10-06T00:00:00+00:00
233,233,41,375.0,375.0,82.75,2025-09-28T00:00:00+00:00,2025-10-02T00:00:00+00:00
234,234,23,1200.0,1200.0,33.63,2025-09-29T00:00:00+00:00,2025-10-02T00:00:00+00:00
235,235,92,30.0,30.0,54.51,2025-09-29T00:00:00+00:00,2025-10-02T00:00:00+00:00
236,236,99,375.0,375.0,42.92,2025-09-29T00:00:00+00:00,2025-10-09T00:00:00+00:00
237,237,69,180.0,180.0,22.48,2025-09-29T00:00:00+00:00,2025-10-06T00:00:00+00:00
238,238,5,525.0,525.0,25.41,2025-09-29T00:00:00+00:00,2025-10-03T00:00:00+00:00
239,239,90,45.0,45.0,43.28,2025-09-30T00:00:00+00:00,2025-10-04T00:00:00+00:00
240,240,61,90.0,90.0,69.4,2025-09-30T00:00:00+00:00,2025-10-08T00:00:00+00:00
241,241,43,225.0,225.0,102.95,2025-09-30T00:00:00+00:00,2025-10-07T00:00:00+00:00
242,242,89,450.0,450.0,70.8,2025-09-30T00:00:00+00:00,2025-10-08T00:00:00+00:00
243,243,98,75.0,75.0,81.31,2025-09-30T00:00:00+00:00,2025-10-04T00:00:00+00:00
244,244,45,420.0,420.0,28.55,2025-10-01T00:00:00+00:00,2025-10-08T00:00:00+00:00
245,245,27,180.0,180.0,9.42,2025-10-01T00:00:00+00:00,2025-10-08T00:00:00+00:00
246,246,93,30.0,30.0,142.31,2025-10-01T00:00:00+00:00,2025-10-08T00:00:00+00:00
247,247,75,150.0,150.0,138.09,2025-10-01T00:00:00+00:00,2025-10-08T00:00:00+00:00
248,248,18,210.0,210.0,129.85,2025-10-01T00:00:00+00:00,2025-10-04T00:00:00+00:00
249,249,33,1050.0,1050.0,76.87,2025-10-01T00:00:00+00:00,2025-10-05T00:00:00+00:00
250,250,54,75.0,75.0,47.77,2025-10-01T00:00:00+00:00,2025-10-08T00:00:00+00:00
251,251,57,150.0,150.0,91.79,2025-10-02T00:00:00+00:00,2025-10-12T00:00:00+00:00
252,252,46,270.0,270.0,121.99,2025-10-02T00:00:00+00:00,2025-10-08T00:00:00+00:00
253,253,53,90.0,90.0,142.43,2025-10-03T00:00:00+00:00,2025-10-07T00:00:00+00:00
254,254,8,225.0,225.0,4.88,2025-10-03T00:00:00+00:00,2025-10-11T00:00:00+00:00
255,255,60,60.0,60.0,121.37,2025-10-04T00:00:00+00:00,2025-10-08T00:00:00+00:00
256,256,38,1500.0,1500.0,135.99,2025-10-04T00:00:00+00:00,2025-10-11T00:00:00+00:00
257,257,68,150.0,150.0,107.6,2025-10-04T00:00:00+00:00,2025-10-13T00:00:00+00:00
258,258,17,750.0,750.0,30.18,2025-10-04T00:00:00+00:00,2025-10-10T00:00:00+00:00
259,259,64,75.0,75.0,69.56,2025-10-04T00:00:00+00:00,2025-10-11T00:00:00+00:00
260,260,97,30.0,30.0,42.1,2025-10-04T00:00:00+00:00,2025-10-08T00:00:00+00:00
261,261,82,2700.0,2700.0,115.5,2025-10-06T00:00:00+00:00,2025-10-14T00:00:00+00:00
262,262,49,330.0,330.0,53.97,2025-10-06T00:00:00+00:00,2025-10-14T00:00:00+00:00
263,263,55,210.0,210.0,64.23,2025-10-06T00:00:00+00:00,2025-10-13T00:00:00+00:00
264,264,76,210.0,210.0,6.01,2025-10-07T00:00:00+00:00,2025-10-15T00:00:00+00:00
265,265,7,480.0,480.0,81.83,2025-10-07T00:00:00+00:00,2025-10-10T00:00:00+00:00
266,266,65,60.0,60.0,122.62,2025-10-07T00:00:00+00:00,2025-10-13T00:00:00+00:00
267,267,86,60.0,60.0,99.91,2025-10-08T00:00:00+00:00,2025-10-12T00:00:00+00:00
268,268,19,420.0,420.0,52.22,2025-10-08T00:00:00+00:00,2025-10-12T00:00:00+00:00
269,269,47,1350.0,1350.0,34.92,2025-10-08T00:00:00+00:00,2025-10-11T00:00:00+00:00
270,270,62,75.0,75.0,23.84,2025-10-08T00:00:00+00:00,2025-10-16T00:00:00+00:00
271,271,56,300.0,300.0,62.1,2025-10-08T00:00:00+00:00,2025-10-16T00:00:00+00:00
272,272,66,45.0,45.0,129.5,2025-10-09T00:00:00+00:00,2025-10-16T00:00:00+00:00
273,273,37,270.0,270.0,33.17,2025-10-09T00:00:00+00:00,2025-10-18T00:00:00+00:00
274,274,30,600.0,600.0,85.65,2025-10-09T00:00:00+00:00,2025-10-12T00:00:00+00:00
275,275,22,2250.0,2250.0,145.41,2025-10-09T00:00:00+00:00,2025-10-13T00:00:00+00:00
276,276,11,330.0,330.0,64.62,2025-10-09T00:00:00+00:00,2025-10-18T00:00:00+00:00
277,277,21,1800.0,1800.0,121.59,2025-10-10T00:00:00+00:00,2025-10-18T00:00:00+00:00
278,278,42,300.0,300.0,47.62,2025-10-10T00:00:00+00:00,2025-10-13T00:00:00+00:00
279,279,94,330.0,330.0,104.21,2025-10-10T00:00:00+00:00,2025-10-18T00:00:00+00:00
280,280,40,600.0,600.0,83.65,2025-10-10T00:00:00+00:00,2025-10-13T00:00:00+00:00
281,281,9,300.0,300.0,131.95,2025-10-10T00:00:00+00:00,2025-10-20T00:00:00+00:00
282,282,63,60.0,60.0,28.03,2025-10-10T00:00:00+00:00,2025-10-16T00:00:00+00:00
283,283,77,225.0,225.0,58.11,2025-10-11T00:00:00+00:00,2025-10-14T00:00:00+00:00
284,284,44,450.0,450.0,139.01,2025-10-11T00:00:00+00:00,2025-10-19T00:00:00+00:00
285,285,48,225.0,225.0,5.5,2025-10-11T00:00:00+00:00,2025-10-20T00:00:00+00:00
286,286,2,450.0,450.0,24.62,2025-10-11T00:00:00+00:00,2025-10-17T00:00:00+00:00
287,287,51,75.0,75.0,66.59,2025-10-12T00:00:00+00:00,2025-10-16T00:00:00+00:00
288,288,28,225.0,225.0,128.0,2025-10-12T00:00:00+00:00,2025-10-16T00:00:00+00:00
289,289,15,300.0,300.0,12.49,2025-10-12T00:00:00+00:00,2025-10-19T00:00:00+00:00
290,290,80,150.0,150.0,113.63,2025-10-12T00:00:00+00:00,2025-10-18T00:00:00+00:00
291,291,1,675.0,675.0,55.58,2025-10-12T00:00:00+00:00,2025-10-15T00:00:00+00:00
292,292,10,450.0,450.0,115.34,2025-10-12T00:00:00+00:00,2025-10-20T00:00:00+00:00
293,293,12,270.0,270.0,149.28,2025-10-12T00:00:00+00:00,2025-10-19T00:00:00+00:00
294,294,16,120.0,120.0,109.06,2025-10-13T00:00:00+00:00,2025-10-23T00:00:00+00:00
295,295,83,1500.0,1500.0,18.0,2025-10-13T00:00:00+00:00,2025-10-19T00:00:00+00:00
296,296,59,750.0,750.0,95.68,2025-10-13T00:00:00+00:00,2025-10-22T00:00:00+00:00
297,297,95,225.0,225.0,45.55,2025-10-13T00:00:00+00:00,2025-10-19T00:00:00+00:00
298,298,29,120.0,120.0,38.44,2025-10-13T00:00:00+00:00,2025-10-16T00:00:00+00:00
299,299,70,225.0,225.0,63.4,2025-10-13T00:00:00+00:00,2025-10-20T00:00:00+00:00
300,300,81,3000.0,3000.0,20.68,2025-10-14T00:00:00+00:00,2025-10-22T00:00:00+00:00
301,301,26,450.0,450.0,34.22,2025-10-14T00:00:00+00:00,2025-10-17T00:00:00+00:00
302,302,91,90.0,90.0,58.09,2025-10-14T00:00:00+00:00,2025-10-22T00:00:00+00:00
303,303,32,270.0,270.0,3.38,2025-10-14T00:00:00+00:00,2025-10-22T00:00:00+00:00
304,304,50,525.0,525.0,28.43,2025-10-15T00:00:00+00:00,2025-10-19T00:00:00+00:00
305,305,35,225.0,225.0,3.16,2025-10-15T00:00:00+00:00,2025-10-23T00:00:00+00:00
306,306,67,120.0,120.0,115.34,2025-10-15T00:00:00+00:00,2025-10-23T00:00:00+00:00
307,307,13,180.0,180.0,11.48,2025-10-15T00:00:00+00:00,2025-10-19T00:00:00+00:00
308,308,84,180.0,180.0,13.25,2025-10-15T00:00:00+00:00,2025-10-18T00:00:00+00:00
309,309,88,120.0,120.0,28.07,2025-10-15T00:00:00+00:00,2025-10-22T00:00:00+00:00
310,310,96,45.0,45.0,72.04,2025-10-15T00:00:00+00:00,2025-10-19T00:00:00+00:00
311,311,79,90.0,90.0,81.83,2025-10-15T00:00:00+00:00,2025-10-23T00:00:00+00:00
312,312,6,420.0,420.0,137.07,2025-10-16T00:00:00+00:00,2025-10-23T00:00:00+00:00
313,313,100,30.0,30.0,35.67,2025-10-16T00:00:00+00:00,2025-10-20T00:00:00+00:00
314,314,52,120.0,120.0,66.54,2025-10-17T00:00:00+00:00,2025-10-26T00:00:00+00:00
315,315,74,30.0,30.0,66.5,2025-10-17T00:00:00+00:00,2025-10-25T00:00:00+00:00
316,316,36,300.0,300.0,19.08,2025-10-18T00:00:00+00:00,2025-10-25T00:00:00+00:00
317,317,34,375.0,375.0,44.18,2025-10-18T00:00:00+00:00,2025-10-25T00:00:00+00:00
318,318,20,150.0,150.0,22.75,2025-10-18T00:00:00+00:00,2025-10-28T00:00:00+00:00
319,319,41,375.0,375.0,82.75,2025-10-18T00:00:00+00:00,2025-10-22T00:00:00+00:00
320,320,87,60.0,60.0,17.62,2025-10-18T00:00:00+00:00,2025-10-22T00:00:00+00:00
321,321,24,750.0,750.0,41.25,2025-10-18T00:00:00+00:00,2025-10-21T00:00:00+00:00
322,322,23,1200.0,1200.0,33.63,2025-10-18T00:00:00+00:00,2025-10-21T00:00:00+00:00
323,323,58,600.0,600.0,72.03,2025-10-19T00:00:00+00:00,2025-10-23T00:00:00+00:00
324,324,85,75.0,75.0,127.84,2025-10-19T00:00:00+00:00,2025-10-23T00:00:00+00:00
325,325,69,180.0,180.0,22.48,2025-10-19T00:00:00+00:00,2025-10-26T00:00:00+00:00
326,326,39,900.0,900.0,2.52,2025-10-20T00:00:00+00:00,2025-10-28T00:00:00+00:00
327,327,71,375.0,375.0,59.64,2025-10-20T00:00:00+00:00,2025-10-24T00:00:00+00:00
328,328,25,900.0,900.0,149.32,2025-10-20T00:00:00+00:00,2025-10-23T00:00:00+00:00
329,329,18,210.0,210.0,129.85,2025-10-20T00:00:00+00:00,2025-10-23T00:00:00+00:00
330,330,4,600.0,600.0,102.89,2025-10-20T00:00:00+00:00,2025-10-24T00:00:00+00:00
331,331,3,375.0,375.0,58.48,2025-10-20T00:00:00+00:00,2025-10-28T00:00:00+00:00
332,332,45,420.0,420.0,28.55,2025-10-20T00:00:00+00:00,2025-10-27T00:00:00+00:00
333,333,99,375.0,375.0,42.92,2025-10-21T00:00:00+00:00,2025-10-31T00:00:00+00:00
334,334,78,180.0,180.0,113.3,2025-10-21T00:00:00+00:00,2025-10-27T00:00:00+00:00
335,335,31,675.0,675.0,37.33,2025-10-21T00:00:00+00:00,2025-10-25T00:00:00+00:00
336,336,33,1050.0,1050.0,76.87,2025-10-21T00:00:00+00:00,2025-10-25T00:00:00+00:00
337,337,17,750.0,750.0,30.18,2025-10-22T00:00:00+00:00,2025-10-28T00:00:00+00:00
338,338,5,525.0,525.0,25.41,2025-10-22T00:00:00+00:00,2025-10-26T00:00:00+00:00
339,339,92,30.0,30.0,54.51,2025-10-22T00:00:00+00:00,2025-10-25T00:00:00+00:00
340,340,14,375.0,375.0,12.51,2025-10-22T00:00:00+00:00,2025-10-30T00:00:00+00:00
341,341,76,210.0,210.0,6.01,2025-10-23T00:00:00+00:00,2025-10-31T00:00:00+00:00
342,342,49,330.0,330.0,53.97,2025-10-23T00:00:00+00:00,2025-10-31T00:00:00+00:00
343,343,46,270.0,270.0,121.99,2025-10-23T00:00:00+00:00,2025-10-29T00:00:00+00:00
344,344,53,90.0,90.0,142.43,2025-10-23T00:00:00+00:00,2025-10-27T00:00:00+00:00
345,345,68,150.0,150.0,107.6,2025-10-23T00:00:00+00:00,2025-11-01T00:00:00+00:00
346,346,72,45.0,45.0,72.59,2025-10-23T00:00:00+00:00,2025-10-31T00:00:00+00:00
347,347,47,1350.0,1350.0,34.92,2025-10-24T00:00:00+00:00,2025-10-27T00:00:00+00:00
348,348,75,150.0,150.0,138.09,2025-10-24T00:00:00+00:00,2025-10-31T00:00:00+00:00
349,349,82,2700.0,2700.0,115.5,2025-10-24T00:00:00+00:00,2025-11-01T00:00:00+00:00
350,350,8,225.0,225.0,4.88,2025-10-25T00:00:00+00:00,2025-11-02T00:00:00+00:00
351,351,43,225.0,225.0,102.95,2025-10-25T00:00:00+00:00,2025-11-01T00:00:00+00:00
352,352,89,450.0,450.0,70.8,2025-10-25T00:00:00+00:00,2025-11-02T00:00:00+00:00
353,353,57,150.0,150.0,91.79,2025-10-25T00:00:00+00:00,2025-11-04T00:00:00+00:00
354,354,98,75.0,75.0,81.31,2025-10-25T00:00:00+00:00,2025-10-29T00:00:00+00:00
355,355,90,45.0,45.0,43.28,2025-10-26T00:00:00+00:00,2025-10-30T00:00:00+00:00
356,356,27,180.0,180.0,9.42,2025-10-26T00:00:00+00:00,2025-11-02T00:00:00+00:00
357,357,56,300.0,300.0,62.1,2025-10-26T00:00:00+00:00,2025-11-03T00:00:00+00:00
358,358,62,75.0,75.0,23.84,2025-10-27T00:00:00+00:00,2025-11-04T00:00:00+00:00
359,359,97,30.0,30.0,42.1,2025-10-27T00:00:00+00:00,2025-10-31T00:00:00+00:00
360,360,54,75.0,75.0,47.77,2025-10-28T00:00:00+00:00,2025-11-04T00:00:00+00:00
361,361,60,60.0,60.0,121.37,2025-10-28T00:00:00+00:00,2025-11-01T00:00:00+00:00
362,362,61,90.0,90.0,69.4,2025-10-29T00:00:00+00:00,2025-11-06T00:00:00+00:00
363,363,73,30.0,30.0,112.63,2025-10-29T00:00:00+00:00,2025-11-06T00:00:00+00:00
364,364,64,75.0,75.0,69.56,2025-10-29T00:00:00+00:00,2025-11-05T00:00:00+00:00
365,365,83,1500.0,1500.0,18.0,2025-10-29T00:00:00+00:00,2025-11-04T00:00:00+00:00
366,366,22,2250.0,2250.0,145.41,2025-10-30T00:00:00+00:00,2025-11-03T00:00:00+00:00
367,367,86,60.0,60.0,99.91,2025-10-30T00:00:00+00:00,2025-11-03T00:00:00+00:00
368,368,95,225.0,225.0,45.55,2025-10-30T00:00:00+00:00,2025-11-05T00:00:00+00:00
369,369,19,420.0,420.0,52.22,2025-10-30T00:00:00+00:00,2025-11-03T00:00:00+00:00
370,370,30,600.0,600.0,85.65,2025-10-30T00:00:00+00:00,2025-11-02T00:00:00+00:00
371,371,42,300.0,300.0,47.62,2025-10-30T00:00:00+00:00,2025-11-02T00:00:00+00:00
372,372,93,30.0,30.0,142.31,2025-10-30T00:00:00+00:00,2025-11-06T00:00:00+00:00
373,373,80,150.0,150.0,113.63,2025-10-31T00:00:00+00:00,2025-11-06T00:00:00+00:00
374,374,2,450.0,450.0,24.62,2025-10-31T00:00:00+00:00,2025-11-06T00:00:00+00:00
375,375,16,120.0,120.0,109.06,2025-10-31T00:00:00+00:00,2025-11-10T00:00:00+00:00
376,376,38,1500.0,1500.0,135.99,2025-10-31T00:00:00+00:00,2025-11-07T00:00:00+00:00
377,377,28,225.0,225.0,128.0,2025-11-01T00:00:00+00:00,2025-11-05T00:00:00+00:00
378,378,44,450.0,450.0,139.01,2025-11-01T00:00:00+00:00,2025-11-09T00:00:00+00:00
379,379,12,270.0,270.0,149.28,2025-11-02T00:00:00+00:00,2025-11-09T00:00:00+00:00
380,380,55,210.0,210.0,64.23,2025-11-02T00:00:00+00:00,2025-11-09T00:00:00+00:00
381,381,1,675.0,675.0,55.58,2025-11-03T00:00:00+00:00,2025-11-06T00:00:00+00:00
382,382,26,450.0,450.0,34.22,2025-11-03T00:00:00+00:00,2025-11-06T00:00:00+00:00
383,383,37,270.0,270.0,33.17,2025-11-03T00:00:00+00:00,2025-11-12T00:00:00+00:00
384,384,66,45.0,45.0,129.5,2025-11-03T00:00:00+00:00,2025-11-10T00:00:00+00:00
385,385,10,450.0,450.0,115.34,2025-11-03T00:00:00+00:00,2025-11-11T00:00:00+00:00
386,386,13,180.0,180.0,11.48,2025-11-03T00:00:00+00:00,2025-11-07T00:00:00+00:00
387,387,70,225.0,225.0,63.4,2025-11-04T00:00:00+00:00,2025-11-11T00:00:00+00:00
388,388,32,270.0,270.0,3.38,2025-11-04T00:00:00+00:00,2025-11-12T00:00:00+00:00
389,389,48,225.0,225.0,5.5,2025-11-04T00:00:00+00:00,2025-11-13T00:00:00+00:00
390,390,81,3000.0,3000.0,20.68,2025-11-04T00:00:00+00:00,2025-11-12T00:00:00+00:00
391,391,59,750.0,750.0,95.68,2025-11-05T00:00:00+00:00,2025-11-14T00:00:00+00:00
392,392,11,330.0,330.0,64.62,2025-11-05T00:00:00+00:00,2025-11-14T00:00:00+00:00
393,393,15,300.0,300.0,12.49,2025-11-05T00:00:00+00:00,2025-11-12T00:00:00+00:00
394,394,51,75.0,75.0,66.59,2025-11-05T00:00:00+00:00,2025-11-09T00:00:00+00:00
395,395,58,600.0,600.0,72.03,2025-11-05T00:00:00+00:00,2025-11-09T00:00:00+00:00
396,396,7,480.0,480.0,81.83,2025-11-05T00:00:00+00:00,2025-11-08T00:00:00+00:00
397,397,65,60.0,60.0,122.62,2025-11-05T00:00:00+00:00,2025-11-11T00:00:00+00:00
398,398,35,225.0,225.0,3.16,2025-11-06T00:00:00+00:00,2025-11-14T00:00:00+00:00
399,399,9,300.0,300.0,131.95,2025-11-06T00:00:00+00:00,2025-11-16T00:00:00+00:00
400,400,23,1200.0,1200.0,33.63,2025-11-06T00:00:00+00:00,2025-11-09T00:00:00+00:00
401,401,88,120.0,120.0,28.07,2025-11-06T00:00:00+00:00,2025-11-13T00:00:00+00:00
402,402,40,600.0,600.0,83.65,2025-11-06T00:00:00+00:00,2025-11-09T00:00:00+00:00
403,403,94,330.0,330.0,104.21,2025-11-07T00:00:00+00:00,2025-11-15T00:00:00+00:00
404,404,4,600.0,600.0,102.89,2025-11-07T00:00:00+00:00,2025-11-11T00:00:00+00:00
405,405,84,180.0,180.0,13.25,2025-11-07T00:00:00+00:00,2025-11-10T00:00:00+00:00
406,406,25,900.0,900.0,149.32,2025-11-07T00:00:00+00:00,2025-11-10T00:00:00+00:00
407,407,36,300.0,300.0,19.08,2025-11-08T00:00:00+00:00,2025-11-15T00:00:00+00:00
408,408,63,60.0,60.0,28.03,2025-11-08T00:00:00+00:00,2025-11-14T00:00:00+00:00
409,409,39,900.0,900.0,2.52,2025-11-08T00:00:00+00:00,2025-11-16T00:00:00+00:00
410,410,77,225.0,225.0,58.11,2025-11-08T00:00:00+00:00,2025-11-11T00:00:00+00:00
411,411,74,30.0,30.0,66.5,2025-11-08T00:00:00+00:00,2025-11-16T00:00:00+00:00
412,412,78,180.0,180.0,113.3,2025-11-08T00:00:00+00:00,2025-11-14T00:00:00+00:00
413,413,91,90.0,90.0,58.09,2025-11-09T00:00:00+00:00,2025-11-17T00:00:00+00:00
414,414,71,375.0,375.0,59.64,2025-11-09T00:00:00+00:00,2025-11-13T00:00:00+00:00
415,415,21,1800.0,1800.0,121.59,2025-11-09T00:00:00+00:00,2025-11-17T00:00:00+00:00
416,416,33,1050.0,1050.0,76.87,2025-11-09T00:00:00+00:00,2025-11-13T00:00:00+00:00
417,417,67,120.0,120.0,115.34,2025-11-09T00:00:00+00:00,2025-11-17T00:00:00+00:00
418,418,41,375.0,375.0,82.75,2025-11-09T00:00:00+00:00,2025-11-13T00:00:00+00:00
419,419,34,375.0,375.0,44.18,2025-11-09T00:00:00+00:00,2025-11-16T00:00:00+00:00
420,420,20,150.0,150.0,22.75,2025-11-10T00:00:00+00:00,2025-11-20T00:00:00+00:00
421,421,100,30.0,30.0,35.67,2025-11-10T00:00:00+00:00,2025-11-14T00:00:00+00:00
422,422,79,90.0,90.0,81.83,2025-11-10T00:00:00+00:00,2025-11-18T00:00:00+00:00
423,423,52,120.0,120.0,66.54,2025-11-11T00:00:00+00:00,2025-11-20T00:00:00+00:00
424,424,50,525.0,525.0,28.43,2025-11-11T00:00:00+00:00,2025-11-15T00:00:00+00:00
425,425,3,375.0,375.0,58.48,2025-11-11T00:00:00+00:00,2025-11-19T00:00:00+00:00
426,426,14,375.0,375.0,12.51,2025-11-11T00:00:00+00:00,2025-11-19T00:00:00+00:00
427,427,96,45.0,45.0,72.04,2025-11-11T00:00:00+00:00,2025-11-15T00:00:00+00:00
428,428,69,180.0,180.0,22.48,2025-11-11T00:00:00+00:00,2025-11-18T00:00:00+00:00
429,429,68,150.0,150.0,107.6,2025-11-11T00:00:00+00:00,2025-11-20T00:00:00+00:00
430,430,82,2700.0,2700.0,115.5,2025-11-12T00:00:00+00:00,2025-11-20T00:00:00+00:00
431,431,87,60.0,60.0,17.62,2025-11-12T00:00:00+00:00,2025-11-16T00:00:00+00:00
432,432,24,750.0,750.0,41.25,2025-11-12T00:00:00+00:00,2025-11-15T00:00:00+00:00
433,433,6,420.0,420.0,137.07,2025-11-12T00:00:00+00:00,2025-11-19T00:00:00+00:00
434,434,45,420.0,420.0,28.55,2025-11-12T00:00:00+00:00,2025-11-19T00:00:00+00:00
435,435,31,675.0,675.0,37.33,2025-11-13T00:00:00+00:00,2025-11-17T00:00:00+00:00
436,436,49,330.0,330.0,53.97,2025-11-13T00:00:00+00:00,2025-11-21T00:00:00+00:00
437,437,17,750.0,750.0,30.18,2025-11-13T00:00:00+00:00,2025-11-19T00:00:00+00:00
438,438,46,270.0,270.0,121.99,2025-11-13T00:00:00+00:00,2025-11-19T00:00:00+00:00
439,439,75,150.0,150.0,138.09,2025-11-14T00:00:00+00:00,2025-11-21T00:00:00+00:00
440,440,85,75.0,75.0,127.84,2025-11-14T00:00:00+00:00,2025-11-18T00:00:00+00:00
441,441,76,210.0,210.0,6.01,2025-11-15T00:00:00+00:00,2025-11-23T00:00:00+00:00
442,442,99,375.0,375.0,42.92,2025-11-15T00:00:00+00:00,2025-11-25T00:00:00+00:00
443,443,5,525.0,525.0,25.41,2025-11-16T00:00:00+00:00,2025-11-20T00:00:00+00:00
444,444,95,225.0,225.0,45.55,2025-11-17T00:00:00+00:00,2025-11-23T00:00:00+00:00
445,445,42,300.0,300.0,47.62,2025-11-17T00:00:00+00:00,2025-11-20T00:00:00+00:00
446,446,29,120.0,120.0,38.44,2025-11-17T00:00:00+00:00,2025-11-20T00:00:00+00:00
447,447,60,60.0,60.0,121.37,2025-11-18T00:00:00+00:00,2025-11-22T00:00:00+00:00
448,448,26,450.0,450.0,34.22,2025-11-18T00:00:00+00:00,2025-11-21T00:00:00+00:00
449,449,90,45.0,45.0,43.28,2025-11-18T00:00:00+00:00,2025-11-22T00:00:00+00:00
450,450,47,1350.0,1350.0,34.92,2025-11-18T00:00:00+00:00,2025-11-21T00:00:00+00:00
451,451,54,75.0,75.0,47.77,2025-11-18T00:00:00+00:00,2025-11-25T00:00:00+00:00
452,452,16,120.0,120.0,109.06,2025-11-18T00:00:00+00:00,2025-11-28T00:00:00+00:00
453,453,92,30.0,30.0,54.51,2025-11-18T00:00:00+00:00,2025-11-21T00:00:00+00:00
454,454,56,300.0,300.0,62.1,2025-11-19T00:00:00+00:00,2025-11-27T00:00:00+00:00
455,455,18,210.0,210.0,129.85,2025-11-19T00:00:00+00:00,2025-11-22T00:00:00+00:00
456,456,72,45.0,45.0,72.59,2025-11-19T00:00:00+00:00,2025-11-27T00:00:00+00:00
457,457,61,90.0,90.0,69.4,2025-11-19T00:00:00+00:00,2025-11-27T00:00:00+00:00
458,458,19,420.0,420.0,52.22,2025-11-20T00:00:00+00:00,2025-11-24T00:00:00+00:00
459,459,8,225.0,225.0,4.88,2025-11-20T00:00:00+00:00,2025-11-28T00:00:00+00:00
460,460,44,450.0,450.0,139.01,2025-11-20T00:00:00+00:00,2025-11-28T00:00:00+00:00
461,461,27,180.0,180.0,9.42,2025-11-20T00:00:00+00:00,2025-11-27T00:00:00+00:00
462,462,22,2250.0,2250.0,145.41,2025-11-20T00:00:00+00:00,2025-11-24T00:00:00+00:00
463,463,81,3000.0,3000.0,20.68,2025-11-21T00:00:00+00:00,2025-11-29T00:00:00+00:00
464,464,28,225.0,225.0,128.0,2025-11-21T00:00:00+00:00,2025-11-25T00:00:00+00:00
465,465,98,75.0,75.0,81.31,2025-11-21T00:00:00+00:00,2025-11-25T00:00:00+00:00
466,466,89,450.0,450.0,70.8,2025-11-21T00:00:00+00:00,2025-11-29T00:00:00+00:00
467,467,53,90.0,90.0,142.43,2025-11-21T00:00:00+00:00,2025-11-25T00:00:00+00:00
468,468,1,675.0,675.0,55.58,2025-11-21T00:00:00+00:00,2025-11-24T00:00:00+00:00
469,469,80,150.0,150.0,113.63,2025-11-22T00:00:00+00:00,2025-11-28T00:00:00+00:00
470,470,57,150.0,150.0,91.79,2025-11-22T00:00:00+00:00,2025-12-02T00:00:00+00:00
471,471,2,450.0,450.0,24.62,2025-11-22T00:00:00+00:00,2025-11-28T00:00:00+00:00
472,472,10,450.0,450.0,115.34,2025-11-23T00:00:00+00:00,2025-12-01T00:00:00+00:00
473,473,30,600.0,600.0,85.65,2025-11-23T00:00:00+00:00,2025-11-26T00:00:00+00:00
474,474,73,30.0,30.0,112.63,2025-11-24T00:00:00+00:00,2025-12-02T00:00:00+00:00
475,475,97,30.0,30.0,42.1,2025-11-24T00:00:00+00:00,2025-11-28T00:00:00+00:00
476,476,86,60.0,60.0,99.91,2025-11-24T00:00:00+00:00,2025-11-28T00:00:00+00:00
477,477,59,750.0,750.0,95.68,2025-11-25T00:00:00+00:00,2025-12-04T00:00:00+00:00
478,478,11,330.0,330.0,64.62,2025-11-25T00:00:00+00:00,2025-12-04T00:00:00+00:00
479,479,83,1500.0,1500.0,18.0,2025-11-25T00:00:00+00:00,2025-12-01T00:00:00+00:00
480,480,38,1500.0,1500.0,135.99,2025-11-25T00:00:00+00:00,2025-12-02T00:00:00+00:00
481,481,55,210.0,210.0,64.23,2025-11-25T00:00:00+00:00,2025-12-02T00:00:00+00:00
482,482,40,600.0,600.0,83.65,2025-11-26T00:00:00+00:00,2025-11-29T00:00:00+00:00
483,483,43,225.0,225.0,102.95,2025-11-26T00:00:00+00:00,2025-12-03T00:00:00+00:00
484,484,64,75.0,75.0,69.56,2025-11-26T00:00:00+00:00,2025-12-03T00:00:00+00:00
485,485,84,180.0,180.0,13.25,2025-11-26T00:00:00+00:00,2025-11-29T00:00:00+00:00
486,486,70,225.0,225.0,63.4,2025-11-27T00:00:00+00:00,2025-12-04T00:00:00+00:00
487,487,36,300.0,300.0,19.08,2025-11-27T00:00:00+00:00,2025-12-04T00:00:00+00:00
488,488,37,270.0,270.0,33.17,2025-11-27T00:00:00+00:00,2025-12-06T00:00:00+00:00
489,489,15,300.0,300.0,12.49,2025-11-27T00:00:00+00:00,2025-12-04T00:00:00+00:00
490,490,12,270.0,270.0,149.28,2025-11-27T00:00:00+00:00,2025-12-04T00:00:00+00:00
491,491,78,180.0,180.0,113.3,2025-11-28T00:00:00+00:00,2025-12-04T00:00:00+00:00
492,492,94,330.0,330.0,104.21,2025-11-28T00:00:00+00:00,2025-12-06T00:00:00+00:00
493,493,25,900.0,900.0,149.32,2025-11-28T00:00:00+00:00,2025-12-01T00:00:00+00:00
494,494,69,180.0,180.0,22.48,2025-11-28T00:00:00+00:00,2025-12-05T00:00:00+00:00
495,495,13,180.0,180.0,11.48,2025-11-28T00:00:00+00:00,2025-12-02T00:00:00+00:00
496,496,51,75.0,75.0,66.59,2025-11-28T00:00:00+00:00,2025-12-02T00:00:00+00:00
497,497,62,75.0,75.0,23.84,2025-11-28T00:00:00+00:00,2025-12-06T00:00:00+00:00
498,498,35,225.0,225.0,3.16,2025-11-28T00:00:00+00:00,2025-12-06T00:00:00+00:00
499,499,58,600.0,600.0,72.03,2025-11-28T00:00:00+00:00,2025-12-02T00:00:00+00:00
500,500,48,225.0,225.0,5.5,2025-11-28T00:00:00+00:00,2025-12-07T00:00:00+00:00
501,501,9,300.0,300.0,131.95,2025-11-29T00:00:00+00:00,2025-12-09T00:00:00+00:00
502,502,65,60.0,60.0,122.62,2025-11-29T00:00:00+00:00,2025-12-05T00:00:00+00:00
503,503,66,45.0,45.0,129.5,2025-11-29T00:00:00+00:00,2025-12-06T00:00:00+00:00
504,504,3,375.0,375.0,58.48,2025-11-29T00:00:00+00:00,2025-12-07T00:00:00+00:00
505,505,50,525.0,525.0,28.43,2025-11-29T00:00:00+00:00,2025-12-03T00:00:00+00:00
506,506,88,120.0,120.0,28.07,2025-11-30T00:00:00+00:00,2025-12-07T00:00:00+00:00
507,507,82,2700.0,2700.0,115.5,2025-11-30T00:00:00+00:00,2025-12-08T00:00:00+00:00
508,508,71,375.0,375.0,59.64,2025-11-30T00:00:00+00:00,2025-12-04T00:00:00+00:00
509,509,74,30.0,30.0,66.5,2025-11-30T00:00:00+00:00,2025-12-08T00:00:00+00:00
510,510,45,420.0,420.0,28.55,2025-11-30T00:00:00+00:00,2025-12-07T00:00:00+00:00
511,511,49,330.0,330.0,53.97,2025-11-30T00:00:00+00:00,2025-12-08T00:00:00+00:00
512,512,41,375.0,375.0,82.75,2025-11-30T00:00:00+00:00,2025-12-04T00:00:00+00:00
513,513,67,120.0,120.0,115.34,2025-11-30T00:00:00+00:00,2025-12-08T00:00:00+00:00
514,514,32,270.0,270.0,3.38,2025-12-01T00:00:00+00:00,2025-12-09T00:00:00+00:00
515,515,34,375.0,375.0,44.18,2025-12-01T00:00:00+00:00,2025-12-08T00:00:00+00:00
516,516,4,600.0,600.0,102.89,2025-12-01T00:00:00+00:00,2025-12-05T00:00:00+00:00
517,517,7,480.0,480.0,81.83,2025-12-01T00:00:00+00:00,2025-12-04T00:00:00+00:00
518,518,39,900.0,900.0,2.52,2025-12-01T00:00:00+00:00,2025-12-09T00:00:00+00:00
519,519,79,90.0,90.0,81.83,2025-12-01T00:00:00+00:00,2025-12-09T00:00:00+00:00
520,520,68,150.0,150.0,107.6,2025-12-01T00:00:00+00:00,2025-12-10T00:00:00+00:00
521,521,21,1800.0,1800.0,121.59,2025-12-02T00:00:00+00:00,2025-12-10T00:00:00+00:00
522,522,33,1050.0,1050.0,76.87,2025-12-02T00:00:00+00:00,2025-12-06T00:00:00+00:00
523,523,23,1200.0,1200.0,33.63,2025-12-02T00:00:00+00:00,2025-12-05T00:00:00+00:00
524,524,24,750.0,750.0,41.25,2025-12-03T00:00:00+00:00,2025-12-06T00:00:00+00:00
525,525,52,120.0,120.0,66.54,2025-12-03T00:00:00+00:00,2025-12-12T00:00:00+00:00
526,526,17,750.0,750.0,30.18,2025-12-04T00:00:00+00:00,2025-12-10T00:00:00+00:00
527,527,77,225.0,225.0,58.11,2025-12-04T00:00:00+00:00,2025-12-07T00:00:00+00:00
528,528,91,90.0,90.0,58.09,2025-12-04T00:00:00+00:00,2025-12-12T00:00:00+00:00
529,529,93,30.0,30.0,142.31,2025-12-04T00:00:00+00:00,2025-12-11T00:00:00+00:00
530,530,6,420.0,420.0,137.07,2025-12-04T00:00:00+00:00,2025-12-11T00:00:00+00:00
531,531,20,150.0,150.0,22.75,2025-12-05T00:00:00+00:00,2025-12-15T00:00:00+00:00
532,532,96,45.0,45.0,72.04,2025-12-05T00:00:00+00:00,2025-12-09T00:00:00+00:00
533,533,63,60.0,60.0,28.03,2025-12-05T00:00:00+00:00,2025-12-11T00:00:00+00:00
534,534,47,1350.0,1350.0,34.92,2025-12-06T00:00:00+00:00,2025-12-09T00:00:00+00:00
535,535,46,270.0,270.0,121.99,2025-12-06T00:00:00+00:00,2025-12-12T00:00:00+00:00
536,536,42,300.0,300.0,47.62,2025-12-06T00:00:00+00:00,2025-12-09T00:00:00+00:00
537,537,75,150.0,150.0,138.09,2025-12-07T00:00:00+00:00,2025-12-14T00:00:00+00:00
538,538,95,225.0,225.0,45.55,2025-12-07T00:00:00+00:00,2025-12-13T00:00:00+00:00
539,539,99,375.0,375.0,42.92,2025-12-07T00:00:00+00:00,2025-12-17T00:00:00+00:00
540,540,89,450.0,450.0,70.8,2025-12-08T00:00:00+00:00,2025-12-16T00:00:00+00:00
541,541,60,60.0,60.0,121.37,2025-12-08T00:00:00+00:00,2025-12-12T00:00:00+00:00
542,542,100,30.0,30.0,35.67,2025-12-09T00:00:00+00:00,2025-12-13T00:00:00+00:00
543,543,44,450.0,450.0,139.01,2025-12-09T00:00:00+00:00,2025-12-17T00:00:00+00:00
544,544,98,75.0,75.0,81.31,2025-12-10T00:00:00+00:00,2025-12-14T00:00:00+00:00
545,545,31,675.0,675.0,37.33,2025-12-10T00:00:00+00:00,2025-12-14T00:00:00+00:00
546,546,5,525.0,525.0,25.41,2025-12-10T00:00:00+00:00,2025-12-14T00:00:00+00:00
547,547,76,210.0,210.0,6.01,2025-12-10T00:00:00+00:00,2025-12-18T00:00:00+00:00
548,548,72,45.0,45.0,72.59,2025-12-10T00:00:00+00:00,2025-12-18T00:00:00+00:00
549,549,87,60.0,60.0,17.62,2025-12-10T00:00:00+00:00,2025-12-14T00:00:00+00:00
550,550,56,300.0,300.0,62.1,2025-12-10T00:00:00+00:00,2025-12-18T00:00:00+00:00
551,551,54,75.0,75.0,47.77,2025-12-10T00:00:00+00:00,2025-12-17T00:00:00+00:00
552,552,19,420.0,420.0,52.22,2025-12-10T00:00:00+00:00,2025-12-14T00:00:00+00:00
553,553,16,120.0,120.0,109.06,2025-12-11T00:00:00+00:00,2025-12-21T00:00:00+00:00
554,554,26,450.0,450.0,34.22,2025-12-11T00:00:00+00:00,2025-12-14T00:00:00+00:00
555,555,27,180.0,180.0,9.42,2025-12-12T00:00:00+00:00,2025-12-19T00:00:00+00:00
556,556,14,375.0,375.0,12.51,2025-12-12T00:00:00+00:00,2025-12-20T00:00:00+00:00
557,557,85,75.0,75.0,127.84,2025-12-12T00:00:00+00:00,2025-12-16T00:00:00+00:00
558,558,18,210.0,210.0,129.85,2025-12-12T00:00:00+00:00,2025-12-15T00:00:00+00:00
559,559,11,330.0,330.0,64.62,2025-12-12T00:00:00+00:00,2025-12-21T00:00:00+00:00
560,560,80,150.0,150.0,113.63,2025-12-12T00:00:00+00:00,2025-12-18T00:00:00+00:00
561,561,8,225.0,225.0,4.88,2025-12-13T00:00:00+00:00,2025-12-21T00:00:00+00:00
562,562,28,225.0,225.0,128.0,2025-12-14T00:00:00+00:00,2025-12-18T00:00:00+00:00
563,563,81,3000.0,3000.0,20.68,2025-12-14T00:00:00+00:00,2025-12-22T00:00:00+00:00
564,564,61,90.0,90.0,69.4,2025-12-14T00:00:00+00:00,2025-12-22T00:00:00+00:00
565,565,55,210.0,210.0,64.23,2025-12-14T00:00:00+00:00,2025-12-21T00:00:00+00:00
566,566,40,600.0,600.0,83.65,2025-12-14T00:00:00+00:00,2025-12-17T00:00:00+00:00
567,567,1,675.0,675.0,55.58,2025-12-14T00:00:00+00:00,2025-12-17T00:00:00+00:00
568,568,30,600.0,600.0,85.65,2025-12-15T00:00:00+00:00,2025-12-18T00:00:00+00:00
569,569,53,90.0,90.0,142.43,2025-12-15T00:00:00+00:00,2025-12-19T00:00:00+00:00
570,570,2,450.0,450.0,24.62,2025-12-15T00:00:00+00:00,2025-12-21T00:00:00+00:00
571,571,59,750.0,750.0,95.68,2025-12-15T00:00:00+00:00,2025-12-24T00:00:00+00:00
572,572,83,1500.0,1500.0,18.0,2025-12-16T00:00:00+00:00,2025-12-22T00:00:00+00:00
573,573,36,300.0,300.0,19.08,2025-12-16T00:00:00+00:00,2025-12-23T00:00:00+00:00
574,574,64,75.0,75.0,69.56,2025-12-16T00:00:00+00:00,2025-12-23T00:00:00+00:00
575,575,15,300.0,300.0,12.49,2025-12-17T00:00:00+00:00,2025-12-24T00:00:00+00:00
576,576,29,120.0,120.0,38.44,2025-12-17T00:00:00+00:00,2025-12-20T00:00:00+00:00
577,577,25,900.0,900.0,149.32,2025-12-17T00:00:00+00:00,2025-12-20T00:00:00+00:00
578,578,84,180.0,180.0,13.25,2025-12-17T00:00:00+00:00,2025-12-20T00:00:00+00:00
579,579,10,450.0,450.0,115.34,2025-12-18T00:00:00+00:00,2025-12-26T00:00:00+00:00
580,580,69,180.0,180.0,22.48,2025-12-18T00:00:00+00:00,2025-12-25T00:00:00+00:00
581,581,65,60.0,60.0,122.62,2025-12-18T00:00:00+00:00,2025-12-24T00:00:00+00:00
582,582,57,150.0,150.0,91.79,2025-12-18T00:00:00+00:00,2025-12-28T00:00:00+00:00
583,583,3,375.0,375.0,58.48,2025-12-18T00:00:00+00:00,2025-12-26T00:00:00+00:00
584,584,48,225.0,225.0,5.5,2025-12-18T00:00:00+00:00,2025-12-27T00:00:00+00:00
585,585,78,180.0,180.0,113.3,2025-12-18T00:00:00+00:00,2025-12-24T00:00:00+00:00
586,586,9,300.0,300.0,131.95,2025-12-19T00:00:00+00:00,2025-12-29T00:00:00+00:00
587,587,7,480.0,480.0,81.83,2025-12-19T00:00:00+00:00,2025-12-22T00:00:00+00:00
588,588,22,2250.0,2250.0,145.41,2025-12-20T00:00:00+00:00,2025-12-24T00:00:00+00:00
589,589,32,270.0,270.0,3.38,2025-12-20T00:00:00+00:00,2025-12-28T00:00:00+00:00
590,590,58,600.0,600.0,72.03,2025-12-20T00:00:00+00:00,2025-12-24T00:00:00+00:00
591,591,70,225.0,225.0,63.4,2025-12-20T00:00:00+00:00,2025-12-27T00:00:00+00:00
592,592,38,1500.0,1500.0,135.99,2025-12-20T00:00:00+00:00,2025-12-27T00:00:00+00:00
593,593,12,270.0,270.0,149.28,2025-12-20T00:00:00+00:00,2025-12-27T00:00:00+00:00
594,594,66,45.0,45.0,129.5,2025-12-20T00:00:00+00:00,2025-12-27T00:00:00+00:00
595,595,41,375.0,375.0,82.75,2025-12-20T00:00:00+00:00,2025-12-24T00:00:00+00:00
596,596,13,180.0,180.0,11.48,2025-12-21T00:00:00+00:00,2025-12-25T00:00:00+00:00
597,597,88,120.0,120.0,28.07,2025-12-21T00:00:00+00:00,2025-12-28T00:00:00+00:00
598,598,21,1800.0,1800.0,121.59,2025-12-21T00:00:00+00:00,2025-12-29T00:00:00+00:00
599,599,86,60.0,60.0,99.91,2025-12-21T00:00:00+00:00,2025-12-25T00:00:00+00:00
600,600,73,30.0,30.0,112.63,2025-12-21T00:00:00+00:00,2025-12-29T00:00:00+00:00
601,601,90,45.0,45.0,43.28,2025-12-21T00:00:00+00:00,2025-12-25T00:00:00+00:00
602,602,35,225.0,225.0,3.16,2025-12-21T00:00:00+00:00,2025-12-29T00:00:00+00:00
603,603,37,270.0,270.0,33.17,2025-12-22T00:00:00+00:00,2025-12-31T00:00:00+00:00
604,604,23,1200.0,1200.0,33.63,2025-12-22T00:00:00+00:00,2025-12-25T00:00:00+00:00
605,605,67,120.0,120.0,115.34,2025-12-22T00:00:00+00:00,2025-12-30T00:00:00+00:00
606,606,50,525.0,525.0,28.43,2025-12-22T00:00:00+00:00,2025-12-26T00:00:00+00:00
607,607,49,330.0,330.0,53.97,2025-12-22T00:00:00+00:00,2025-12-30T00:00:00+00:00
608,608,92,30.0,30.0,54.51,2025-12-22T00:00:00+00:00,2025-12-25T00:00:00+00:00
609,609,71,375.0,375.0,59.64,2025-12-23T00:00:00+00:00,2025-12-27T00:00:00+00:00
610,610,24,750.0,750.0,41.25,2025-12-23T00:00:00+00:00,2025-12-26T00:00:00+00:00
611,611,79,90.0,90.0,81.83,2025-12-23T00:00:00+00:00,2025-12-31T00:00:00+00:00
612,612,43,225.0,225.0,102.95,2025-12-24T00:00:00+00:00,2025-12-31T00:00:00+00:00
613,613,74,30.0,30.0,66.5,2025-12-24T00:00:00+00:00,2026-01-01T00:00:00+00:00
614,614,62,75.0,75.0,23.84,2025-12-24T00:00:00+00:00,2026-01-01T00:00:00+00:00
615,615,20,150.0,150.0,22.75,2025-12-24T00:00:00+00:00,2026-01-03T00:00:00+00:00
616,616,68,150.0,150.0,107.6,2025-12-24T00:00:00+00:00,2026-01-02T00:00:00+00:00
617,617,91,90.0,90.0,58.09,2025-12-24T00:00:00+00:00,2026-01-01T00:00:00+00:00
618,618,99,375.0,375.0,42.92,2025-12-25T00:00:00+00:00,2026-01-04T00:00:00+00:00
619,619,33,1050.0,1050.0,76.87,2025-12-25T00:00:00+00:00,2025-12-29T00:00:00+00:00
620,620,82,2700.0,2700.0,115.5,2025-12-26T00:00:00+00:00,2026-01-03T00:00:00+00:00
621,621,47,1350.0,1350.0,34.92,2025-12-26T00:00:00+00:00,2025-12-29T00:00:00+00:00
622,622,6,420.0,420.0,137.07,2025-12-26T00:00:00+00:00,2026-01-02T00:00:00+00:00
623,623,45,420.0,420.0,28.55,2025-12-26T00:00:00+00:00,2026-01-02T00:00:00+00:00
624,624,46,270.0,270.0,121.99,2025-12-27T00:00:00+00:00,2026-01-02T00:00:00+00:00
625,625,94,330.0,330.0,104.21,2025-12-27T00:00:00+00:00,2026-01-04T00:00:00+00:00
626,626,51,75.0,75.0,66.59,2025-12-27T00:00:00+00:00,2025-12-31T00:00:00+00:00
627,627,4,600.0,600.0,102.89,2025-12-27T00:00:00+00:00,2025-12-31T00:00:00+00:00
628,628,17,750.0,750.0,30.18,2025-12-27T00:00:00+00:00,2026-01-02T00:00:00+00:00
629,629,75,150.0,150.0,138.09,2025-12-28T00:00:00+00:00,2026-01-04T00:00:00+00:00
630,630,34,375.0,375.0,44.18,2025-12-29T00:00:00+00:00,2026-01-05T00:00:00+00:00
631,631,96,45.0,45.0,72.04,2025-12-29T00:00:00+00:00,2026-01-02T00:00:00+00:00
632,632,42,300.0,300.0,47.62,2025-12-29T00:00:00+00:00,2026-01-01T00:00:00+00:00
633,633,39,900.0,900.0,2.52,2025-12-29T00:00:00+00:00,2026-01-06T00:00:00+00:00
634,634,44,450.0,450.0,139.01,2025-12-29T00:00:00+00:00,2026-01-06T00:00:00+00:00
635,635,77,225.0,225.0,58.11,2025-12-30T00:00:00+00:00,2026-01-02T00:00:00+00:00
636,636,63,60.0,60.0,28.03,2025-12-30T00:00:00+00:00,2026-01-05T00:00:00+00:00
637,637,97,30.0,30.0,42.1,2025-12-30T00:00:00+00:00,2026-01-03T00:00:00+00:00
638,638,52,120.0,120.0,66.54,2025-12-31T00:00:00+00:00,2026-01-09T00:00:00+00:00
639,639,56,300.0,300.0,62.1,2025-12-31T00:00:00+00:00,2026-01-08T00:00:00+00:00
640,640,27,180.0,180.0,9.42,2025-12-31T00:00:00+00:00,2026-01-07T00:00:00+00:00
641,641,87,60.0,60.0,17.62,2025-12-31T00:00:00+00:00,2026-01-04T00:00:00+00:00
642,642,93,30.0,30.0,142.31,2025-12-31T00:00:00+00:00,2026-01-07T00:00:00+00:00
643,643,26,450.0,450.0,34.22,2025-12-31T00:00:00+00:00,2026-01-03T00:00:00+00:00
644,644,55,210.0,210.0,64.23,2026-01-01T00:00:00+00:00,2026-01-08T00:00:00+00:00
645,645,11,330.0,330.0,64.62,2026-01-01T00:00:00+00:00,2026-01-10T00:00:00+00:00
646,646,76,210.0,210.0,6.01,2026-01-01T00:00:00+00:00,2026-01-09T00:00:00+00:00
647,647,1,675.0,675.0,55.58,2026-01-01T00:00:00+00:00,2026-01-04T00:00:00+00:00
648,648,95,225.0,225.0,45.55,2026-01-02T00:00:00+00:00,2026-01-08T00:00:00+00:00
649,649,18,210.0,210.0,129.85,2026-01-02T00:00:00+00:00,2026-01-05T00:00:00+00:00
650,650,19,420.0,420.0,52.22,2026-01-02T00:00:00+00:00,2026-01-06T00:00:00+00:00
651,651,28,225.0,225.0,128.0,2026-01-02T00:00:00+00:00,2026-01-06T00:00:00+00:00
652,652,89,450.0,450.0,70.8,2026-01-02T00:00:00+00:00,2026-01-10T00:00:00+00:00
653,653,25,900.0,900.0,149.32,2026-01-02T00:00:00+00:00,2026-01-05T00:00:00+00:00
654,654,100,30.0,30.0,35.67,2026-01-02T00:00:00+00:00,2026-01-06T00:00:00+00:00
655,655,14,375.0,375.0,12.51,2026-01-03T00:00:00+00:00,2026-01-11T00:00:00+00:00
656,656,16,120.0,120.0,109.06,2026-01-03T00:00:00+00:00,2026-01-13T00:00:00+00:00
657,657,98,75.0,75.0,81.31,2026-01-04T00:00:00+00:00,2026-01-08T00:00:00+00:00
658,658,83,1500.0,1500.0,18.0,2026-01-04T00:00:00+00:00,2026-01-10T00:00:00+00:00
659,659,30,600.0,600.0,85.65,2026-01-04T00:00:00+00:00,2026-01-07T00:00:00+00:00
660,660,81,3000.0,3000.0,20.68,2026-01-04T00:00:00+00:00,2026-01-12T00:00:00+00:00
661,661,31,675.0,675.0,37.33,2026-01-04T00:00:00+00:00,2026-01-08T00:00:00+00:00
662,662,80,150.0,150.0,113.63,2026-01-05T00:00:00+00:00,2026-01-11T00:00:00+00:00
663,663,65,60.0,60.0,122.62,2026-01-05T00:00:00+00:00,2026-01-11T00:00:00+00:00
664,664,8,225.0,225.0,4.88,2026-01-05T00:00:00+00:00,2026-01-13T00:00:00+00:00
665,665,5,525.0,525.0,25.41,2026-01-05T00:00:00+00:00,2026-01-09T00:00:00+00:00
666,666,3,375.0,375.0,58.48,2026-01-06T00:00:00+00:00,2026-01-14T00:00:00+00:00
667,667,10,450.0,450.0,115.34,2026-01-06T00:00:00+00:00,2026-01-14T00:00:00+00:00
668,668,85,75.0,75.0,127.84,2026-01-06T00:00:00+00:00,2026-01-10T00:00:00+00:00
669,669,61,90.0,90.0,69.4,2026-01-06T00:00:00+00:00,2026-01-14T00:00:00+00:00
670,670,32,270.0,270.0,3.38,2026-01-06T00:00:00+00:00,2026-01-14T00:00:00+00:00
671,671,36,300.0,300.0,19.08,2026-01-07T00:00:00+00:00,2026-01-14T00:00:00+00:00
672,672,54,75.0,75.0,47.77,2026-01-07T00:00:00+00:00,2026-01-14T00:00:00+00:00
673,673,53,90.0,90.0,142.43,2026-01-07T00:00:00+00:00,2026-01-11T00:00:00+00:00
674,674,2,450.0,450.0,24.62,2026-01-07T00:00:00+00:00,2026-01-13T00:00:00+00:00
675,675,38,1500.0,1500.0,135.99,2026-01-07T00:00:00+00:00,2026-01-14T00:00:00+00:00
676,676,88,120.0,120.0,28.07,2026-01-08T00:00:00+00:00,2026-01-15T00:00:00+00:00
677,677,58,600.0,600.0,72.03,2026-01-08T00:00:00+00:00,2026-01-12T00:00:00+00:00
678,678,40,600.0,600.0,83.65,2026-01-08T00:00:00+00:00,2026-01-11T00:00:00+00:00
679,679,60,60.0,60.0,121.37,2026-01-08T00:00:00+00:00,2026-01-12T00:00:00+00:00
680,680,7,480.0,480.0,81.83,2026-01-08T00:00:00+00:00,2026-01-11T00:00:00+00:00
681,681,29,120.0,120.0,38.44,2026-01-08T00:00:00+00:00,2026-01-11T00:00:00+00:00
682,682,21,1800.0,1800.0,121.59,2026-01-08T00:00:00+00:00,2026-01-16T00:00:00+00:00
683,683,84,180.0,180.0,13.25,2026-01-09T00:00:00+00:00,2026-01-12T00:00:00+00:00
684,684,59,750.0,750.0,95.68,2026-01-09T00:00:00+00:00,2026-01-18T00:00:00+00:00
685,685,15,300.0,300.0,12.49,2026-01-10T00:00:00+00:00,2026-01-17T00:00:00+00:00
686,686,78,180.0,180.0,113.3,2026-01-11T00:00:00+00:00,2026-01-17T00:00:00+00:00
687,687,50,525.0,525.0,28.43,2026-01-11T00:00:00+00:00,2026-01-15T00:00:00+00:00
688,688,69,180.0,180.0,22.48,2026-01-11T00:00:00+00:00,2026-01-18T00:00:00+00:00
689,689,41,375.0,375.0,82.75,2026-01-11T00:00:00+00:00,2026-01-15T00:00:00+00:00
690,690,48,225.0,225.0,5.5,2026-01-11T00:00:00+00:00,2026-01-20T00:00:00+00:00
691,691,12,270.0,270.0,149.28,2026-01-11T00:00:00+00:00,2026-01-18T00:00:00+00:00
692,692,71,375.0,375.0,59.64,2026-01-12T00:00:00+00:00,2026-01-16T00:00:00+00:00
693,693,72,45.0,45.0,72.59,2026-01-12T00:00:00+00:00,2026-01-20T00:00:00+00:00
694,694,57,150.0,150.0,91.79,2026-01-12T00:00:00+00:00,2026-01-22T00:00:00+00:00
695,695,43,225.0,225.0,102.95,2026-01-12T00:00:00+00:00,2026-01-19T00:00:00+00:00
696,696,66,45.0,45.0,129.5,2026-01-12T00:00:00+00:00,2026-01-19T00:00:00+00:00
697,697,22,2250.0,2250.0,145.41,2026-01-12T00:00:00+00:00,2026-01-16T00:00:00+00:00
698,698,70,225.0,225.0,63.4,2026-01-12T00:00:00+00:00,2026-01-19T00:00:00+00:00
699,699,99,375.0,375.0,42.92,2026-01-13T00:00:00+00:00,2026-01-23T00:00:00+00:00
700,700,23,1200.0,1200.0,33.63,2026-01-13T00:00:00+00:00,2026-01-16T00:00:00+00:00
701,701,13,180.0,180.0,11.48,2026-01-13T00:00:00+00:00,2026-01-17T00:00:00+00:00
702,702,37,270.0,270.0,33.17,2026-01-13T00:00:00+00:00,2026-01-22T00:00:00+00:00
703,703,86,60.0,60.0,99.91,2026-01-13T00:00:00+00:00,2026-01-17T00:00:00+00:00
704,704,4,600.0,600.0,102.89,2026-01-14T00:00:00+00:00,2026-01-18T00:00:00+00:00
705,705,64,75.0,75.0,69.56,2026-01-14T00:00:00+00:00,2026-01-21T00:00:00+00:00
706,706,67,120.0,120.0,115.34,2026-01-15T00:00:00+00:00,2026-01-23T00:00:00+00:00
707,707,17,750.0,750.0,30.18,2026-01-15T00:00:00+00:00,2026-01-21T00:00:00+00:00
708,708,92,30.0,30.0,54.51,2026-01-15T00:00:00+00:00,2026-01-18T00:00:00+00:00
709,709,68,150.0,150.0,107.6,2026-01-15T00:00:00+00:00,2026-01-24T00:00:00+00:00
710,710,51,75.0,75.0,66.59,2026-01-15T00:00:00+00:00,2026-01-19T00:00:00+00:00
711,711,90,45.0,45.0,43.28,2026-01-15T00:00:00+00:00,2026-01-19T00:00:00+00:00
712,712,35,225.0,225.0,3.16,2026-01-15T00:00:00+00:00,2026-01-23T00:00:00+00:00
713,713,49,330.0,330.0,53.97,2026-01-15T00:00:00+00:00,2026-01-23T00:00:00+00:00
714,714,24,750.0,750.0,41.25,2026-01-16T00:00:00+00:00,2026-01-19T00:00:00+00:00
715,715,62,75.0,75.0,23.84,2026-01-16T00:00:00+00:00,2026-01-24T00:00:00+00:00
716,716,94,330.0,330.0,104.21,2026-01-16T00:00:00+00:00,2026-01-24T00:00:00+00:00
717,717,79,90.0,90.0,81.83,2026-01-16T00:00:00+00:00,2026-01-24T00:00:00+00:00
718,718,6,420.0,420.0,137.07,2026-01-16T00:00:00+00:00,2026-01-23T00:00:00+00:00
719,719,9,300.0,300.0,131.95,2026-01-16T00:00:00+00:00,2026-01-26T00:00:00+00:00
720,720,73,30.0,30.0,112.63,2026-01-17T00:00:00+00:00,2026-01-25T00:00:00+00:00
721,721,34,375.0,375.0,44.18,2026-01-17T00:00:00+00:00,2026-01-24T00:00:00+00:00
722,722,75,150.0,150.0,138.09,2026-01-17T00:00:00+00:00,2026-01-24T00:00:00+00:00
723,723,82,2700.0,2700.0,115.5,2026-01-18T00:00:00+00:00,2026-01-26T00:00:00+00:00
724,724,91,90.0,90.0,58.09,2026-01-18T00:00:00+00:00,2026-01-26T00:00:00+00:00
725,725,33,1050.0,1050.0,76.87,2026-01-18T00:00:00+00:00,2026-01-22T00:00:00+00:00
726,726,26,450.0,450.0,34.22,2026-01-19T00:00:00+00:00,2026-01-22T00:00:00+00:00
727,727,20,150.0,150.0,22.75,2026-01-19T00:00:00+00:00,2026-01-29T00:00:00+00:00
728,728,42,300.0,300.0,47.62,2026-01-19T00:00:00+00:00,2026-01-22T00:00:00+00:00
729,729,45,420.0,420.0,28.55,2026-01-20T00:00:00+00:00,2026-01-27T00:00:00+00:00
730,730,46,270.0,270.0,121.99,2026-01-20T00:00:00+00:00,2026-01-26T00:00:00+00:00
731,731,27,180.0,180.0,9.42,2026-01-20T00:00:00+00:00,2026-01-27T00:00:00+00:00
732,732,81,3000.0,3000.0,20.68,2026-01-20T00:00:00+00:00,2026-01-28T00:00:00+00:00
733,733,39,900.0,900.0,2.52,2026-01-21T00:00:00+00:00,2026-01-29T00:00:00+00:00
734,734,55,210.0,210.0,64.23,2026-01-21T00:00:00+00:00,2026-01-28T00:00:00+00:00
735,735,11,330.0,330.0,64.62,2026-01-21T00:00:00+00:00,2026-01-30T00:00:00+00:00
736,736,47,1350.0,1350.0,34.92,2026-01-21T00:00:00+00:00,2026-01-24T00:00:00+00:00
737,737,87,60.0,60.0,17.62,2026-01-21T00:00:00+00:00,2026-01-25T00:00:00+00:00
738,738,1,675.0,675.0,55.58,2026-01-22T00:00:00+00:00,2026-01-25T00:00:00+00:00
739,739,93,30.0,30.0,142.31,2026-01-22T00:00:00+00:00,2026-01-29T00:00:00+00:00
740,740,76,210.0,210.0,6.01,2026-01-22T00:00:00+00:00,2026-01-30T00:00:00+00:00
741,741,77,225.0,225.0,58.11,2026-01-23T00:00:00+00:00,2026-01-26T00:00:00+00:00
742,742,31,675.0,675.0,37.33,2026-01-23T00:00:00+00:00,2026-01-27T00:00:00+00:00
743,743,63,60.0,60.0,28.03,2026-01-23T00:00:00+00:00,2026-01-29T00:00:00+00:00
744,744,44,450.0,450.0,139.01,2026-01-24T00:00:00+00:00,2026-02-01T00:00:00+00:00
745,745,28,225.0,225.0,128.0,2026-01-25T00:00:00+00:00,2026-01-29T00:00:00+00:00
746,746,58,600.0,600.0,72.03,2026-01-25T00:00:00+00:00,2026-01-29T00:00:00+00:00
747,747,18,210.0,210.0,129.85,2026-01-25T00:00:00+00:00,2026-01-28T00:00:00+00:00
748,748,89,450.0,450.0,70.8,2026-01-25T00:00:00+00:00,2026-02-02T00:00:00+00:00
749,749,5,525.0,525.0,25.41,2026-01-25T00:00:00+00:00,2026-01-29T00:00:00+00:00
750,750,74,30.0,30.0,66.5,2026-01-25T00:00:00+00:00,2026-02-02T00:00:00+00:00
751,751,56,300.0,300.0,62.1,2026-01-25T00:00:00+00:00,2026-02-02T00:00:00+00:00
752,752,83,1500.0,1500.0,18.0,2026-01-25T00:00:00+00:00,2026-01-31T00:00:00+00:00
753,753,52,120.0,120.0,66.54,2026-01-26T00:00:00+00:00,2026-02-04T00:00:00+00:00
754,754,25,900.0,900.0,149.32,2026-01-26T00:00:00+00:00,2026-01-29T00:00:00+00:00
755,755,8,225.0,225.0,4.88,2026-01-26T00:00:00+00:00,2026-02-03T00:00:00+00:00
756,756,3,375.0,375.0,58.48,2026-01-26T00:00:00+00:00,2026-02-03T00:00:00+00:00
757,757,59,750.0,750.0,95.68,2026-01-26T00:00:00+00:00,2026-02-04T00:00:00+00:00
758,758,32,270.0,270.0,3.38,2026-01-27T00:00:00+00:00,2026-02-04T00:00:00+00:00
759,759,19,420.0,420.0,52.22,2026-01-28T00:00:00+00:00,2026-02-01T00:00:00+00:00
760,760,80,150.0,150.0,113.63,2026-01-28T00:00:00+00:00,2026-02-03T00:00:00+00:00
761,761,21,1800.0,1800.0,121.59,2026-01-28T00:00:00+00:00,2026-02-05T00:00:00+00:00
762,762,54,75.0,75.0,47.77,2026-01-28T00:00:00+00:00,2026-02-04T00:00:00+00:00
763,763,40,600.0,600.0,83.65,2026-01-28T00:00:00+00:00,2026-01-31T00:00:00+00:00
764,764,2,450.0,450.0,24.62,2026-01-28T00:00:00+00:00,2026-02-03T00:00:00+00:00
765,765,38,1500.0,1500.0,135.99,2026-01-29T00:00:00+00:00,2026-02-05T00:00:00+00:00
766,766,14,375.0,375.0,12.51,2026-01-29T00:00:00+00:00,2026-02-06T00:00:00+00:00
767,767,43,225.0,225.0,102.95,2026-01-29T00:00:00+00:00,2026-02-05T00:00:00+00:00
768,768,65,60.0,60.0,122.62,2026-01-29T00:00:00+00:00,2026-02-04T00:00:00+00:00
769,769,69,180.0,180.0,22.48,2026-01-29T00:00:00+00:00,2026-02-05T00:00:00+00:00
770,770,36,300.0,300.0,19.08,2026-01-29T00:00:00+00:00,2026-02-05T00:00:00+00:00
771,771,41,375.0,375.0,82.75,2026-01-30T00:00:00+00:00,2026-02-03T00:00:00+00:00
772,772,30,600.0,600.0,85.65,2026-01-30T00:00:00+00:00,2026-02-02T00:00:00+00:00
773,773,12,270.0,270.0,149.28,2026-01-30T00:00:00+00:00,2026-02-06T00:00:00+00:00
774,774,13,180.0,180.0,11.48,2026-01-30T00:00:00+00:00,2026-02-03T00:00:00+00:00
775,775,95,225.0,225.0,45.55,2026-01-30T00:00:00+00:00,2026-02-05T00:00:00+00:00
776,776,15,300.0,300.0,12.49,2026-01-30T00:00:00+00:00,2026-02-06T00:00:00+00:00
777,777,88,120.0,120.0,28.07,2026-01-30T00:00:00+00:00,2026-02-06T00:00:00+00:00
778,778,10,450.0,450.0,115.34,2026-01-30T00:00:00+00:00,2026-02-07T00:00:00+00:00
779,779,53,90.0,90.0,142.43,2026-01-31T00:00:00+00:00,2026-02-04T00:00:00+00:00
780,780,50,525.0,525.0,28.43,2026-01-31T00:00:00+00:00,2026-02-04T00:00:00+00:00
781,781,22,2250.0,2250.0,145.41,2026-01-31T00:00:00+00:00,2026-02-04T00:00:00+00:00
782,782,4,600.0,600.0,102.89,2026-01-31T00:00:00+00:00,2026-02-04T00:00:00+00:00
783,783,85,75.0,75.0,127.84,2026-02-01T00:00:00+00:00,2026-02-05T00:00:00+00:00
784,784,96,45.0,45.0,72.04,2026-02-01T00:00:00+00:00,2026-02-05T00:00:00+00:00
785,785,7,480.0,480.0,81.83,2026-02-02T00:00:00+00:00,2026-02-05T00:00:00+00:00
786,786,78,180.0,180.0,113.3,2026-02-02T00:00:00+00:00,2026-02-08T00:00:00+00:00
787,787,97,30.0,30.0,42.1,2026-02-02T00:00:00+00:00,2026-02-06T00:00:00+00:00
788,788,94,330.0,330.0,104.21,2026-02-02T00:00:00+00:00,2026-02-10T00:00:00+00:00
789,789,16,120.0,120.0,109.06,2026-02-02T00:00:00+00:00,2026-02-12T00:00:00+00:00
790,790,70,225.0,225.0,63.4,2026-02-03T00:00:00+00:00,2026-02-10T00:00:00+00:00
791,791,99,375.0,375.0,42.92,2026-02-03T00:00:00+00:00,2026-02-13T00:00:00+00:00
792,792,66,45.0,45.0,129.5,2026-02-03T00:00:00+00:00,2026-02-10T00:00:00+00:00
793,793,23,1200.0,1200.0,33.63,2026-02-03T00:00:00+00:00,2026-02-06T00:00:00+00:00
794,794,61,90.0,90.0,69.4,2026-02-03T00:00:00+00:00,2026-02-11T00:00:00+00:00
795,795,100,30.0,30.0,35.67,2026-02-03T00:00:00+00:00,2026-02-07T00:00:00+00:00
796,796,86,60.0,60.0,99.91,2026-02-04T00:00:00+00:00,2026-02-08T00:00:00+00:00
797,797,29,120.0,120.0,38.44,2026-02-05T00:00:00+00:00,2026-02-08T00:00:00+00:00
798,798,75,150.0,150.0,138.09,2026-02-05T00:00:00+00:00,2026-02-12T00:00:00+00:00
799,799,9,300.0,300.0,131.95,2026-02-05T00:00:00+00:00,2026-02-15T00:00:00+00:00
800,800,17,750.0,750.0,30.18,2026-02-05T00:00:00+00:00,2026-02-11T00:00:00+00:00
801,801,60,60.0,60.0,121.37,2026-02-05T00:00:00+00:00,2026-02-09T00:00:00+00:00
802,802,6,420.0,420.0,137.07,2026-02-06T00:00:00+00:00,2026-02-13T00:00:00+00:00
803,803,73,30.0,30.0,112.63,2026-02-06T00:00:00+00:00,2026-02-14T00:00:00+00:00
804,804,71,375.0,375.0,59.64,2026-02-06T00:00:00+00:00,2026-02-10T00:00:00+00:00
805,805,82,2700.0,2700.0,115.5,2026-02-06T00:00:00+00:00,2026-02-14T00:00:00+00:00
806,806,34,375.0,375.0,44.18,2026-02-07T00:00:00+00:00,2026-02-14T00:00:00+00:00
807,807,49,330.0,330.0,53.97,2026-02-07T00:00:00+00:00,2026-02-15T00:00:00+00:00
808,808,64,75.0,75.0,69.56,2026-02-07T00:00:00+00:00,2026-02-14T00:00:00+00:00
809,809,57,150.0,150.0,91.79,2026-02-07T00:00:00+00:00,2026-02-17T00:00:00+00:00
810,810,98,75.0,75.0,81.31,2026-02-07T00:00:00+00:00,2026-02-11T00:00:00+00:00
811,811,62,75.0,75.0,23.84,2026-02-08T00:00:00+00:00,2026-02-16T00:00:00+00:00
812,812,24,750.0,750.0,41.25,2026-02-08T00:00:00+00:00,2026-02-11T00:00:00+00:00
813,813,26,450.0,450.0,34.22,2026-02-08T00:00:00+00:00,2026-02-11T00:00:00+00:00
814,814,33,1050.0,1050.0,76.87,2026-02-08T00:00:00+00:00,2026-02-12T00:00:00+00:00
815,815,37,270.0,270.0,33.17,2026-02-08T00:00:00+00:00,2026-02-17T00:00:00+00:00
816,816,35,225.0,225.0,3.16,2026-02-08T00:00:00+00:00,2026-02-16T00:00:00+00:00
817,817,67,120.0,120.0,115.34,2026-02-08T00:00:00+00:00,2026-02-16T00:00:00+00:00
818,818,27,180.0,180.0,9.42,2026-02-09T00:00:00+00:00,2026-02-16T00:00:00+00:00
819,819,51,75.0,75.0,66.59,2026-02-09T00:00:00+00:00,2026-02-13T00:00:00+00:00
820,820,42,300.0,300.0,47.62,2026-02-09T00:00:00+00:00,2026-02-12T00:00:00+00:00
821,821,84,180.0,180.0,13.25,2026-02-09T00:00:00+00:00,2026-02-12T00:00:00+00:00
822,822,76,210.0,210.0,6.01,2026-02-09T00:00:00+00:00,2026-02-17T00:00:00+00:00
823,823,90,45.0,45.0,43.28,2026-02-09T00:00:00+00:00,2026-02-13T00:00:00+00:00
824,824,45,420.0,420.0,28.55,2026-02-10T00:00:00+00:00,2026-02-17T00:00:00+00:00
825,825,79,90.0,90.0,81.83,2026-02-10T00:00:00+00:00,2026-02-18T00:00:00+00:00
826,826,11,330.0,330.0,64.62,2026-02-10T00:00:00+00:00,2026-02-19T00:00:00+00:00
827,827,77,225.0,225.0,58.11,2026-02-11T00:00:00+00:00,2026-02-14T00:00:00+00:00
828,828,55,210.0,210.0,64.23,2026-02-11T00:00:00+00:00,2026-02-18T00:00:00+00:00
829,829,91,90.0,90.0,58.09,2026-02-11T00:00:00+00:00,2026-02-19T00:00:00+00:00
830,830,39,900.0,900.0,2.52,2026-02-11T00:00:00+00:00,2026-02-19T00:00:00+00:00
831,831,47,1350.0,1350.0,34.92,2026-02-12T00:00:00+00:00,2026-02-15T00:00:00+00:00
832,832,20,150.0,150.0,22.75,2026-02-12T00:00:00+00:00,2026-02-22T00:00:00+00:00
833,833,48,225.0,225.0,5.5,2026-02-12T00:00:00+00:00,2026-02-21T00:00:00+00:00
834,834,46,270.0,270.0,121.99,2026-02-13T00:00:00+00:00,2026-02-19T00:00:00+00:00
835,835,21,1800.0,1800.0,121.59,2026-02-13T00:00:00+00:00,2026-02-21T00:00:00+00:00
836,836,58,600.0,600.0,72.03,2026-02-13T00:00:00+00:00,2026-02-17T00:00:00+00:00
837,837,81,3000.0,3000.0,20.68,2026-02-13T00:00:00+00:00,2026-02-21T00:00:00+00:00
838,838,18,210.0,210.0,129.85,2026-02-13T00:00:00+00:00,2026-02-16T00:00:00+00:00
839,839,63,60.0,60.0,28.03,2026-02-13T00:00:00+00:00,2026-02-19T00:00:00+00:00
840,840,68,150.0,150.0,107.6,2026-02-13T00:00:00+00:00,2026-02-22T00:00:00+00:00
841,841,89,450.0,450.0,70.8,2026-02-13T00:00:00+00:00,2026-02-21T00:00:00+00:00
842,842,1,675.0,675.0,55.58,2026-02-14T00:00:00+00:00,2026-02-17T00:00:00+00:00
843,843,56,300.0,300.0,62.1,2026-02-14T00:00:00+00:00,2026-02-22T00:00:00+00:00
844,844,32,270.0,270.0,3.38,2026-02-15T00:00:00+00:00,2026-02-23T00:00:00+00:00
845,845,92,30.0,30.0,54.51,2026-02-15T00:00:00+00:00,2026-02-18T00:00:00+00:00
846,846,87,60.0,60.0,17.62,2026-02-15T00:00:00+00:00,2026-02-19T00:00:00+00:00
847,847,72,45.0,45.0,72.59,2026-02-15T00:00:00+00:00,2026-02-23T00:00:00+00:00
848,848,31,675.0,675.0,37.33,2026-02-15T00:00:00+00:00,2026-02-19T00:00:00+00:00
849,849,5,525.0,525.0,25.41,2026-02-16T00:00:00+00:00,2026-02-20T00:00:00+00:00
850,850,59,750.0,750.0,95.68,2026-02-16T00:00:00+00:00,2026-02-25T00:00:00+00:00
851,851,12,270.0,270.0,149.28,2026-02-16T00:00:00+00:00,2026-02-23T00:00:00+00:00
852,852,80,150.0,150.0,113.63,2026-02-17T00:00:00+00:00,2026-02-23T00:00:00+00:00
853,853,30,600.0,600.0,85.65,2026-02-17T00:00:00+00:00,2026-02-20T00:00:00+00:00
854,854,13,180.0,180.0,11.48,2026-02-17T00:00:00+00:00,2026-02-21T00:00:00+00:00
855,855,83,1500.0,1500.0,18.0,2026-02-17T00:00:00+00:00,2026-02-23T00:00:00+00:00
856,856,38,1500.0,1500.0,135.99,2026-02-18T00:00:00+00:00,2026-02-25T00:00:00+00:00
857,857,40,600.0,600.0,83.65,2026-02-18T00:00:00+00:00,2026-02-21T00:00:00+00:00
858,858,3,375.0,375.0,58.48,2026-02-18T00:00:00+00:00,2026-02-26T00:00:00+00:00
859,859,28,225.0,225.0,128.0,2026-02-18T00:00:00+00:00,2026-02-22T00:00:00+00:00
860,860,43,225.0,225.0,102.95,2026-02-19T00:00:00+00:00,2026-02-26T00:00:00+00:00
861,861,44,450.0,450.0,139.01,2026-02-19T00:00:00+00:00,2026-02-27T00:00:00+00:00
862,862,14,375.0,375.0,12.51,2026-02-19T00:00:00+00:00,2026-02-27T00:00:00+00:00
863,863,95,225.0,225.0,45.55,2026-02-19T00:00:00+00:00,2026-02-25T00:00:00+00:00
864,864,25,900.0,900.0,149.32,2026-02-20T00:00:00+00:00,2026-02-23T00:00:00+00:00
865,865,65,60.0,60.0,122.62,2026-02-20T00:00:00+00:00,2026-02-26T00:00:00+00:00
866,866,50,525.0,525.0,28.43,2026-02-20T00:00:00+00:00,2026-02-24T00:00:00+00:00
867,867,54,75.0,75.0,47.77,2026-02-20T00:00:00+00:00,2026-02-27T00:00:00+00:00
868,868,19,420.0,420.0,52.22,2026-02-21T00:00:00+00:00,2026-02-25T00:00:00+00:00
869,869,10,450.0,450.0,115.34,2026-02-21T00:00:00+00:00,2026-03-01T00:00:00+00:00
870,870,61,90.0,90.0,69.4,2026-02-21T00:00:00+00:00,2026-03-01T00:00:00+00:00
871,871,36,300.0,300.0,19.08,2026-02-22T00:00:00+00:00,2026-03-01T00:00:00+00:00
872,872,94,330.0,330.0,104.21,2026-02-22T00:00:00+00:00,2026-03-02T00:00:00+00:00
873,873,16,120.0,120.0,109.06,2026-02-22T00:00:00+00:00,2026-03-04T00:00:00+00:00
874,874,88,120.0,120.0,28.07,2026-02-22T00:00:00+00:00,2026-03-01T00:00:00+00:00
875,875,15,300.0,300.0,12.49,2026-02-22T00:00:00+00:00,2026-03-01T00:00:00+00:00
876,876,8,225.0,225.0,4.88,2026-02-22T00:00:00+00:00,2026-03-02T00:00:00+00:00
877,877,86,60.0,60.0,99.91,2026-02-23T00:00:00+00:00,2026-02-27T00:00:00+00:00
878,878,2,450.0,450.0,24.62,2026-02-23T00:00:00+00:00,2026-03-01T00:00:00+00:00
879,879,69,180.0,180.0,22.48,2026-02-23T00:00:00+00:00,2026-03-02T00:00:00+00:00
880,880,52,120.0,120.0,66.54,2026-02-23T00:00:00+00:00,2026-03-04T00:00:00+00:00
881,881,78,180.0,180.0,113.3,2026-02-23T00:00:00+00:00,2026-03-01T00:00:00+00:00
882,882,23,1200.0,1200.0,33.63,2026-02-24T00:00:00+00:00,2026-02-27T00:00:00+00:00
883,883,41,375.0,375.0,82.75,2026-02-24T00:00:00+00:00,2026-02-28T00:00:00+00:00
884,884,93,30.0,30.0,142.31,2026-02-24T00:00:00+00:00,2026-03-03T00:00:00+00:00
885,885,6,420.0,420.0,137.07,2026-02-25T00:00:00+00:00,2026-03-04T00:00:00+00:00
886,886,7,480.0,480.0,81.83,2026-02-26T00:00:00+00:00,2026-03-01T00:00:00+00:00
887,887,60,60.0,60.0,121.37,2026-02-26T00:00:00+00:00,2026-03-02T00:00:00+00:00
888,888,75,150.0,150.0,138.09,2026-02-26T00:00:00+00:00,2026-03-05T00:00:00+00:00
889,889,74,30.0,30.0,66.5,2026-02-26T00:00:00+00:00,2026-03-06T00:00:00+00:00
890,890,85,75.0,75.0,127.84,2026-02-26T00:00:00+00:00,2026-03-02T00:00:00+00:00
891,891,17,750.0,750.0,30.18,2026-02-26T00:00:00+00:00,2026-03-04T00:00:00+00:00
892,892,49,330.0,330.0,53.97,2026-02-26T00:00:00+00:00,2026-03-06T00:00:00+00:00
893,893,96,45.0,45.0,72.04,2026-02-26T00:00:00+00:00,2026-03-02T00:00:00+00:00
894,894,22,2250.0,2250.0,145.41,2026-02-27T00:00:00+00:00,2026-03-03T00:00:00+00:00
895,895,99,375.0,375.0,42.92,2026-02-27T00:00:00+00:00,2026-03-09T00:00:00+00:00
896,896,35,225.0,225.0,3.16,2026-02-28T00:00:00+00:00,2026-03-08T00:00:00+00:00
897,897,29,120.0,120.0,38.44,2026-02-28T00:00:00+00:00,2026-03-03T00:00:00+00:00
898,898,82,2700.0,2700.0,115.5,2026-02-28T00:00:00+00:00,2026-03-08T00:00:00+00:00
899,899,4,600.0,600.0,102.89,2026-02-28T00:00:00+00:00,2026-03-04T00:00:00+00:00
900,900,55,210.0,210.0,64.23,2026-02-28T00:00:00+00:00,2026-03-07T00:00:00+00:00
901,901,34,375.0,375.0,44.18,2026-03-01T00:00:00+00:00,2026-03-08T00:00:00+00:00
902,902,97,30.0,30.0,42.1,2026-03-01T00:00:00+00:00,2026-03-05T00:00:00+00:00
903,903,9,300.0,300.0,131.95,2026-03-01T00:00:00+00:00,2026-03-11T00:00:00+00:00
904,904,51,75.0,75.0,66.59,2026-03-01T00:00:00+00:00,2026-03-05T00:00:00+00:00
905,905,67,120.0,120.0,115.34,2026-03-01T00:00:00+00:00,2026-03-09T00:00:00+00:00
906,906,100,30.0,30.0,35.67,2026-03-01T00:00:00+00:00,2026-03-05T00:00:00+00:00
907,907,37,270.0,270.0,33.17,2026-03-01T00:00:00+00:00,2026-03-10T00:00:00+00:00
908,908,71,375.0,375.0,59.64,2026-03-02T00:00:00+00:00,2026-03-06T00:00:00+00:00
909,909,70,225.0,225.0,63.4,2026-03-02T00:00:00+00:00,2026-03-09T00:00:00+00:00
910,910,47,1350.0,1350.0,34.92,2026-03-02T00:00:00+00:00,2026-03-05T00:00:00+00:00
911,911,42,300.0,300.0,47.62,2026-03-02T00:00:00+00:00,2026-03-05T00:00:00+00:00
912,912,98,75.0,75.0,81.31,2026-03-02T00:00:00+00:00,2026-03-06T00:00:00+00:00
913,913,53,90.0,90.0,142.43,2026-03-02T00:00:00+00:00,2026-03-06T00:00:00+00:00
914,914,18,210.0,210.0,129.85,2026-03-02T00:00:00+00:00,2026-03-05T00:00:00+00:00
915,915,24,750.0,750.0,41.25,2026-03-02T00:00:00+00:00,2026-03-05T00:00:00+00:00
916,916,45,420.0,420.0,28.55,2026-03-03T00:00:00+00:00,2026-03-10T00:00:00+00:00
917,917,63,60.0,60.0,28.03,2026-03-03T00:00:00+00:00,2026-03-09T00:00:00+00:00
918,918,48,225.0,225.0,5.5,2026-03-03T00:00:00+00:00,2026-03-12T00:00:00+00:00
919,919,39,900.0,900.0,2.52,2026-03-04T00:00:00+00:00,2026-03-12T00:00:00+00:00
920,920,76,210.0,210.0,6.01,2026-03-04T00:00:00+00:00,2026-03-12T00:00:00+00:00
921,921,66,45.0,45.0,129.5,2026-03-05T00:00:00+00:00,2026-03-12T00:00:00+00:00
922,922,1,675.0,675.0,55.58,2026-03-05T00:00:00+00:00,2026-03-08T00:00:00+00:00
923,923,46,270.0,270.0,121.99,2026-03-05T00:00:00+00:00,2026-03-11T00:00:00+00:00
924,924,64,75.0,75.0,69.56,2026-03-05T00:00:00+00:00,2026-03-12T00:00:00+00:00
925,925,84,180.0,180.0,13.25,2026-03-05T00:00:00+00:00,2026-03-08T00:00:00+00:00
926,926,62,75.0,75.0,23.84,2026-03-05T00:00:00+00:00,2026-03-13T00:00:00+00:00
927,927,91,90.0,90.0,58.09,2026-03-05T00:00:00+00:00,2026-03-13T00:00:00+00:00
928,928,27,180.0,180.0,9.42,2026-03-06T00:00:00+00:00,2026-03-13T00:00:00+00:00
929,929,21,1800.0,1800.0,121.59,2026-03-06T00:00:00+00:00,2026-03-14T00:00:00+00:00
930,930,33,1050.0,1050.0,76.87,2026-03-06T00:00:00+00:00,2026-03-10T00:00:00+00:00
931,931,68,150.0,150.0,107.6,2026-03-06T00:00:00+00:00,2026-03-15T00:00:00+00:00
932,932,40,600.0,600.0,83.65,2026-03-06T00:00:00+00:00,2026-03-09T00:00:00+00:00
933,933,26,450.0,450.0,34.22,2026-03-06T00:00:00+00:00,2026-03-09T00:00:00+00:00
934,934,11,330.0,330.0,64.62,2026-03-07T00:00:00+00:00,2026-03-16T00:00:00+00:00
935,935,20,150.0,150.0,22.75,2026-03-07T00:00:00+00:00,2026-03-17T00:00:00+00:00
936,936,50,525.0,525.0,28.43,2026-03-07T00:00:00+00:00,2026-03-11T00:00:00+00:00
937,937,80,150.0,150.0,113.63,2026-03-07T00:00:00+00:00,2026-03-13T00:00:00+00:00
938,938,73,30.0,30.0,112.63,2026-03-07T00:00:00+00:00,2026-03-15T00:00:00+00:00
939,939,57,150.0,150.0,91.79,2026-03-08T00:00:00+00:00,2026-03-18T00:00:00+00:00
940,940,95,225.0,225.0,45.55,2026-03-08T00:00:00+00:00,2026-03-14T00:00:00+00:00
941,941,12,270.0,270.0,149.28,2026-03-08T00:00:00+00:00,2026-03-15T00:00:00+00:00
942,942,87,60.0,60.0,17.62,2026-03-08T00:00:00+00:00,2026-03-12T00:00:00+00:00
943,943,14,375.0,375.0,12.51,2026-03-09T00:00:00+00:00,2026-03-17T00:00:00+00:00
944,944,79,90.0,90.0,81.83,2026-03-09T00:00:00+00:00,2026-03-17T00:00:00+00:00
945,945,28,225.0,225.0,128.0,2026-03-09T00:00:00+00:00,2026-03-13T00:00:00+00:00
946,946,13,180.0,180.0,11.48,2026-03-09T00:00:00+00:00,2026-03-13T00:00:00+00:00
947,947,89,450.0,450.0,70.8,2026-03-09T00:00:00+00:00,2026-03-17T00:00:00+00:00
948,948,59,750.0,750.0,95.68,2026-03-10T00:00:00+00:00,2026-03-19T00:00:00+00:00
949,949,77,225.0,225.0,58.11,2026-03-10T00:00:00+00:00,2026-03-13T00:00:00+00:00
950,950,90,45.0,45.0,43.28,2026-03-10T00:00:00+00:00,2026-03-14T00:00:00+00:00
951,951,56,300.0,300.0,62.1,2026-03-10T00:00:00+00:00,2026-03-18T00:00:00+00:00
952,952,31,675.0,675.0,37.33,2026-03-11T00:00:00+00:00,2026-03-15T00:00:00+00:00
953,953,3,375.0,375.0,58.48,2026-03-11T00:00:00+00:00,2026-03-19T00:00:00+00:00
954,954,32,270.0,270.0,3.38,2026-03-12T00:00:00+00:00,2026-03-20T00:00:00+00:00
955,955,58,600.0,600.0,72.03,2026-03-12T00:00:00+00:00,2026-03-16T00:00:00+00:00
956,956,44,450.0,450.0,139.01,2026-03-12T00:00:00+00:00,2026-03-20T00:00:00+00:00
957,957,92,30.0,30.0,54.51,2026-03-13T00:00:00+00:00,2026-03-16T00:00:00+00:00
958,958,38,1500.0,1500.0,135.99,2026-03-13T00:00:00+00:00,2026-03-20T00:00:00+00:00
959,959,72,45.0,45.0,72.59,2026-03-13T00:00:00+00:00,2026-03-21T00:00:00+00:00
960,960,8,225.0,225.0,4.88,2026-03-13T00:00:00+00:00,2026-03-21T00:00:00+00:00
961,961,30,600.0,600.0,85.65,2026-03-14T00:00:00+00:00,2026-03-17T00:00:00+00:00
962,962,5,525.0,525.0,25.41,2026-03-14T00:00:00+00:00,2026-03-18T00:00:00+00:00
963,963,94,330.0,330.0,104.21,2026-03-14T00:00:00+00:00,2026-03-22T00:00:00+00:00
964,964,41,375.0,375.0,82.75,2026-03-14T00:00:00+00:00,2026-03-18T00:00:00+00:00
965,965,36,300.0,300.0,19.08,2026-03-14T00:00:00+00:00,2026-03-21T00:00:00+00:00
966,966,25,900.0,900.0,149.32,2026-03-14T00:00:00+00:00,2026-03-17T00:00:00+00:00
967,967,16,120.0,120.0,109.06,2026-03-14T00:00:00+00:00,2026-03-24T00:00:00+00:00
968,968,52,120.0,120.0,66.54,2026-03-15T00:00:00+00:00,2026-03-24T00:00:00+00:00
969,969,19,420.0,420.0,52.22,2026-03-15T00:00:00+00:00,2026-03-19T00:00:00+00:00
970,970,78,180.0,180.0,113.3,2026-03-16T00:00:00+00:00,2026-03-22T00:00:00+00:00
971,971,61,90.0,90.0,69.4,2026-03-17T00:00:00+00:00,2026-03-25T00:00:00+00:00
972,972,60,60.0,60.0,121.37,2026-03-17T00:00:00+00:00,2026-03-21T00:00:00+00:00
973,973,69,180.0,180.0,22.48,2026-03-18T00:00:00+00:00,2026-03-25T00:00:00+00:00
974,974,35,225.0,225.0,3.16,2026-03-18T00:00:00+00:00,2026-03-26T00:00:00+00:00
975,975,83,1500.0,1500.0,18.0,2026-03-18T00:00:00+00:00,2026-03-24T00:00:00+00:00
976,976,15,300.0,300.0,12.49,2026-03-18T00:00:00+00:00,2026-03-25T00:00:00+00:00
977,977,34,375.0,375.0,44.18,2026-03-18T00:00:00+00:00,2026-03-25T00:00:00+00:00
978,978,43,225.0,225.0,102.95,2026-03-18T00:00:00+00:00,2026-03-25T00:00:00+00:00
979,979,88,120.0,120.0,28.07,2026-03-19T00:00:00+00:00,2026-03-26T00:00:00+00:00
980,980,71,375.0,375.0,59.64,2026-03-19T00:00:00+00:00,2026-03-23T00:00:00+00:00
981,981,54,75.0,75.0,47.77,2026-03-19T00:00:00+00:00,2026-03-26T00:00:00+00:00
982,982,22,2250.0,2250.0,145.41,2026-03-19T00:00:00+00:00,2026-03-23T00:00:00+00:00
983,983,85,75.0,75.0,127.84,2026-03-20T00:00:00+00:00,2026-03-24T00:00:00+00:00
984,984,17,750.0,750.0,30.18,2026-03-20T00:00:00+00:00,2026-03-26T00:00:00+00:00
985,985,2,450.0,450.0,24.62,2026-03-20T00:00:00+00:00,2026-03-26T00:00:00+00:00
986,986,86,60.0,60.0,99.91,2026-03-20T00:00:00+00:00,2026-03-24T00:00:00+00:00
987,987,81,3000.0,3000.0,20.68,2026-03-20T00:00:00+00:00,2026-03-28T00:00:00+00:00
988,988,82,2700.0,2700.0,115.5,2026-03-21T00:00:00+00:00,2026-03-29T00:00:00+00:00
989,989,7,480.0,480.0,81.83,2026-03-21T00:00:00+00:00,2026-03-24T00:00:00+00:00
990,990,70,225.0,225.0,63.4,2026-03-21T00:00:00+00:00,2026-03-28T00:00:00+00:00
991,991,96,45.0,45.0,72.04,2026-03-21T00:00:00+00:00,2026-03-25T00:00:00+00:00
992,992,23,1200.0,1200.0,33.63,2026-03-21T00:00:00+00:00,2026-03-24T00:00:00+00:00
993,993,9,300.0,300.0,131.95,2026-03-21T00:00:00+00:00,2026-03-31T00:00:00+00:00
994,994,49,330.0,330.0,53.97,2026-03-22T00:00:00+00:00,2026-03-30T00:00:00+00:00
995,995,93,30.0,30.0,142.31,2026-03-22T00:00:00+00:00,2026-03-29T00:00:00+00:00
996,996,65,60.0,60.0,122.62,2026-03-22T00:00:00+00:00,2026-03-28T00:00:00+00:00
997,997,99,375.0,375.0,42.92,2026-03-22T00:00:00+00:00,2026-04-01T00:00:00+00:00
998,998,10,450.0,450.0,115.34,2026-03-22T00:00:00+00:00,2026-03-30T00:00:00+00:00
999,999,97,30.0,30.0,42.1,2026-03-23T00:00:00+00:00,2026-03-27T00:00:00+00:00
1000,1000,4,600.0,600.0,102.89,2026-03-23T00:00:00+00:00,2026-03-27T00:00:00+00:00
1001,1001,53,90.0,90.0,142.43,2026-03-24T00:00:00+00:00,2026-03-28T00:00:00+00:00
1002,1002,75,150.0,150.0,138.09,2026-03-24T00:00:00+00:00,2026-03-31T00:00:00+00:00
1003,1003,67,120.0,120.0,115.34,2026-03-24T00:00:00+00:00,2026-04-01T00:00:00+00:00
1004,1004,24,750.0,750.0,41.25,2026-03-24T00:00:00+00:00,2026-03-27T00:00:00+00:00
1005,1005,51,75.0,75.0,66.59,2026-03-24T00:00:00+00:00,2026-03-28T00:00:00+00:00
1006,1006,6,420.0,420.0,137.07,2026-03-24T00:00:00+00:00,2026-03-31T00:00:00+00:00
1007,1007,18,210.0,210.0,129.85,2026-03-25T00:00:00+00:00,2026-03-28T00:00:00+00:00
1008,1008,64,75.0,75.0,69.56,2026-03-25T00:00:00+00:00,2026-04-01T00:00:00+00:00
1009,1009,76,210.0,210.0,6.01,2026-03-25T00:00:00+00:00,2026-04-02T00:00:00+00:00
1010,1010,74,30.0,30.0,66.5,2026-03-26T00:00:00+00:00,2026-04-03T00:00:00+00:00
1011,1011,33,1050.0,1050.0,76.87,2026-03-26T00:00:00+00:00,2026-03-30T00:00:00+00:00
1012,1012,100,30.0,30.0,35.67,2026-03-26T00:00:00+00:00,2026-03-30T00:00:00+00:00
1013,1013,39,900.0,900.0,2.52,2026-03-26T00:00:00+00:00,2026-04-03T00:00:00+00:00
1014,1014,55,210.0,210.0,64.23,2026-03-26T00:00:00+00:00,2026-04-02T00:00:00+00:00
1015,1015,37,270.0,270.0,33.17,2026-03-26T00:00:00+00:00,2026-04-04T00:00:00+00:00
1016,1016,42,300.0,300.0,47.62,2026-03-26T00:00:00+00:00,2026-03-29T00:00:00+00:00
1017,1017,62,75.0,75.0,23.84,2026-03-26T00:00:00+00:00,2026-04-03T00:00:00+00:00
1018,1018,29,120.0,120.0,38.44,2026-03-26T00:00:00+00:00,2026-03-29T00:00:00+00:00
1019,1019,14,375.0,375.0,12.51,2026-03-27T00:00:00+00:00,2026-04-04T00:00:00+00:00
1020,1020,11,330.0,330.0,64.62,2026-03-27T00:00:00+00:00,2026-04-05T00:00:00+00:00
1021,1021,80,150.0,150.0,113.63,2026-03-27T00:00:00+00:00,2026-04-02T00:00:00+00:00
1022,1022,66,45.0,45.0,129.5,2026-03-27T00:00:00+00:00,2026-04-03T00:00:00+00:00
1023,1023,50,525.0,525.0,28.43,2026-03-27T00:00:00+00:00,2026-03-31T00:00:00+00:00
1024,1024,79,90.0,90.0,81.83,2026-03-28T00:00:00+00:00,2026-04-05T00:00:00+00:00
1025,1025,84,180.0,180.0,13.25,2026-03-28T00:00:00+00:00,2026-03-31T00:00:00+00:00
1026,1026,63,60.0,60.0,28.03,2026-03-28T00:00:00+00:00,2026-04-03T00:00:00+00:00
1027,1027,31,675.0,675.0,37.33,2026-03-28T00:00:00+00:00,2026-04-01T00:00:00+00:00
1028,1028,45,420.0,420.0,28.55,2026-03-28T00:00:00+00:00,2026-04-04T00:00:00+00:00
1029,1029,27,180.0,180.0,9.42,2026-03-28T00:00:00+00:00,2026-04-04T00:00:00+00:00
1030,1030,1,675.0,675.0,55.58,2026-03-28T00:00:00+00:00,2026-03-31T00:00:00+00:00
1031,1031,40,600.0,600.0,83.65,2026-03-28T00:00:00+00:00,2026-03-31T00:00:00+00:00
1032,1032,13,180.0,180.0,11.48,2026-03-28T00:00:00+00:00,2026-04-01T00:00:00+00:00
1033,1033,26,450.0,450.0,34.22,2026-03-29T00:00:00+00:00,2026-04-01T00:00:00+00:00
1034,1034,47,1350.0,1350.0,34.92,2026-03-29T00:00:00+00:00,2026-04-01T00:00:00+00:00
1035,1035,12,270.0,270.0,149.28,2026-03-29T00:00:00+00:00,2026-04-05T00:00:00+00:00
1036,1036,48,225.0,225.0,5.5,2026-03-29T00:00:00+00:00,2026-04-07T00:00:00+00:00
1037,1037,98,75.0,75.0,81.31,2026-03-29T00:00:00+00:00,2026-04-02T00:00:00+00:00
1038,1038,21,1800.0,1800.0,121.59,2026-03-29T00:00:00+00:00,2026-04-06T00:00:00+00:00
1039,1039,58,600.0,600.0,72.03,2026-03-29T00:00:00+00:00,2026-04-02T00:00:00+00:00
1040,1040,91,90.0,90.0,58.09,2026-03-30T00:00:00+00:00,2026-04-07T00:00:00+00:00
1041,1041,68,150.0,150.0,107.6,2026-03-30T00:00:00+00:00,2026-04-08T00:00:00+00:00
1042,1042,28,225.0,225.0,128.0,2026-03-30T00:00:00+00:00,2026-04-03T00:00:00+00:00
1043,1043,57,150.0,150.0,91.79,2026-03-30T00:00:00+00:00,2026-04-09T00:00:00+00:00
1044,1044,77,225.0,225.0,58.11,2026-03-31T00:00:00+00:00,2026-04-03T00:00:00+00:00
1045,1045,90,45.0,45.0,43.28,2026-03-31T00:00:00+00:00,2026-04-04T00:00:00+00:00
1046,1046,20,150.0,150.0,22.75,2026-03-31T00:00:00+00:00,2026-04-10T00:00:00+00:00
1047,1047,19,420.0,420.0,52.22,2026-03-31T00:00:00+00:00,2026-04-04T00:00:00+00:00
1048,1048,59,750.0,750.0,95.68,2026-03-31T00:00:00+00:00,2026-04-09T00:00:00+00:00
1049,1049,94,330.0,330.0,104.21,2026-04-01T00:00:00+00:00,2026-04-09T00:00:00+00:00
1050,1050,44,450.0,450.0,139.01,2026-04-02T00:00:00+00:00,2026-04-10T00:00:00+00:00
1051,1051,46,270.0,270.0,121.99,2026-04-02T00:00:00+00:00,2026-04-08T00:00:00+00:00
1052,1052,32,270.0,270.0,3.38,2026-04-02T00:00:00+00:00,2026-04-10T00:00:00+00:00
1053,1053,25,900.0,900.0,149.32,2026-04-03T00:00:00+00:00,2026-04-06T00:00:00+00:00
1054,1054,8,225.0,225.0,4.88,2026-04-03T00:00:00+00:00,2026-04-11T00:00:00+00:00
1055,1055,30,600.0,600.0,85.65,2026-04-03T00:00:00+00:00,2026-04-06T00:00:00+00:00
1056,1056,56,300.0,300.0,62.1,2026-04-03T00:00:00+00:00,2026-04-11T00:00:00+00:00
1057,1057,95,225.0,225.0,45.55,2026-04-04T00:00:00+00:00,2026-04-10T00:00:00+00:00
1058,1058,52,120.0,120.0,66.54,2026-04-04T00:00:00+00:00,2026-04-13T00:00:00+00:00
1059,1059,38,1500.0,1500.0,135.99,2026-04-04T00:00:00+00:00,2026-04-11T00:00:00+00:00
1060,1060,89,450.0,450.0,70.8,2026-04-04T00:00:00+00:00,2026-04-12T00:00:00+00:00
1061,1061,3,375.0,375.0,58.48,2026-04-04T00:00:00+00:00,2026-04-12T00:00:00+00:00
1062,1062,87,60.0,60.0,17.62,2026-04-05T00:00:00+00:00,2026-04-09T00:00:00+00:00
1063,1063,16,120.0,120.0,109.06,2026-04-05T00:00:00+00:00,2026-04-15T00:00:00+00:00
1064,1064,41,375.0,375.0,82.75,2026-04-06T00:00:00+00:00,2026-04-10T00:00:00+00:00
1065,1065,36,300.0,300.0,19.08,2026-04-06T00:00:00+00:00,2026-04-13T00:00:00+00:00
1066,1066,60,60.0,60.0,121.37,2026-04-06T00:00:00+00:00,2026-04-10T00:00:00+00:00
1067,1067,5,525.0,525.0,25.41,2026-04-07T00:00:00+00:00,2026-04-11T00:00:00+00:00
1068,1068,72,45.0,45.0,72.59,2026-04-07T00:00:00+00:00,2026-04-15T00:00:00+00:00
1069,1069,88,120.0,120.0,28.07,2026-04-07T00:00:00+00:00,2026-04-14T00:00:00+00:00
1070,1070,49,330.0,330.0,53.97,2026-04-07T00:00:00+00:00,2026-04-15T00:00:00+00:00
1071,1071,69,180.0,180.0,22.48,2026-04-08T00:00:00+00:00,2026-04-15T00:00:00+00:00
1072,1072,22,2250.0,2250.0,145.41,2026-04-09T00:00:00+00:00,2026-04-13T00:00:00+00:00
1073,1073,70,225.0,225.0,63.4,2026-04-09T00:00:00+00:00,2026-04-16T00:00:00+00:00
1074,1074,17,750.0,750.0,30.18,2026-04-10T00:00:00+00:00,2026-04-16T00:00:00+00:00
1075,1075,2,450.0,450.0,24.62,2026-04-10T00:00:00+00:00,2026-04-16T00:00:00+00:00
1076,1076,34,375.0,375.0,44.18,2026-04-10T00:00:00+00:00,2026-04-17T00:00:00+00:00
1077,1077,99,375.0,375.0,42.92,2026-04-11T00:00:00+00:00,2026-04-21T00:00:00+00:00
1078,1078,73,30.0,30.0,112.63,2026-04-11T00:00:00+00:00,2026-04-19T00:00:00+00:00
1079,1079,23,1200.0,1200.0,33.63,2026-04-12T00:00:00+00:00,2026-04-15T00:00:00+00:00
1080,1080,6,420.0,420.0,137.07,2026-04-12T00:00:00+00:00,2026-04-19T00:00:00+00:00
1081,1081,43,225.0,225.0,102.95,2026-04-12T00:00:00+00:00,2026-04-19T00:00:00+00:00
1082,1082,9,300.0,300.0,131.95,2026-04-12T00:00:00+00:00,2026-04-22T00:00:00+00:00
1083,1083,78,180.0,180.0,113.3,2026-04-12T00:00:00+00:00,2026-04-18T00:00:00+00:00
1084,1084,83,1500.0,1500.0,18.0,2026-04-12T00:00:00+00:00,2026-04-18T00:00:00+00:00
1085,1085,35,225.0,225.0,3.16,2026-04-12T00:00:00+00:00,2026-04-20T00:00:00+00:00
1086,1086,10,450.0,450.0,115.34,2026-04-13T00:00:00+00:00,2026-04-21T00:00:00+00:00
1087,1087,92,30.0,30.0,54.51,2026-04-13T00:00:00+00:00,2026-04-16T00:00:00+00:00
1088,1088,24,750.0,750.0,41.25,2026-04-13T00:00:00+00:00,2026-04-16T00:00:00+00:00
1089,1089,4,600.0,600.0,102.89,2026-04-13T00:00:00+00:00,2026-04-17T00:00:00+00:00
1090,1090,65,60.0,60.0,122.62,2026-04-14T00:00:00+00:00,2026-04-20T00:00:00+00:00
1091,1091,81,3000.0,3000.0,20.68,2026-04-14T00:00:00+00:00,2026-04-22T00:00:00+00:00
1092,1092,93,30.0,30.0,142.31,2026-04-14T00:00:00+00:00,2026-04-21T00:00:00+00:00
1093,1093,82,2700.0,2700.0,115.5,2026-04-14T00:00:00+00:00,2026-04-22T00:00:00+00:00
1094,1094,33,1050.0,1050.0,76.87,2026-04-15T00:00:00+00:00,2026-04-19T00:00:00+00:00
1095,1095,29,120.0,120.0,38.44,2026-04-15T00:00:00+00:00,2026-04-18T00:00:00+00:00
1096,1096,19,420.0,420.0,52.22,2026-04-15T00:00:00+00:00,2026-04-19T00:00:00+00:00
1097,1097,75,150.0,150.0,138.09,2026-04-15T00:00:00+00:00,2026-04-22T00:00:00+00:00
1098,1098,53,90.0,90.0,142.43,2026-04-16T00:00:00+00:00,2026-04-20T00:00:00+00:00
1099,1099,67,120.0,120.0,115.34,2026-04-16T00:00:00+00:00,2026-04-24T00:00:00+00:00
1100,1100,68,150.0,150.0,107.6,2026-04-16T00:00:00+00:00,2026-04-25T00:00:00+00:00
1101,1101,15,300.0,300.0,12.49,2026-04-16T00:00:00+00:00,2026-04-23T00:00:00+00:00
1102,1102,7,480.0,480.0,81.83,2026-04-16T00:00:00+00:00,2026-04-19T00:00:00+00:00
1103,1103,76,210.0,210.0,6.01,2026-04-16T00:00:00+00:00,2026-04-24T00:00:00+00:00
1104,1104,54,75.0,75.0,47.77,2026-04-16T00:00:00+00:00,2026-04-23T00:00:00+00:00
1105,1105,42,300.0,300.0,47.62,2026-04-16T00:00:00+00:00,2026-04-19T00:00:00+00:00
1106,1106,71,375.0,375.0,59.64,2026-04-16T00:00:00+00:00,2026-04-20T00:00:00+00:00
1107,1107,85,75.0,75.0,127.84,2026-04-16T00:00:00+00:00,2026-04-20T00:00:00+00:00
1108,1108,28,225.0,225.0,128.0,2026-04-17T00:00:00+00:00,2026-04-21T00:00:00+00:00
1109,1109,91,90.0,90.0,58.09,2026-04-17T00:00:00+00:00,2026-04-25T00:00:00+00:00
1110,1110,13,180.0,180.0,11.48,2026-04-17T00:00:00+00:00,2026-04-21T00:00:00+00:00
1111,1111,47,1350.0,1350.0,34.92,2026-04-17T00:00:00+00:00,2026-04-20T00:00:00+00:00
1112,1112,61,90.0,90.0,69.4,2026-04-17T00:00:00+00:00,2026-04-25T00:00:00+00:00
1113,1113,39,900.0,900.0,2.52,2026-04-17T00:00:00+00:00,2026-04-25T00:00:00+00:00
1114,1114,11,330.0,330.0,64.62,2026-04-18T00:00:00+00:00,2026-04-27T00:00:00+00:00
1115,1115,45,420.0,420.0,28.55,2026-04-18T00:00:00+00:00,2026-04-25T00:00:00+00:00
1116,1116,1,675.0,675.0,55.58,2026-04-18T00:00:00+00:00,2026-04-21T00:00:00+00:00
1117,1117,96,45.0,45.0,72.04,2026-04-18T00:00:00+00:00,2026-04-22T00:00:00+00:00
1118,1118,86,60.0,60.0,99.91,2026-04-18T00:00:00+00:00,2026-04-22T00:00:00+00:00
1119,1119,79,90.0,90.0,81.83,2026-04-19T00:00:00+00:00,2026-04-27T00:00:00+00:00
1120,1120,55,210.0,210.0,64.23,2026-04-19T00:00:00+00:00,2026-04-26T00:00:00+00:00
1121,1121,63,60.0,60.0,28.03,2026-04-19T00:00:00+00:00,2026-04-25T00:00:00+00:00
1122,1122,58,600.0,600.0,72.03,2026-04-20T00:00:00+00:00,2026-04-24T00:00:00+00:00
1123,1123,64,75.0,75.0,69.56,2026-04-20T00:00:00+00:00,2026-04-27T00:00:00+00:00
1124,1124,31,675.0,675.0,37.33,2026-04-20T00:00:00+00:00,2026-04-24T00:00:00+00:00
1125,1125,51,75.0,75.0,66.59,2026-04-20T00:00:00+00:00,2026-04-24T00:00:00+00:00
1126,1126,100,30.0,30.0,35.67,2026-04-20T00:00:00+00:00,2026-04-24T00:00:00+00:00
1127,1127,27,180.0,180.0,9.42,2026-04-20T00:00:00+00:00,2026-04-27T00:00:00+00:00
1128,1128,57,150.0,150.0,91.79,2026-04-20T00:00:00+00:00,2026-04-30T00:00:00+00:00
1129,1129,62,75.0,75.0,23.84,2026-04-20T00:00:00+00:00,2026-04-28T00:00:00+00:00
1130,1130,94,330.0,330.0,104.21,2026-04-21T00:00:00+00:00,2026-04-29T00:00:00+00:00
1131,1131,97,30.0,30.0,42.1,2026-04-21T00:00:00+00:00,2026-04-25T00:00:00+00:00
1132,1132,98,75.0,75.0,81.31,2026-04-21T00:00:00+00:00,2026-04-25T00:00:00+00:00
1133,1133,50,525.0,525.0,28.43,2026-04-21T00:00:00+00:00,2026-04-25T00:00:00+00:00
1134,1134,37,270.0,270.0,33.17,2026-04-21T00:00:00+00:00,2026-04-30T00:00:00+00:00
1135,1135,14,375.0,375.0,12.51,2026-04-22T00:00:00+00:00,2026-04-30T00:00:00+00:00
1136,1136,89,450.0,450.0,70.8,2026-04-22T00:00:00+00:00,2026-04-30T00:00:00+00:00
1137,1137,20,150.0,150.0,22.75,2026-04-22T00:00:00+00:00,2026-05-02T00:00:00+00:00
1138,1138,40,600.0,600.0,83.65,2026-04-22T00:00:00+00:00,2026-04-25T00:00:00+00:00
1139,1139,66,45.0,45.0,129.5,2026-04-22T00:00:00+00:00,2026-04-29T00:00:00+00:00
1140,1140,77,225.0,225.0,58.11,2026-04-22T00:00:00+00:00,2026-04-25T00:00:00+00:00
1141,1141,25,900.0,900.0,149.32,2026-04-23T00:00:00+00:00,2026-04-26T00:00:00+00:00
1142,1142,84,180.0,180.0,13.25,2026-04-23T00:00:00+00:00,2026-04-26T00:00:00+00:00
1143,1143,32,270.0,270.0,3.38,2026-04-23T00:00:00+00:00,2026-05-01T00:00:00+00:00
1144,1144,8,225.0,225.0,4.88,2026-04-23T00:00:00+00:00,2026-05-01T00:00:00+00:00
1145,1145,80,150.0,150.0,113.63,2026-04-23T00:00:00+00:00,2026-04-29T00:00:00+00:00
1146,1146,48,225.0,225.0,5.5,2026-04-23T00:00:00+00:00,2026-05-02T00:00:00+00:00
1147,1147,41,375.0,375.0,82.75,2026-04-24T00:00:00+00:00,2026-04-28T00:00:00+00:00
1148,1148,90,45.0,45.0,43.28,2026-04-24T00:00:00+00:00,2026-04-28T00:00:00+00:00
1149,1149,95,225.0,225.0,45.55,2026-04-24T00:00:00+00:00,2026-04-30T00:00:00+00:00
1150,1150,12,270.0,270.0,149.28,2026-04-24T00:00:00+00:00,2026-05-01T00:00:00+00:00
1151,1151,60,60.0,60.0,121.37,2026-04-25T00:00:00+00:00,2026-04-29T00:00:00+00:00
1152,1152,59,750.0,750.0,95.68,2026-04-25T00:00:00+00:00,2026-05-04T00:00:00+00:00
1153,1153,74,30.0,30.0,66.5,2026-04-25T00:00:00+00:00,2026-05-03T00:00:00+00:00
1154,1154,26,450.0,450.0,34.22,2026-04-26T00:00:00+00:00,2026-04-29T00:00:00+00:00
1155,1155,2,450.0,450.0,24.62,2026-04-26T00:00:00+00:00,2026-05-02T00:00:00+00:00
1156,1156,21,1800.0,1800.0,121.59,2026-04-26T00:00:00+00:00,2026-05-04T00:00:00+00:00
1157,1157,44,450.0,450.0,139.01,2026-04-26T00:00:00+00:00,2026-05-04T00:00:00+00:00
1158,1158,70,225.0,225.0,63.4,2026-04-27T00:00:00+00:00,2026-05-04T00:00:00+00:00
1159,1159,5,525.0,525.0,25.41,2026-04-27T00:00:00+00:00,2026-05-01T00:00:00+00:00
1160,1160,18,210.0,210.0,129.85,2026-04-27T00:00:00+00:00,2026-04-30T00:00:00+00:00
1161,1161,36,300.0,300.0,19.08,2026-04-27T00:00:00+00:00,2026-05-04T00:00:00+00:00
1162,1162,30,600.0,600.0,85.65,2026-04-27T00:00:00+00:00,2026-04-30T00:00:00+00:00
1163,1163,16,120.0,120.0,109.06,2026-04-28T00:00:00+00:00,2026-05-08T00:00:00+00:00
1164,1164,49,330.0,330.0,53.97,2026-04-28T00:00:00+00:00,2026-05-06T00:00:00+00:00
1165,1165,38,1500.0,1500.0,135.99,2026-04-28T00:00:00+00:00,2026-05-05T00:00:00+00:00
1166,1166,69,180.0,180.0,22.48,2026-04-29T00:00:00+00:00,2026-05-06T00:00:00+00:00
1167,1167,87,60.0,60.0,17.62,2026-04-29T00:00:00+00:00,2026-05-03T00:00:00+00:00
1168,1168,3,375.0,375.0,58.48,2026-04-30T00:00:00+00:00,2026-05-08T00:00:00+00:00
1169,1169,56,300.0,300.0,62.1,2026-04-30T00:00:00+00:00,2026-05-08T00:00:00+00:00
1170,1170,17,750.0,750.0,30.18,2026-04-30T00:00:00+00:00,2026-05-06T00:00:00+00:00
1171,1171,24,750.0,750.0,41.25,2026-05-01T00:00:00+00:00,2026-05-04T00:00:00+00:00
1172,1172,9,300.0,300.0,131.95,2026-05-02T00:00:00+00:00,2026-05-12T00:00:00+00:00
1173,1173,72,45.0,45.0,72.59,2026-05-02T00:00:00+00:00,2026-05-10T00:00:00+00:00
1174,1174,22,2250.0,2250.0,145.41,2026-05-02T00:00:00+00:00,2026-05-06T00:00:00+00:00
1175,1175,82,2700.0,2700.0,115.5,2026-05-03T00:00:00+00:00,2026-05-11T00:00:00+00:00
1176,1176,46,270.0,270.0,121.99,2026-05-03T00:00:00+00:00,2026-05-09T00:00:00+00:00
1177,1177,99,375.0,375.0,42.92,2026-05-04T00:00:00+00:00,2026-05-14T00:00:00+00:00
1178,1178,39,900.0,900.0,2.52,2026-05-04T00:00:00+00:00,2026-05-12T00:00:00+00:00
1179,1179,43,225.0,225.0,102.95,2026-05-04T00:00:00+00:00,2026-05-11T00:00:00+00:00
1180,1180,33,1050.0,1050.0,76.87,2026-05-05T00:00:00+00:00,2026-05-09T00:00:00+00:00
1181,1181,54,75.0,75.0,47.77,2026-05-05T00:00:00+00:00,2026-05-12T00:00:00+00:00
1182,1182,29,120.0,120.0,38.44,2026-05-05T00:00:00+00:00,2026-05-08T00:00:00+00:00
1183,1183,13,180.0,180.0,11.48,2026-05-05T00:00:00+00:00,2026-05-09T00:00:00+00:00
1184,1184,34,375.0,375.0,44.18,2026-05-05T00:00:00+00:00,2026-05-12T00:00:00+00:00
1185,1185,75,150.0,150.0,138.09,2026-05-05T00:00:00+00:00,2026-05-12T00:00:00+00:00
1186,1186,83,1500.0,1500.0,18.0,2026-05-05T00:00:00+00:00,2026-05-11T00:00:00+00:00
1187,1187,45,420.0,420.0,28.55,2026-05-05T00:00:00+00:00,2026-05-12T00:00:00+00:00
1188,1188,67,120.0,120.0,115.34,2026-05-06T00:00:00+00:00,2026-05-14T00:00:00+00:00
1189,1189,76,210.0,210.0,6.01,2026-05-06T00:00:00+00:00,2026-05-14T00:00:00+00:00
1190,1190,79,90.0,90.0,81.83,2026-05-06T00:00:00+00:00,2026-05-14T00:00:00+00:00
1191,1191,65,60.0,60.0,122.62,2026-05-06T00:00:00+00:00,2026-05-12T00:00:00+00:00
1192,1192,81,3000.0,3000.0,20.68,2026-05-06T00:00:00+00:00,2026-05-14T00:00:00+00:00
1193,1193,68,150.0,150.0,107.6,2026-05-06T00:00:00+00:00,2026-05-15T00:00:00+00:00
1194,1194,4,600.0,600.0,102.89,2026-05-06T00:00:00+00:00,2026-05-10T00:00:00+00:00
1195,1195,10,450.0,450.0,115.34,2026-05-06T00:00:00+00:00,2026-05-14T00:00:00+00:00
1196,1196,88,120.0,120.0,28.07,2026-05-06T00:00:00+00:00,2026-05-13T00:00:00+00:00
1197,1197,78,180.0,180.0,113.3,2026-05-07T00:00:00+00:00,2026-05-13T00:00:00+00:00
1198,1198,15,300.0,300.0,12.49,2026-05-07T00:00:00+00:00,2026-05-14T00:00:00+00:00
1199,1199,52,120.0,120.0,66.54,2026-05-07T00:00:00+00:00,2026-05-16T00:00:00+00:00
1200,1200,7,480.0,480.0,81.83,2026-05-07T00:00:00+00:00,2026-05-10T00:00:00+00:00
1201,1201,85,75.0,75.0,127.84,2026-05-07T00:00:00+00:00,2026-05-11T00:00:00+00:00
1202,1202,91,90.0,90.0,58.09,2026-05-08T00:00:00+00:00,2026-05-16T00:00:00+00:00
1203,1203,19,420.0,420.0,52.22,2026-05-08T00:00:00+00:00,2026-05-12T00:00:00+00:00
1204,1204,23,1200.0,1200.0,33.63,2026-05-08T00:00:00+00:00,2026-05-11T00:00:00+00:00
1205,1205,94,330.0,330.0,104.21,2026-05-08T00:00:00+00:00,2026-05-16T00:00:00+00:00
1206,1206,28,225.0,225.0,128.0,2026-05-08T00:00:00+00:00,2026-05-12T00:00:00+00:00
1207,1207,1,675.0,675.0,55.58,2026-05-09T00:00:00+00:00,2026-05-12T00:00:00+00:00
1208,1208,80,150.0,150.0,113.63,2026-05-09T00:00:00+00:00,2026-05-15T00:00:00+00:00
1209,1209,35,225.0,225.0,3.16,2026-05-09T00:00:00+00:00,2026-05-17T00:00:00+00:00
1210,1210,11,330.0,330.0,64.62,2026-05-10T00:00:00+00:00,2026-05-19T00:00:00+00:00
1211,1211,14,375.0,375.0,12.51,2026-05-10T00:00:00+00:00,2026-05-18T00:00:00+00:00
1212,1212,6,420.0,420.0,137.07,2026-05-10T00:00:00+00:00,2026-05-17T00:00:00+00:00
1213,1213,53,90.0,90.0,142.43,2026-05-11T00:00:00+00:00,2026-05-15T00:00:00+00:00
1214,1214,42,300.0,300.0,47.62,2026-05-11T00:00:00+00:00,2026-05-14T00:00:00+00:00
1215,1215,8,225.0,225.0,4.88,2026-05-11T00:00:00+00:00,2026-05-19T00:00:00+00:00
1216,1216,61,90.0,90.0,69.4,2026-05-11T00:00:00+00:00,2026-05-19T00:00:00+00:00
1217,1217,96,45.0,45.0,72.04,2026-05-12T00:00:00+00:00,2026-05-16T00:00:00+00:00
1218,1218,47,1350.0,1350.0,34.92,2026-05-12T00:00:00+00:00,2026-05-15T00:00:00+00:00
1219,1219,57,150.0,150.0,91.79,2026-05-12T00:00:00+00:00,2026-05-22T00:00:00+00:00
1220,1220,62,75.0,75.0,23.84,2026-05-12T00:00:00+00:00,2026-05-20T00:00:00+00:00
1221,1221,66,45.0,45.0,129.5,2026-05-12T00:00:00+00:00,2026-05-19T00:00:00+00:00
1222,1222,37,270.0,270.0,33.17,2026-05-12T00:00:00+00:00,2026-05-21T00:00:00+00:00
1223,1223,98,75.0,75.0,81.31,2026-05-12T00:00:00+00:00,2026-05-16T00:00:00+00:00
1224,1224,55,210.0,210.0,64.23,2026-05-13T00:00:00+00:00,2026-05-20T00:00:00+00:00
1225,1225,73,30.0,30.0,112.63,2026-05-13T00:00:00+00:00,2026-05-21T00:00:00+00:00
1226,1226,50,525.0,525.0,28.43,2026-05-13T00:00:00+00:00,2026-05-17T00:00:00+00:00
1227,1227,64,75.0,75.0,69.56,2026-05-14T00:00:00+00:00,2026-05-21T00:00:00+00:00
1228,1228,63,60.0,60.0,28.03,2026-05-14T00:00:00+00:00,2026-05-20T00:00:00+00:00
1229,1229,86,60.0,60.0,99.91,2026-05-14T00:00:00+00:00,2026-05-18T00:00:00+00:00
1230,1230,40,600.0,600.0,83.65,2026-05-14T00:00:00+00:00,2026-05-17T00:00:00+00:00
1231,1231,32,270.0,270.0,3.38,2026-05-15T00:00:00+00:00,2026-05-23T00:00:00+00:00
1232,1232,71,375.0,375.0,59.64,2026-05-16T00:00:00+00:00,2026-05-20T00:00:00+00:00
1233,1233,2,450.0,450.0,24.62,2026-05-16T00:00:00+00:00,2026-05-22T00:00:00+00:00
1234,1234,25,900.0,900.0,149.32,2026-05-16T00:00:00+00:00,2026-05-19T00:00:00+00:00
1235,1235,77,225.0,225.0,58.11,2026-05-16T00:00:00+00:00,2026-05-19T00:00:00+00:00
1236,1236,70,225.0,225.0,63.4,2026-05-16T00:00:00+00:00,2026-05-23T00:00:00+00:00
1237,1237,89,450.0,450.0,70.8,2026-05-16T00:00:00+00:00,2026-05-24T00:00:00+00:00
1238,1238,31,675.0,675.0,37.33,2026-05-16T00:00:00+00:00,2026-05-20T00:00:00+00:00
1239,1239,84,180.0,180.0,13.25,2026-05-16T00:00:00+00:00,2026-05-19T00:00:00+00:00
1240,1240,59,750.0,750.0,95.68,2026-05-17T00:00:00+00:00,2026-05-26T00:00:00+00:00
1241,1241,97,30.0,30.0,42.1,2026-05-17T00:00:00+00:00,2026-05-21T00:00:00+00:00
1242,1242,92,30.0,30.0,54.51,2026-05-17T00:00:00+00:00,2026-05-20T00:00:00+00:00
1243,1243,30,600.0,600.0,85.65,2026-05-17T00:00:00+00:00,2026-05-20T00:00:00+00:00
1244,1244,12,270.0,270.0,149.28,2026-05-18T00:00:00+00:00,2026-05-25T00:00:00+00:00
1245,1245,41,375.0,375.0,82.75,2026-05-18T00:00:00+00:00,2026-05-22T00:00:00+00:00
1246,1246,21,1800.0,1800.0,121.59,2026-05-18T00:00:00+00:00,2026-05-26T00:00:00+00:00
1247,1247,48,225.0,225.0,5.5,2026-05-18T00:00:00+00:00,2026-05-27T00:00:00+00:00
1248,1248,20,150.0,150.0,22.75,2026-05-18T00:00:00+00:00,2026-05-28T00:00:00+00:00
1249,1249,51,75.0,75.0,66.59,2026-05-18T00:00:00+00:00,2026-05-22T00:00:00+00:00
1250,1250,17,750.0,750.0,30.18,2026-05-18T00:00:00+00:00,2026-05-24T00:00:00+00:00
1251,1251,16,120.0,120.0,109.06,2026-05-18T00:00:00+00:00,2026-05-28T00:00:00+00:00
1252,1252,44,450.0,450.0,139.01,2026-05-19T00:00:00+00:00,2026-05-27T00:00:00+00:00
1253,1253,26,450.0,450.0,34.22,2026-05-19T00:00:00+00:00,2026-05-22T00:00:00+00:00
1254,1254,90,45.0,45.0,43.28,2026-05-19T00:00:00+00:00,2026-05-23T00:00:00+00:00
1255,1255,36,300.0,300.0,19.08,2026-05-19T00:00:00+00:00,2026-05-26T00:00:00+00:00
1256,1256,60,60.0,60.0,121.37,2026-05-19T00:00:00+00:00,2026-05-23T00:00:00+00:00
1257,1257,56,300.0,300.0,62.1,2026-05-19T00:00:00+00:00,2026-05-27T00:00:00+00:00
1258,1258,3,375.0,375.0,58.48,2026-05-20T00:00:00+00:00,2026-05-28T00:00:00+00:00
1259,1259,87,60.0,60.0,17.62,2026-05-20T00:00:00+00:00,2026-05-24T00:00:00+00:00
1260,1260,24,750.0,750.0,41.25,2026-05-20T00:00:00+00:00,2026-05-23T00:00:00+00:00
1261,1261,49,330.0,330.0,53.97,2026-05-21T00:00:00+00:00,2026-05-29T00:00:00+00:00
1262,1262,27,180.0,180.0,9.42,2026-05-21T00:00:00+00:00,2026-05-28T00:00:00+00:00
1263,1263,69,180.0,180.0,22.48,2026-05-22T00:00:00+00:00,2026-05-29T00:00:00+00:00
1264,1264,38,1500.0,1500.0,135.99,2026-05-22T00:00:00+00:00,2026-05-29T00:00:00+00:00
1265,1265,39,900.0,900.0,2.52,2026-05-22T00:00:00+00:00,2026-05-30T00:00:00+00:00
1266,1266,34,375.0,375.0,44.18,2026-05-22T00:00:00+00:00,2026-05-29T00:00:00+00:00
1267,1267,100,30.0,30.0,35.67,2026-05-22T00:00:00+00:00,2026-05-26T00:00:00+00:00
1268,1268,5,525.0,525.0,25.41,2026-05-23T00:00:00+00:00,2026-05-27T00:00:00+00:00
1269,1269,95,225.0,225.0,45.55,2026-05-23T00:00:00+00:00,2026-05-29T00:00:00+00:00
1270,1270,58,600.0,600.0,72.03,2026-05-23T00:00:00+00:00,2026-05-27T00:00:00+00:00
1271,1271,76,210.0,210.0,6.01,2026-05-23T00:00:00+00:00,2026-05-31T00:00:00+00:00
1272,1272,22,2250.0,2250.0,145.41,2026-05-24T00:00:00+00:00,2026-05-28T00:00:00+00:00
1273,1273,33,1050.0,1050.0,76.87,2026-05-24T00:00:00+00:00,2026-05-28T00:00:00+00:00
1274,1274,93,30.0,30.0,142.31,2026-05-24T00:00:00+00:00,2026-05-31T00:00:00+00:00
1275,1275,4,600.0,600.0,102.89,2026-05-24T00:00:00+00:00,2026-05-28T00:00:00+00:00
1276,1276,29,120.0,120.0,38.44,2026-05-25T00:00:00+00:00,2026-05-28T00:00:00+00:00
1277,1277,15,300.0,300.0,12.49,2026-05-25T00:00:00+00:00,2026-06-01T00:00:00+00:00
1278,1278,82,2700.0,2700.0,115.5,2026-05-25T00:00:00+00:00,2026-06-02T00:00:00+00:00
1279,1279,75,150.0,150.0,138.09,2026-05-26T00:00:00+00:00,2026-06-02T00:00:00+00:00
1280,1280,72,45.0,45.0,72.59,2026-05-26T00:00:00+00:00,2026-06-03T00:00:00+00:00
1281,1281,46,270.0,270.0,121.99,2026-05-26T00:00:00+00:00,2026-06-01T00:00:00+00:00
1282,1282,79,90.0,90.0,81.83,2026-05-26T00:00:00+00:00,2026-06-03T00:00:00+00:00
1283,1283,42,300.0,300.0,47.62,2026-05-27T00:00:00+00:00,2026-05-30T00:00:00+00:00
1284,1284,18,210.0,210.0,129.85,2026-05-27T00:00:00+00:00,2026-05-30T00:00:00+00:00
1285,1285,52,120.0,120.0,66.54,2026-05-27T00:00:00+00:00,2026-06-05T00:00:00+00:00
1286,1286,83,1500.0,1500.0,18.0,2026-05-27T00:00:00+00:00,2026-06-02T00:00:00+00:00
1287,1287,54,75.0,75.0,47.77,2026-05-27T00:00:00+00:00,2026-06-03T00:00:00+00:00
1288,1288,74,30.0,30.0,66.5,2026-05-27T00:00:00+00:00,2026-06-04T00:00:00+00:00
1289,1289,91,90.0,90.0,58.09,2026-05-27T00:00:00+00:00,2026-06-04T00:00:00+00:00
1290,1290,19,420.0,420.0,52.22,2026-05-27T00:00:00+00:00,2026-05-31T00:00:00+00:00
1291,1291,61,90.0,90.0,69.4,2026-05-28T00:00:00+00:00,2026-06-05T00:00:00+00:00
1292,1292,81,3000.0,3000.0,20.68,2026-05-28T00:00:00+00:00,2026-06-05T00:00:00+00:00
1293,1293,99,375.0,375.0,42.92,2026-05-28T00:00:00+00:00,2026-06-07T00:00:00+00:00
1294,1294,10,450.0,450.0,115.34,2026-05-28T00:00:00+00:00,2026-06-05T00:00:00+00:00
1295,1295,1,675.0,675.0,55.58,2026-05-28T00:00:00+00:00,2026-05-31T00:00:00+00:00
1296,1296,45,420.0,420.0,28.55,2026-05-28T00:00:00+00:00,2026-06-04T00:00:00+00:00
1297,1297,35,225.0,225.0,3.16,2026-05-29T00:00:00+00:00,2026-06-06T00:00:00+00:00
1298,1298,67,120.0,120.0,115.34,2026-05-30T00:00:00+00:00,2026-06-07T00:00:00+00:00
1299,1299,65,60.0,60.0,122.62,2026-05-30T00:00:00+00:00,2026-06-05T00:00:00+00:00
1300,1300,6,420.0,420.0,137.07,2026-05-31T00:00:00+00:00,2026-06-07T00:00:00+00:00
1301,1301,43,225.0,225.0,102.95,2026-05-31T00:00:00+00:00,2026-06-07T00:00:00+00:00
1302,1302,13,180.0,180.0,11.48,2026-05-31T00:00:00+00:00,2026-06-04T00:00:00+00:00
1303,1303,11,330.0,330.0,64.62,2026-05-31T00:00:00+00:00,2026-06-09T00:00:00+00:00
1304,1304,9,300.0,300.0,131.95,2026-05-31T00:00:00+00:00,2026-06-10T00:00:00+00:00
1305,1305,85,75.0,75.0,127.84,2026-05-31T00:00:00+00:00,2026-06-04T00:00:00+00:00
1306,1306,88,120.0,120.0,28.07,2026-05-31T00:00:00+00:00,2026-06-07T00:00:00+00:00
1307,1307,7,480.0,480.0,81.83,2026-06-01T00:00:00+00:00,2026-06-04T00:00:00+00:00
1308,1308,47,1350.0,1350.0,34.92,2026-06-01T00:00:00+00:00,2026-06-04T00:00:00+00:00
1309,1309,86,60.0,60.0,99.91,2026-06-01T00:00:00+00:00,2026-06-05T00:00:00+00:00
1310,1310,78,180.0,180.0,113.3,2026-06-01T00:00:00+00:00,2026-06-07T00:00:00+00:00
1311,1311,23,1200.0,1200.0,33.63,2026-06-01T00:00:00+00:00,2026-06-04T00:00:00+00:00
1312,1312,94,330.0,330.0,104.21,2026-06-01T00:00:00+00:00,2026-06-09T00:00:00+00:00
1313,1313,66,45.0,45.0,129.5,2026-06-02T00:00:00+00:00,2026-06-09T00:00:00+00:00
1314,1314,53,90.0,90.0,142.43,2026-06-02T00:00:00+00:00,2026-06-06T00:00:00+00:00
1315,1315,57,150.0,150.0,91.79,2026-06-03T00:00:00+00:00,2026-06-13T00:00:00+00:00
1316,1316,68,150.0,150.0,107.6,2026-06-03T00:00:00+00:00,2026-06-12T00:00:00+00:00
1317,1317,21,1800.0,1800.0,121.59,2026-06-03T00:00:00+00:00,2026-06-11T00:00:00+00:00
1318,1318,40,600.0,600.0,83.65,2026-06-03T00:00:00+00:00,2026-06-06T00:00:00+00:00
1319,1319,98,75.0,75.0,81.31,2026-06-03T00:00:00+00:00,2026-06-07T00:00:00+00:00
1320,1320,77,225.0,225.0,58.11,2026-06-04T00:00:00+00:00,2026-06-07T00:00:00+00:00
1321,1321,96,45.0,45.0,72.04,2026-06-04T00:00:00+00:00,2026-06-08T00:00:00+00:00
1322,1322,14,375.0,375.0,12.51,2026-06-04T00:00:00+00:00,2026-06-12T00:00:00+00:00
1323,1323,8,225.0,225.0,4.88,2026-06-04T00:00:00+00:00,2026-06-12T00:00:00+00:00
1324,1324,32,270.0,270.0,3.38,2026-06-04T00:00:00+00:00,2026-06-12T00:00:00+00:00
1325,1325,80,150.0,150.0,113.63,2026-06-05T00:00:00+00:00,2026-06-11T00:00:00+00:00
1326,1326,89,450.0,450.0,70.8,2026-06-05T00:00:00+00:00,2026-06-13T00:00:00+00:00
1327,1327,37,270.0,270.0,33.17,2026-06-05T00:00:00+00:00,2026-06-14T00:00:00+00:00
1328,1328,63,60.0,60.0,28.03,2026-06-05T00:00:00+00:00,2026-06-11T00:00:00+00:00
1329,1329,44,450.0,450.0,139.01,2026-06-05T00:00:00+00:00,2026-06-13T00:00:00+00:00
1330,1330,62,75.0,75.0,23.84,2026-06-05T00:00:00+00:00,2026-06-13T00:00:00+00:00
1331,1331,84,180.0,180.0,13.25,2026-06-06T00:00:00+00:00,2026-06-09T00:00:00+00:00
1332,1332,20,150.0,150.0,22.75,2026-06-06T00:00:00+00:00,2026-06-16T00:00:00+00:00
1333,1333,30,600.0,600.0,85.65,2026-06-07T00:00:00+00:00,2026-06-10T00:00:00+00:00
1334,1334,70,225.0,225.0,63.4,2026-06-07T00:00:00+00:00,2026-06-14T00:00:00+00:00
1335,1335,71,375.0,375.0,59.64,2026-06-07T00:00:00+00:00,2026-06-11T00:00:00+00:00
1336,1336,2,450.0,450.0,24.62,2026-06-07T00:00:00+00:00,2026-06-13T00:00:00+00:00
1337,1337,60,60.0,60.0,121.37,2026-06-07T00:00:00+00:00,2026-06-11T00:00:00+00:00
1338,1338,50,525.0,525.0,28.43,2026-06-07T00:00:00+00:00,2026-06-11T00:00:00+00:00
1339,1339,64,75.0,75.0,69.56,2026-06-07T00:00:00+00:00,2026-06-14T00:00:00+00:00
1340,1340,28,225.0,225.0,128.0,2026-06-07T00:00:00+00:00,2026-06-11T00:00:00+00:00
1341,1341,12,270.0,270.0,149.28,2026-06-08T00:00:00+00:00,2026-06-15T00:00:00+00:00
1342,1342,59,750.0,750.0,95.68,2026-06-08T00:00:00+00:00,2026-06-17T00:00:00+00:00
1343,1343,25,900.0,900.0,149.32,2026-06-08T00:00:00+00:00,2026-06-11T00:00:00+00:00
1344,1344,69,180.0,180.0,22.48,2026-06-09T00:00:00+00:00,2026-06-16T00:00:00+00:00
1345,1345,36,300.0,300.0,19.08,2026-06-09T00:00:00+00:00,2026-06-16T00:00:00+00:00
1346,1346,3,375.0,375.0,58.48,2026-06-10T00:00:00+00:00,2026-06-18T00:00:00+00:00
1347,1347,48,225.0,225.0,5.5,2026-06-10T00:00:00+00:00,2026-06-19T00:00:00+00:00
1348,1348,27,180.0,180.0,9.42,2026-06-10T00:00:00+00:00,2026-06-17T00:00:00+00:00
1349,1349,58,600.0,600.0,72.03,2026-06-10T00:00:00+00:00,2026-06-14T00:00:00+00:00
1350,1350,33,1050.0,1050.0,76.87,2026-06-10T00:00:00+00:00,2026-06-14T00:00:00+00:00
1351,1351,24,750.0,750.0,41.25,2026-06-10T00:00:00+00:00,2026-06-13T00:00:00+00:00
1352,1352,87,60.0,60.0,17.62,2026-06-11T00:00:00+00:00,2026-06-15T00:00:00+00:00
1353,1353,26,450.0,450.0,34.22,2026-06-11T00:00:00+00:00,2026-06-14T00:00:00+00:00
1354,1354,15,300.0,300.0,12.49,2026-06-11T00:00:00+00:00,2026-06-18T00:00:00+00:00
1355,1355,55,210.0,210.0,64.23,2026-06-11T00:00:00+00:00,2026-06-18T00:00:00+00:00
1356,1356,76,210.0,210.0,6.01,2026-06-12T00:00:00+00:00,2026-06-20T00:00:00+00:00
1357,1357,17,750.0,750.0,30.18,2026-06-12T00:00:00+00:00,2026-06-18T00:00:00+00:00
1358,1358,73,30.0,30.0,112.63,2026-06-12T00:00:00+00:00,2026-06-20T00:00:00+00:00
1359,1359,82,2700.0,2700.0,115.5,2026-06-13T00:00:00+00:00,2026-06-21T00:00:00+00:00
1360,1360,34,375.0,375.0,44.18,2026-06-13T00:00:00+00:00,2026-06-20T00:00:00+00:00
1361,1361,46,270.0,270.0,121.99,2026-06-13T00:00:00+00:00,2026-06-19T00:00:00+00:00
1362,1362,49,330.0,330.0,53.97,2026-06-13T00:00:00+00:00,2026-06-21T00:00:00+00:00
1363,1363,51,75.0,75.0,66.59,2026-06-14T00:00:00+00:00,2026-06-18T00:00:00+00:00
1364,1364,31,675.0,675.0,37.33,2026-06-14T00:00:00+00:00,2026-06-18T00:00:00+00:00
1365,1365,56,300.0,300.0,62.1,2026-06-14T00:00:00+00:00,2026-06-22T00:00:00+00:00
1366,1366,52,120.0,120.0,66.54,2026-06-15T00:00:00+00:00,2026-06-24T00:00:00+00:00
1367,1367,41,375.0,375.0,82.75,2026-06-15T00:00:00+00:00,2026-06-19T00:00:00+00:00
1368,1368,81,3000.0,3000.0,20.68,2026-06-15T00:00:00+00:00,2026-06-23T00:00:00+00:00
1369,1369,5,525.0,525.0,25.41,2026-06-16T00:00:00+00:00,2026-06-20T00:00:00+00:00
1370,1370,4,600.0,600.0,102.89,2026-06-16T00:00:00+00:00,2026-06-20T00:00:00+00:00
1371,1371,90,45.0,45.0,43.28,2026-06-16T00:00:00+00:00,2026-06-20T00:00:00+00:00
1372,1372,54,75.0,75.0,47.77,2026-06-16T00:00:00+00:00,2026-06-23T00:00:00+00:00
1373,1373,97,30.0,30.0,42.1,2026-06-16T00:00:00+00:00,2026-06-20T00:00:00+00:00
1374,1374,61,90.0,90.0,69.4,2026-06-16T00:00:00+00:00,2026-06-24T00:00:00+00:00
1375,1375,39,900.0,900.0,2.52,2026-06-16T00:00:00+00:00,2026-06-24T00:00:00+00:00
1376,1376,38,1500.0,1500.0,135.99,2026-06-16T00:00:00+00:00,2026-06-23T00:00:00+00:00
1377,1377,16,120.0,120.0,109.06,2026-06-16T00:00:00+00:00,2026-06-26T00:00:00+00:00
1378,1378,93,30.0,30.0,142.31,2026-06-17T00:00:00+00:00,2026-06-24T00:00:00+00:00
1379,1379,19,420.0,420.0,52.22,2026-06-17T00:00:00+00:00,2026-06-21T00:00:00+00:00
1380,1380,72,45.0,45.0,72.59,2026-06-17T00:00:00+00:00,2026-06-25T00:00:00+00:00
1381,1381,95,225.0,225.0,45.55,2026-06-17T00:00:00+00:00,2026-06-23T00:00:00+00:00
1382,1382,6,420.0,420.0,137.07,2026-06-17T00:00:00+00:00,2026-06-24T00:00:00+00:00
1383,1383,83,1500.0,1500.0,18.0,2026-06-17T00:00:00+00:00,2026-06-23T00:00:00+00:00
1384,1384,22,2250.0,2250.0,145.41,2026-06-17T00:00:00+00:00,2026-06-21T00:00:00+00:00
1385,1385,75,150.0,150.0,138.09,2026-06-18T00:00:00+00:00,2026-06-25T00:00:00+00:00
1386,1386,99,375.0,375.0,42.92,2026-06-18T00:00:00+00:00,2026-06-28T00:00:00+00:00
1387,1387,100,30.0,30.0,35.67,2026-06-18T00:00:00+00:00,2026-06-22T00:00:00+00:00
1388,1388,9,300.0,300.0,131.95,2026-06-19T00:00:00+00:00,2026-06-29T00:00:00+00:00
1389,1389,1,675.0,675.0,55.58,2026-06-19T00:00:00+00:00,2026-06-22T00:00:00+00:00
1390,1390,29,120.0,120.0,38.44,2026-06-19T00:00:00+00:00,2026-06-22T00:00:00+00:00
1391,1391,92,30.0,30.0,54.51,2026-06-19T00:00:00+00:00,2026-06-22T00:00:00+00:00
1392,1392,67,120.0,120.0,115.34,2026-06-20T00:00:00+00:00,2026-06-28T00:00:00+00:00
1393,1393,40,600.0,600.0,83.65,2026-06-20T00:00:00+00:00,2026-06-23T00:00:00+00:00
1394,1394,43,225.0,225.0,102.95,2026-06-21T00:00:00+00:00,2026-06-28T00:00:00+00:00
1395,1395,10,450.0,450.0,115.34,2026-06-21T00:00:00+00:00,2026-06-29T00:00:00+00:00
1396,1396,35,225.0,225.0,3.16,2026-06-21T00:00:00+00:00,2026-06-29T00:00:00+00:00
1397,1397,42,300.0,300.0,47.62,2026-06-21T00:00:00+00:00,2026-06-24T00:00:00+00:00
1398,1398,79,90.0,90.0,81.83,2026-06-21T00:00:00+00:00,2026-06-29T00:00:00+00:00
1399,1399,11,330.0,330.0,64.62,2026-06-21T00:00:00+00:00,2026-06-30T00:00:00+00:00
1400,1400,44,450.0,450.0,139.01,2026-06-22T00:00:00+00:00,2026-06-30T00:00:00+00:00
1401,1401,13,180.0,180.0,11.48,2026-06-22T00:00:00+00:00,2026-06-26T00:00:00+00:00
1402,1402,94,330.0,330.0,104.21,2026-06-23T00:00:00+00:00,2026-07-01T00:00:00+00:00
1403,1403,78,180.0,180.0,113.3,2026-06-23T00:00:00+00:00,2026-06-29T00:00:00+00:00
1404,1404,47,1350.0,1350.0,34.92,2026-06-23T00:00:00+00:00,2026-06-26T00:00:00+00:00
1405,1405,23,1200.0,1200.0,33.63,2026-06-23T00:00:00+00:00,2026-06-26T00:00:00+00:00
1406,1406,45,420.0,420.0,28.55,2026-06-23T00:00:00+00:00,2026-06-30T00:00:00+00:00
1407,1407,53,90.0,90.0,142.43,2026-06-23T00:00:00+00:00,2026-06-27T00:00:00+00:00
1408,1408,88,120.0,120.0,28.07,2026-06-24T00:00:00+00:00,2026-07-01T00:00:00+00:00
1409,1409,91,90.0,90.0,58.09,2026-06-24T00:00:00+00:00,2026-07-02T00:00:00+00:00
1410,1410,85,75.0,75.0,127.84,2026-06-24T00:00:00+00:00,2026-06-28T00:00:00+00:00
1411,1411,57,150.0,150.0,91.79,2026-06-25T00:00:00+00:00,2026-07-05T00:00:00+00:00
1412,1412,62,75.0,75.0,23.84,2026-06-25T00:00:00+00:00,2026-07-03T00:00:00+00:00
1413,1413,89,450.0,450.0,70.8,2026-06-25T00:00:00+00:00,2026-07-03T00:00:00+00:00
1414,1414,65,60.0,60.0,122.62,2026-06-25T00:00:00+00:00,2026-07-01T00:00:00+00:00
1415,1415,21,1800.0,1800.0,121.59,2026-06-25T00:00:00+00:00,2026-07-03T00:00:00+00:00
1416,1416,80,150.0,150.0,113.63,2026-06-25T00:00:00+00:00,2026-07-01T00:00:00+00:00
1417,1417,66,45.0,45.0,129.5,2026-06-26T00:00:00+00:00,2026-07-03T00:00:00+00:00
1418,1418,77,225.0,225.0,58.11,2026-06-26T00:00:00+00:00,2026-06-29T00:00:00+00:00
1419,1419,18,210.0,210.0,129.85,2026-06-26T00:00:00+00:00,2026-06-29T00:00:00+00:00
1420,1420,37,270.0,270.0,33.17,2026-06-26T00:00:00+00:00,2026-07-05T00:00:00+00:00
1421,1421,59,750.0,750.0,95.68,2026-06-26T00:00:00+00:00,2026-07-05T00:00:00+00:00
1422,1422,32,270.0,270.0,3.38,2026-06-26T00:00:00+00:00,2026-07-04T00:00:00+00:00
1423,1423,14,375.0,375.0,12.51,2026-06-27T00:00:00+00:00,2026-07-05T00:00:00+00:00
1424,1424,20,150.0,150.0,22.75,2026-06-27T00:00:00+00:00,2026-07-07T00:00:00+00:00
1425,1425,74,30.0,30.0,66.5,2026-06-27T00:00:00+00:00,2026-07-05T00:00:00+00:00
1426,1426,7,480.0,480.0,81.83,2026-06-27T00:00:00+00:00,2026-06-30T00:00:00+00:00
1427,1427,69,180.0,180.0,22.48,2026-06-28T00:00:00+00:00,2026-07-05T00:00:00+00:00
1428,1428,15,300.0,300.0,12.49,2026-06-28T00:00:00+00:00,2026-07-05T00:00:00+00:00
1429,1429,68,150.0,150.0,107.6,2026-06-28T00:00:00+00:00,2026-07-07T00:00:00+00:00
1430,1430,2,450.0,450.0,24.62,2026-06-28T00:00:00+00:00,2026-07-04T00:00:00+00:00
1431,1431,28,225.0,225.0,128.0,2026-06-29T00:00:00+00:00,2026-07-03T00:00:00+00:00
1432,1432,71,375.0,375.0,59.64,2026-06-29T00:00:00+00:00,2026-07-03T00:00:00+00:00
1433,1433,96,45.0,45.0,72.04,2026-06-29T00:00:00+00:00,2026-07-03T00:00:00+00:00
1434,1434,8,225.0,225.0,4.88,2026-06-29T00:00:00+00:00,2026-07-07T00:00:00+00:00
1435,1435,55,210.0,210.0,64.23,2026-06-29T00:00:00+00:00,2026-07-06T00:00:00+00:00
1436,1436,98,75.0,75.0,81.31,2026-06-29T00:00:00+00:00,2026-07-03T00:00:00+00:00
1437,1437,86,60.0,60.0,99.91,2026-06-29T00:00:00+00:00,2026-07-03T00:00:00+00:00
1438,1438,70,225.0,225.0,63.4,2026-06-30T00:00:00+00:00,2026-07-07T00:00:00+00:00
1439,1439,64,75.0,75.0,69.56,2026-06-30T00:00:00+00:00,2026-07-07T00:00:00+00:00
1440,1440,17,750.0,750.0,30.18,2026-07-01T00:00:00+00:00,2026-07-07T00:00:00+00:00
1441,1441,12,270.0,270.0,149.28,2026-07-01T00:00:00+00:00,2026-07-08T00:00:00+00:00
1442,1442,63,60.0,60.0,28.03,2026-07-01T00:00:00+00:00,2026-07-07T00:00:00+00:00
1443,1443,48,225.0,225.0,5.5,2026-07-01T00:00:00+00:00,2026-07-10T00:00:00+00:00
1444,1444,84,180.0,180.0,13.25,2026-07-01T00:00:00+00:00,2026-07-04T00:00:00+00:00
1445,1445,31,675.0,675.0,37.33,2026-07-01T00:00:00+00:00,2026-07-05T00:00:00+00:00
1446,1446,24,750.0,750.0,41.25,2026-07-02T00:00:00+00:00,2026-07-05T00:00:00+00:00
1447,1447,82,2700.0,2700.0,115.5,2026-07-02T00:00:00+00:00,2026-07-10T00:00:00+00:00
1448,1448,49,330.0,330.0,53.97,2026-07-02T00:00:00+00:00,2026-07-10T00:00:00+00:00
1449,1449,36,300.0,300.0,19.08,2026-07-02T00:00:00+00:00,2026-07-09T00:00:00+00:00
1450,1450,38,1500.0,1500.0,135.99,2026-07-02T00:00:00+00:00,2026-07-09T00:00:00+00:00
1451,1451,33,1050.0,1050.0,76.87,2026-07-02T00:00:00+00:00,2026-07-06T00:00:00+00:00
1452,1452,50,525.0,525.0,28.43,2026-07-03T00:00:00+00:00,2026-07-07T00:00:00+00:00
1453,1453,26,450.0,450.0,34.22,2026-07-03T00:00:00+00:00,2026-07-06T00:00:00+00:00
1454,1454,58,600.0,600.0,72.03,2026-07-03T00:00:00+00:00,2026-07-07T00:00:00+00:00
1455,1455,46,270.0,270.0,121.99,2026-07-04T00:00:00+00:00,2026-07-10T00:00:00+00:00
1456,1456,83,1500.0,1500.0,18.0,2026-07-04T00:00:00+00:00,2026-07-10T00:00:00+00:00
1457,1457,76,210.0,210.0,6.01,2026-07-04T00:00:00+00:00,2026-07-12T00:00:00+00:00
1458,1458,41,375.0,375.0,82.75,2026-07-04T00:00:00+00:00,2026-07-08T00:00:00+00:00
1459,1459,3,375.0,375.0,58.48,2026-07-04T00:00:00+00:00,2026-07-12T00:00:00+00:00
1460,1460,73,30.0,30.0,112.63,2026-07-04T00:00:00+00:00,2026-07-12T00:00:00+00:00
1461,1461,60,60.0,60.0,121.37,2026-07-04T00:00:00+00:00,2026-07-08T00:00:00+00:00
1462,1462,22,2250.0,2250.0,145.41,2026-07-04T00:00:00+00:00,2026-07-08T00:00:00+00:00
1463,1463,25,900.0,900.0,149.32,2026-07-04T00:00:00+00:00,2026-07-07T00:00:00+00:00
1464,1464,34,375.0,375.0,44.18,2026-07-04T00:00:00+00:00,2026-07-11T00:00:00+00:00
1465,1465,39,900.0,900.0,2.52,2026-07-05T00:00:00+00:00,2026-07-13T00:00:00+00:00
1466,1466,29,120.0,120.0,38.44,2026-07-06T00:00:00+00:00,2026-07-09T00:00:00+00:00
1467,1467,54,75.0,75.0,47.77,2026-07-06T00:00:00+00:00,2026-07-13T00:00:00+00:00
1468,1468,27,180.0,180.0,9.42,2026-07-06T00:00:00+00:00,2026-07-13T00:00:00+00:00
1469,1469,87,60.0,60.0,17.62,2026-07-07T00:00:00+00:00,2026-07-11T00:00:00+00:00
1470,1470,81,3000.0,3000.0,20.68,2026-07-07T00:00:00+00:00,2026-07-15T00:00:00+00:00
1471,1471,5,525.0,525.0,25.41,2026-07-07T00:00:00+00:00,2026-07-11T00:00:00+00:00
1472,1472,97,30.0,30.0,42.1,2026-07-08T00:00:00+00:00,2026-07-12T00:00:00+00:00
1473,1473,6,420.0,420.0,137.07,2026-07-08T00:00:00+00:00,2026-07-15T00:00:00+00:00
1474,1474,61,90.0,90.0,69.4,2026-07-08T00:00:00+00:00,2026-07-16T00:00:00+00:00
1475,1475,40,600.0,600.0,83.65,2026-07-09T00:00:00+00:00,2026-07-12T00:00:00+00:00
1476,1476,52,120.0,120.0,66.54,2026-07-11T00:00:00+00:00,2026-07-20T00:00:00+00:00
1477,1477,75,150.0,150.0,138.09,2026-07-11T00:00:00+00:00,2026-07-18T00:00:00+00:00
1478,1478,47,1350.0,1350.0,34.92,2026-07-11T00:00:00+00:00,2026-07-14T00:00:00+00:00
1479,1479,30,600.0,600.0,85.65,2026-07-11T00:00:00+00:00,2026-07-14T00:00:00+00:00
1480,1480,95,225.0,225.0,45.55,2026-07-11T00:00:00+00:00,2026-07-17T00:00:00+00:00
1481,1481,4,600.0,600.0,102.89,2026-07-11T00:00:00+00:00,2026-07-15T00:00:00+00:00
1482,1482,78,180.0,180.0,113.3,2026-07-11T00:00:00+00:00,2026-07-17T00:00:00+00:00
1483,1483,43,225.0,225.0,102.95,2026-07-12T00:00:00+00:00,2026-07-19T00:00:00+00:00
1484,1484,90,45.0,45.0,43.28,2026-07-12T00:00:00+00:00,2026-07-16T00:00:00+00:00
1485,1485,7,480.0,480.0,81.83,2026-07-12T00:00:00+00:00,2026-07-15T00:00:00+00:00
1486,1486,1,675.0,675.0,55.58,2026-07-12T00:00:00+00:00,2026-07-15T00:00:00+00:00
1487,1487,51,75.0,75.0,66.59,2026-07-12T00:00:00+00:00,2026-07-16T00:00:00+00:00
1488,1488,56,300.0,300.0,62.1,2026-07-13T00:00:00+00:00,2026-07-21T00:00:00+00:00
1489,1489,42,300.0,300.0,47.62,2026-07-13T00:00:00+00:00,2026-07-16T00:00:00+00:00
1490,1490,35,225.0,225.0,3.16,2026-07-14T00:00:00+00:00,2026-07-22T00:00:00+00:00
1491,1491,99,375.0,375.0,42.92,2026-07-14T00:00:00+00:00,2026-07-24T00:00:00+00:00
1492,1492,21,1800.0,1800.0,121.59,2026-07-14T00:00:00+00:00,2026-07-22T00:00:00+00:00
1493,1493,45,420.0,420.0,28.55,2026-07-14T00:00:00+00:00,2026-07-21T00:00:00+00:00
1494,1494,79,90.0,90.0,81.83,2026-07-15T00:00:00+00:00,2026-07-23T00:00:00+00:00
1495,1495,10,450.0,450.0,115.34,2026-07-15T00:00:00+00:00,2026-07-23T00:00:00+00:00
1496,1496,19,420.0,420.0,52.22,2026-07-15T00:00:00+00:00,2026-07-19T00:00:00+00:00
1497,1497,72,45.0,45.0,72.59,2026-07-15T00:00:00+00:00,2026-07-23T00:00:00+00:00
1498,1498,11,330.0,330.0,64.62,2026-07-16T00:00:00+00:00,2026-07-25T00:00:00+00:00
1499,1499,13,180.0,180.0,11.48,2026-07-16T00:00:00+00:00,2026-07-20T00:00:00+00:00
1500,1500,94,330.0,330.0,104.21,2026-07-16T00:00:00+00:00,2026-07-24T00:00:00+00:00
1501,1501,100,30.0,30.0,35.67,2026-07-16T00:00:00+00:00,2026-07-20T00:00:00+00:00
1502,1502,18,210.0,210.0,129.85,2026-07-16T00:00:00+00:00,2026-07-19T00:00:00+00:00
1503,1503,16,120.0,120.0,109.06,2026-07-16T00:00:00+00:00,2026-07-26T00:00:00+00:00
1504,1504,67,120.0,120.0,115.34,2026-07-16T00:00:00+00:00,2026-07-24T00:00:00+00:00
1505,1505,32,270.0,270.0,3.38,2026-07-17T00:00:00+00:00,2026-07-25T00:00:00+00:00
1506,1506,85,75.0,75.0,127.84,2026-07-17T00:00:00+00:00,2026-07-21T00:00:00+00:00
1507,1507,65,60.0,60.0,122.62,2026-07-17T00:00:00+00:00,2026-07-23T00:00:00+00:00
1508,1508,9,300.0,300.0,131.95,2026-07-17T00:00:00+00:00,2026-07-27T00:00:00+00:00
1509,1509,66,45.0,45.0,129.5,2026-07-17T00:00:00+00:00,2026-07-24T00:00:00+00:00
1510,1510,69,180.0,180.0,22.48,2026-07-17T00:00:00+00:00,2026-07-24T00:00:00+00:00
1511,1511,77,225.0,225.0,58.11,2026-07-17T00:00:00+00:00,2026-07-20T00:00:00+00:00
1512,1512,8,225.0,225.0,4.88,2026-07-18T00:00:00+00:00,2026-07-26T00:00:00+00:00
1513,1513,93,30.0,30.0,142.31,2026-07-18T00:00:00+00:00,2026-07-25T00:00:00+00:00
1514,1514,62,75.0,75.0,23.84,2026-07-18T00:00:00+00:00,2026-07-26T00:00:00+00:00
1515,1515,37,270.0,270.0,33.17,2026-07-18T00:00:00+00:00,2026-07-27T00:00:00+00:00
1516,1516,36,300.0,300.0,19.08,2026-07-18T00:00:00+00:00,2026-07-25T00:00:00+00:00
1517,1517,59,750.0,750.0,95.68,2026-07-18T00:00:00+00:00,2026-07-27T00:00:00+00:00
1518,1518,44,450.0,450.0,139.01,2026-07-18T00:00:00+00:00,2026-07-26T00:00:00+00:00
1519,1519,33,1050.0,1050.0,76.87,2026-07-18T00:00:00+00:00,2026-07-22T00:00:00+00:00
1520,1520,53,90.0,90.0,142.43,2026-07-18T00:00:00+00:00,2026-07-22T00:00:00+00:00
1521,1521,23,1200.0,1200.0,33.63,2026-07-18T00:00:00+00:00,2026-07-21T00:00:00+00:00
1522,1522,91,90.0,90.0,58.09,2026-07-19T00:00:00+00:00,2026-07-27T00:00:00+00:00
1523,1523,12,270.0,270.0,149.28,2026-07-19T00:00:00+00:00,2026-07-26T00:00:00+00:00
1524,1524,98,75.0,75.0,81.31,2026-07-19T00:00:00+00:00,2026-07-23T00:00:00+00:00
1525,1525,31,675.0,675.0,37.33,2026-07-20T00:00:00+00:00,2026-07-24T00:00:00+00:00
1526,1526,89,450.0,450.0,70.8,2026-07-20T00:00:00+00:00,2026-07-28T00:00:00+00:00
1527,1527,28,225.0,225.0,128.0,2026-07-20T00:00:00+00:00,2026-07-24T00:00:00+00:00
1528,1528,20,150.0,150.0,22.75,2026-07-20T00:00:00+00:00,2026-07-30T00:00:00+00:00
1529,1529,88,120.0,120.0,28.07,2026-07-20T00:00:00+00:00,2026-07-27T00:00:00+00:00
1530,1530,70,225.0,225.0,63.4,2026-07-21T00:00:00+00:00,2026-07-28T00:00:00+00:00
1531,1531,24,750.0,750.0,41.25,2026-07-21T00:00:00+00:00,2026-07-24T00:00:00+00:00
1532,1532,17,750.0,750.0,30.18,2026-07-21T00:00:00+00:00,2026-07-27T00:00:00+00:00
1533,1533,92,30.0,30.0,54.51,2026-07-21T00:00:00+00:00,2026-07-24T00:00:00+00:00
1534,1534,83,1500.0,1500.0,18.0,2026-07-22T00:00:00+00:00,2026-07-28T00:00:00+00:00
1535,1535,2,450.0,450.0,24.62,2026-07-22T00:00:00+00:00,2026-07-28T00:00:00+00:00
1536,1536,34,375.0,375.0,44.18,2026-07-22T00:00:00+00:00,2026-07-29T00:00:00+00:00
1537,1537,15,300.0,300.0,12.49,2026-07-22T00:00:00+00:00,2026-07-29T00:00:00+00:00
1538,1538,64,75.0,75.0,69.56,2026-07-22T00:00:00+00:00,2026-07-29T00:00:00+00:00
1539,1539,46,270.0,270.0,121.99,2026-07-22T00:00:00+00:00,2026-07-28T00:00:00+00:00
1540,1540,84,180.0,180.0,13.25,2026-07-22T00:00:00+00:00,2026-07-25T00:00:00+00:00
1541,1541,38,1500.0,1500.0,135.99,2026-07-22T00:00:00+00:00,2026-07-29T00:00:00+00:00
1542,1542,22,2250.0,2250.0,145.41,2026-07-23T00:00:00+00:00,2026-07-27T00:00:00+00:00
1543,1543,80,150.0,150.0,113.63,2026-07-23T00:00:00+00:00,2026-07-29T00:00:00+00:00
1544,1544,14,375.0,375.0,12.51,2026-07-23T00:00:00+00:00,2026-07-31T00:00:00+00:00
1545,1545,50,525.0,525.0,28.43,2026-07-24T00:00:00+00:00,2026-07-28T00:00:00+00:00
1546,1546,57,150.0,0.0,91.79,2026-07-24T00:00:00+00:00,2026-07-24T00:00:00+00:00
1547,1547,58,600.0,600.0,72.03,2026-07-24T00:00:00+00:00,2026-07-28T00:00:00+00:00
1548,1548,3,375.0,0.0,58.48,2026-07-24T00:00:00+00:00,2026-07-24T00:00:00+00:00
1549,1549,25,900.0,900.0,149.32,2026-07-24T00:00:00+00:00,2026-07-27T00:00:00+00:00
1550,1550,71,375.0,375.0,59.64,2026-07-24T00:00:00+00:00,2026-07-28T00:00:00+00:00
1551,1551,96,45.0,45.0,72.04,2026-07-25T00:00:00+00:00,2026-07-29T00:00:00+00:00
1552,1552,60,60.0,60.0,121.37,2026-07-25T00:00:00+00:00,2026-07-29T00:00:00+00:00
1553,1553,26,450.0,450.0,34.22,2026-07-25T00:00:00+00:00,2026-07-28T00:00:00+00:00
1554,1554,48,225.0,0.0,5.5,2026-07-25T00:00:00+00:00,2026-07-25T00:00:00+00:00
1555,1555,82,2700.0,0.0,115.5,2026-07-25T00:00:00+00:00,2026-07-25T00:00:00+00:00
1556,1556,81,3000.0,0.0,20.68,2026-07-25T00:00:00+00:00,2026-07-25T00:00:00+00:00
1557,1557,68,150.0,0.0,107.6,2026-07-25T00:00:00+00:00,2026-07-25T00:00:00+00:00
1558,1558,76,210.0,0.0,6.01,2026-07-25T00:00:00+00:00,2026-07-25T00:00:00+00:00
1559,1559,49,330.0,0.0,53.97,2026-07-26T00:00:00+00:00,2026-07-26T00:00:00+00:00
1560,1560,55,210.0,0.0,64.23,2026-07-26T00:00:00+00:00,2026-07-26T00:00:00+00:00
1561,1561,41,375.0,375.0,82.75,2026-07-27T00:00:00+00:00,2026-07-31T00:00:00+00:00
1562,1562,78,180.0,0.0,113.3,2026-07-27T00:00:00+00:00,2026-07-27T00:00:00+00:00
1563,1563,87,60.0,60.0,17.62,2026-07-27T00:00:00+00:00,2026-07-31T00:00:00+00:00
1564,1564,86,60.0,60.0,99.91,2026-07-27T00:00:00+00:00,2026-07-31T00:00:00+00:00
1565,1565,29,120.0,0.0,38.44,2026-07-29T00:00:00+00:00,2026-07-29T00:00:00+00:00
1566,1566,39,900.0,0.0,2.52,2026-07-29T00:00:00+00:00,2026-07-29T00:00:00+00:00
1567,1567,73,30.0,0.0,112.63,2026-07-30T00:00:00+00:00,2026-07-30T00:00:00+00:00
1568,1568,6,420.0,0.0,137.07,2026-07-30T00:00:00+00:00,2026-07-30T00:00:00+00:00
1569,1569,54,75.0,0.0,47.77,2026-07-31T00:00:00+00:00,2026-07-31T00:00:00+00:00
1570,1570,63,60.0,0.0,28.03,2026-07-31T00:00:00+00:00,2026-07-31T00:00:00+00:00
