id,supplier_id,order_date,required_by_date,status,priority,total_items,notes,created_by,approved_by,approved_at,created_at,updated_at
1,14,2025-08-07T00:00:00+00:00,2025-08-15T00:00:00+00:00,DELIVERED,NORMAL,1,Auto-generated for replenishing Surgical Gown Sterile. Days remaining: 6.5,2,1,2025-08-12T00:00:00+00:00,2025-08-07T00:00:00+00:00,2025-08-15T00:00:00+00:00
2,10,2025-08-07T00:00:00+00:00,2025-08-15T00:00:00+00:00,DELIVERED,NORMAL,1,Auto-generated for replenishing Amoxicillin 500mg. Days remaining: 7.0,2,1,2025-08-12T00:00:00+00:00,2025-08-07T00:00:00+00:00,2025-08-15T00:00:00+00:00
3,1,2025-08-07T00:00:00+00:00,2025-08-11T00:00:00+00:00,DELIVERED,NORMAL,1,Auto-generated for replenishing Disposable Gown Blue. Days remaining: 6.4,2,1,2025-08-08T00:00:00+00:00,2025-08-07T00:00:00+00:00,2025-08-11T00:00:00+00:00
4,7,2025-08-08T00:00:00+00:00,2025-08-11T00:00:00+00:00,DELIVERED,NORMAL,1,Auto-generated for replenishing IV Cannula 20G. Days remaining: 6.4,2,1,2025-08-08T00:00:00+00:00,2025-08-08T00:00:00+00:00,2025-08-11T00:00:00+00:00
5,7,2025-08-08T00:00:00+00:00,2025-08-11T00:00:00+00:00,DELIVERED,NORMAL,1,Auto-generated for replenishing N95 Respirator Mask. Days remaining: 6.4,2,1,2025-08-08T00:00:00+00:00,2025-08-08T00:00:00+00:00,2025-08-11T00:00:00+00:00
6,15,2025-08-08T00:00:00+00:00,2025-08-15T00:00:00+00:00,DELIVERED,NORMAL,1,Auto-generated for replenishing Montelukast 10mg. Days remaining: 6.6,2,1,2025-08-12T00:00:00+00:00,2025-08-08T00:00:00+00:00,2025-08-15T00:00:00+00:00
7,6,2025-08-08T00:00:00+00:00,2025-08-12T00:00:00+00:00,DELIVERED,NORMAL,1,Auto-generated for replenishing Microscope Slides. Days remaining: 6.3,2,1,2025-08-09T00:00:00+00:00,2025-08-08T00:00:00+00:00,2025-08-12T00:00:00+00:00
8,14,2025-08-08T00:00:00+00:00,2025-08-16T00:00:00+00:00,DELIVERED,NORMAL,1,Auto-generated for replenishing Syringes (5ml). Days remaining: 6.3,2,1,2025-08-13T00:00:00+00:00,2025-08-08T00:00:00+00:00,2025-08-16T00:00:00+00:00
9,12,2025-08-09T00:00:00+00:00,2025-08-16T00:00:00+00:00,DELIVERED,NORMAL,1,Auto-generated for replenishing Urine Dipsticks 10T. Days remaining: 6.8,2,1,2025-08-13T00:00:00+00:00,2025-08-09T00:00:00+00:00,2025-08-16T00:00:00+00:00
10,14,2025-08-09T00:00:00+00:00,2025-08-17T00:00:00+00:00,DELIVERED,NORMAL,1,Auto-generated for replenishing Losartan 50mg. Days remaining: 6.4,2,1,2025-08-14T00:00:00+00:00,2025-08-09T00:00:00+00:00,2025-08-17T00:00:00+00:00
11,4,2025-08-09T00:00:00+00:00,2025-08-19T00:00:00+00:00,DELIVERED,NORMAL,1,Auto-generated for replenishing Gabapentin 300mg. Days remaining: 6.7,2,1,2025-08-16T00:00:00+00:00,2025-08-09T00:00:00+00:00,2025-08-19T00:00:00+00:00
12,13,2025-08-09T00:00:00+00:00,2025-08-15T00:00:00+00:00,DELIVERED,NORMAL,1,Auto-generated for replenishing Ibuprofen 400mg. Days remaining: 6.4,2,1,2025-08-12T00:00:00+00:00,2025-08-09T00:00:00+00:00,2025-08-15T00:00:00+00:00
13,8,2025-08-09T00:00:00+00:00,2025-08-17T00:00:00+00:00,DELIVERED,NORMAL,1,Auto-generated for replenishing C-Section Drape. Days remaining: 6.8,2,1,2025-08-14T00:00:00+00:00,2025-08-09T00:00:00+00:00,2025-08-17T00:00:00+00:00
14,13,2025-08-09T00:00:00+00:00,2025-08-15T00:00:00+00:00,DELIVERED,NORMAL,1,Auto-generated for replenishing Malaria Antigen Kit. Days remaining: 6.3,2,1,2025-08-12T00:00:00+00:00,2025-08-09T00:00:00+00:00,2025-08-15T00:00:00+00:00
15,5,2025-08-09T00:00:00+00:00,2025-08-18T00:00:00+00:00,DELIVERED,NORMAL,1,Auto-generated for replenishing Face Shield Clear. Days remaining: 6.9,2,1,2025-08-15T00:00:00+00:00,2025-08-09T00:00:00+00:00,2025-08-18T00:00:00+00:00
16,10,2025-08-09T00:00:00+00:00,2025-08-17T00:00:00+00:00,DELIVERED,NORMAL,1,Auto-generated for replenishing EDTA Blood Tubes (K2). Days remaining: 5.9,2,1,2025-08-14T00:00:00+00:00,2025-08-09T00:00:00+00:00,2025-08-17T00:00:00+00:00
17,12,2025-08-10T00:00:00+00:00,2025-08-17T00:00:00+00:00,DELIVERED,NORMAL,1,Auto-generated for replenishing Suction Tubing 3m. Days remaining: 6.3,2,1,2025-08-14T00:00:00+00:00,2025-08-10T00:00:00+00:00,2025-08-17T00:00:00+00:00
18,7,2025-08-10T00:00:00+00:00,2025-08-13T00:00:00+00:00,DELIVERED,NORMAL,1,Auto-generated for replenishing Latex Gloves (L). Days remaining: 6.7,2,1,2025-08-10T00:00:00+00:00,2025-08-10T00:00:00+00:00,2025-08-13T00:00:00+00:00
19,5,2025-08-10T00:00:00+00:00,2025-08-19T00:00:00+00:00,DELIVERED,NORMAL,1,Auto-generated for replenishing 3-Ply Surgical Mask. Days remaining: 6.5,2,1,2025-08-16T00:00:00+00:00,2025-08-10T00:00:00+00:00,2025-08-19T00:00:00+00:00
20,12,2025-08-11T00:00:00+00:00,2025-08-18T00:00:00+00:00,DELIVERED,NORMAL,1,Auto-generated for replenishing Cetirizine 10mg. Days remaining: 6.4,2,1,2025-08-15T00:00:00+00:00,2025-08-11T00:00:00+00:00,2025-08-18T00:00:00+00:00
21,6,2025-08-11T00:00:00+00:00,2025-08-15T00:00:00+00:00,DELIVERED,NORMAL,1,Auto-generated for replenishing D-Dimer Test Kits. Days remaining: 7.0,2,1,2025-08-12T00:00:00+00:00,2025-08-11T00:00:00+00:00,2025-08-15T00:00:00+00:00
22,9,2025-08-11T00:00:00+00:00,2025-08-18T00:00:00+00:00,DELIVERED,NORMAL,1,Auto-generated for replenishing Rheumatoid Factor Kit. Days remaining: 7.0,2,1,2025-08-15T00:00:00+00:00,2025-08-11T00:00:00+00:00,2025-08-18T00:00:00+00:00
23,3,2025-08-11T00:00:00+00:00,2025-08-14T00:00:00+00:00,DELIVERED,NORMAL,1,Auto-generated for replenishing IV Cannula 18G. Days remaining: 6.7,2,1,2025-08-11T00:00:00+00:00,2025-08-11T00:00:00+00:00,2025-08-14T00:00:00+00:00
24,7,2025-08-11T00:00:00+00:00,2025-08-14T00:00:00+00:00,DELIVERED,NORMAL,1,Auto-generated for replenishing Adhesive Plasters. Days remaining: 6.1,2,1,2025-08-11T00:00:00+00:00,2025-08-11T00:00:00+00:00,2025-08-14T00:00:00+00:00
25,14,2025-08-12T00:00:00+00:00,2025-08-20T00:00:00+00:00,DELIVERED,NORMAL,1,Auto-generated for replenishing Normal Saline 500ml. Days remaining: 6.8,2,1,2025-08-17T00:00:00+00:00,2025-08-12T00:00:00+00:00,2025-08-20T00:00:00+00:00
26,10,2025-08-12T00:00:00+00:00,2025-08-20T00:00:00+00:00,DELIVERED,NORMAL,1,Auto-generated for replenishing Azithromycin 250mg. Days remaining: 6.7,2,1,2025-08-17T00:00:00+00:00,2025-08-12T00:00:00+00:00,2025-08-20T00:00:00+00:00
27,5,2025-08-13T00:00:00+00:00,2025-08-22T00:00:00+00:00,DELIVERED,NORMAL,1,Auto-generated for replenishing Disposable Scalpel #15. Days remaining: 6.3,2,1,2025-08-19T00:00:00+00:00,2025-08-13T00:00:00+00:00,2025-08-22T00:00:00+00:00
28,15,2025-08-13T00:00:00+00:00,2025-08-20T00:00:00+00:00,DELIVERED,NORMAL,1,Auto-generated for replenishing Monocryl Suture 4-0. Days remaining: 6.3,2,1,2025-08-17T00:00:00+00:00,2025-08-13T00:00:00+00:00,2025-08-20T00:00:00+00:00
29,2,2025-08-13T00:00:00+00:00,2025-08-17T00:00:00+00:00,DELIVERED,NORMAL,1,Auto-generated for replenishing Blood Grouping Anti-A. Days remaining: 7.0,2,1,2025-08-14T00:00:00+00:00,2025-08-13T00:00:00+00:00,2025-08-17T00:00:00+00:00
30,3,2025-08-13T00:00:00+00:00,2025-08-16T00:00:00+00:00,DELIVERED,NORMAL,1,Auto-generated for replenishing Skin Marker Pen. Days remaining: 6.4,2,1,2025-08-13T00:00:00+00:00,2025-08-13T00:00:00+00:00,2025-08-16T00:00:00+00:00
31,2,2025-08-13T00:00:00+00:00,2025-08-17T00:00:00+00:00,DELIVERED,NORMAL,1,Auto-generated for replenishing Prednisone 10mg. Days remaining: 6.3,2,1,2025-08-14T00:00:00+00:00,2025-08-13T00:00:00+00:00,2025-08-17T00:00:00+00:00
32,9,2025-08-13T00:00:00+00:00,2025-08-20T00:00:00+00:00,DELIVERED,NORMAL,1,Auto-generated for replenishing Hand Sanitizer 500ml. Days remaining: 6.2,2,1,2025-08-17T00:00:00+00:00,2025-08-13T00:00:00+00:00,2025-08-20T00:00:00+00:00
33,11,2025-08-14T00:00:00+00:00,2025-08-18T00:00:00+00:00,DELIVERED,NORMAL,1,Auto-generated for replenishing Biohazard Bags Large. Days remaining: 6.5,2,1,2025-08-15T00:00:00+00:00,2025-08-14T00:00:00+00:00,2025-08-18T00:00:00+00:00
34,9,2025-08-14T00:00:00+00:00,2025-08-21T00:00:00+00:00,DELIVERED,NORMAL,1,Auto-generated for replenishing Omeprazole 20mg. Days remaining: 6.9,2,1,2025-08-18T00:00:00+00:00,2025-08-14T00:00:00+00:00,2025-08-21T00:00:00+00:00
35,12,2025-08-14T00:00:00+00:00,2025-08-21T00:00:00+00:00,DELIVERED,NORMAL,1,Auto-generated for replenishing Foley Catheter Fr18. Days remaining: 6.0,2,1,2025-08-18T00:00:00+00:00,2025-08-14T00:00:00+00:00,2025-08-21T00:00:00+00:00
36,12,2025-08-14T00:00:00+00:00,2025-08-21T00:00:00+00:00,DELIVERED,NORMAL,1,Auto-generated for replenishing Bouffant Caps Blue. Days remaining: 6.7,2,1,2025-08-18T00:00:00+00:00,2025-08-14T00:00:00+00:00,2025-08-21T00:00:00+00:00
37,15,2025-08-14T00:00:00+00:00,2025-08-21T00:00:00+00:00,DELIVERED,NORMAL,1,Auto-generated for replenishing Disposable Scalpel #11. Days remaining: 6.7,2,1,2025-08-18T00:00:00+00:00,2025-08-14T00:00:00+00:00,2025-08-21T00:00:00+00:00
38,13,2025-08-15T00:00:00+00:00,2025-08-21T00:00:00+00:00,DELIVERED,NORMAL,1,Auto-generated for replenishing Sodium Citrate Tubes. Days remaining: 6.7,2,1,2025-08-18T00:00:00+00:00,2025-08-15T00:00:00+00:00,2025-08-21T00:00:00+00:00
39,15,2025-08-16T00:00:00+00:00,2025-08-23T00:00:00+00:00,DELIVERED,NORMAL,1,Auto-generated for replenishing Urine Drainage Bag. Days remaining: 6.1,2,1,2025-08-20T00:00:00+00:00,2025-08-16T00:00:00+00:00,2025-08-23T00:00:00+00:00
40,9,2025-08-16T00:00:00+00:00,2025-08-23T00:00:00+00:00,DELIVERED,NORMAL,1,Auto-generated for replenishing Sterile Water 10ml. Days remaining: 7.0,2,1,2025-08-20T00:00:00+00:00,2025-08-16T00:00:00+00:00,2025-08-23T00:00:00+00:00
41,1,2025-08-16T00:00:00+00:00,2025-08-20T00:00:00+00:00,DELIVERED,NORMAL,1,Auto-generated for replenishing Lap Sponge 30x30cm. Days remaining: 6.5,2,1,2025-08-17T00:00:00+00:00,2025-08-16T00:00:00+00:00,2025-08-20T00:00:00+00:00
42,8,2025-08-16T00:00:00+00:00,2025-08-24T00:00:00+00:00,DELIVERED,NORMAL,1,Auto-generated for replenishing Gauze Swabs 10x10cm. Days remaining: 6.9,2,1,2025-08-21T00:00:00+00:00,2025-08-16T00:00:00+00:00,2025-08-24T00:00:00+00:00
43,2,2025-08-16T00:00:00+00:00,2025-08-20T00:00:00+00:00,DELIVERED,NORMAL,1,Auto-generated for replenishing Atorvastatin 20mg. Days remaining: 7.0,2,1,2025-08-17T00:00:00+00:00,2025-08-16T00:00:00+00:00,2025-08-20T00:00:00+00:00
44,13,2025-08-17T00:00:00+00:00,2025-08-23T00:00:00+00:00,DELIVERED,NORMAL,1,Auto-generated for replenishing Suction Yankauer Tip. Days remaining: 6.5,2,1,2025-08-20T00:00:00+00:00,2025-08-17T00:00:00+00:00,2025-08-23T00:00:00+00:00
45,15,2025-08-18T00:00:00+00:00,2025-08-25T00:00:00+00:00,DELIVERED,NORMAL,1,Auto-generated for replenishing Nitrile Gloves (L). Days remaining: 6.4,2,1,2025-08-22T00:00:00+00:00,2025-08-18T00:00:00+00:00,2025-08-25T00:00:00+00:00
46,9,2025-08-18T00:00:00+00:00,2025-08-25T00:00:00+00:00,DELIVERED,NORMAL,1,Auto-generated for replenishing Silk Suture 3-0. Days remaining: 6.0,2,1,2025-08-22T00:00:00+00:00,2025-08-18T00:00:00+00:00,2025-08-25T00:00:00+00:00
47,8,2025-08-19T00:00:00+00:00,2025-08-27T00:00:00+00:00,DELIVERED,NORMAL,1,Auto-generated for replenishing Bone Wax 2.5g. Days remaining: 7.0,2,1,2025-08-24T00:00:00+00:00,2025-08-19T00:00:00+00:00,2025-08-27T00:00:00+00:00
48,6,2025-08-19T00:00:00+00:00,2025-08-23T00:00:00+00:00,DELIVERED,NORMAL,1,Auto-generated for replenishing Shoe Covers Disposable. Days remaining: 6.2,2,1,2025-08-20T00:00:00+00:00,2025-08-19T00:00:00+00:00,2025-08-23T00:00:00+00:00
49,7,2025-08-19T00:00:00+00:00,2025-08-22T00:00:00+00:00,DELIVERED,NORMAL,1,Auto-generated for replenishing Syringes (10ml). Days remaining: 7.0,2,1,2025-08-19T00:00:00+00:00,2025-08-19T00:00:00+00:00,2025-08-22T00:00:00+00:00
50,10,2025-08-19T00:00:00+00:00,2025-08-27T00:00:00+00:00,DELIVERED,NORMAL,1,Auto-generated for replenishing Pregnancy Test HCG. Days remaining: 6.7,2,1,2025-08-24T00:00:00+00:00,2025-08-19T00:00:00+00:00,2025-08-27T00:00:00+00:00
51,4,2025-08-19T00:00:00+00:00,2025-08-29T00:00:00+00:00,DELIVERED,NORMAL,1,Auto-generated for replenishing Disinfectant Wipes. Days remaining: 6.9,2,1,2025-08-26T00:00:00+00:00,2025-08-19T00:00:00+00:00,2025-08-29T00:00:00+00:00
52,13,2025-08-19T00:00:00+00:00,2025-08-25T00:00:00+00:00,DELIVERED,NORMAL,1,Auto-generated for replenishing Silk Suture 2-0. Days remaining: 7.0,2,1,2025-08-22T00:00:00+00:00,2025-08-19T00:00:00+00:00,2025-08-25T00:00:00+00:00
53,11,2025-08-19T00:00:00+00:00,2025-08-23T00:00:00+00:00,DELIVERED,NORMAL,1,Auto-generated for replenishing Aprons Waterproof. Days remaining: 7.0,2,1,2025-08-20T00:00:00+00:00,2025-08-19T00:00:00+00:00,2025-08-23T00:00:00+00:00
54,10,2025-08-19T00:00:00+00:00,2025-08-27T00:00:00+00:00,DELIVERED,NORMAL,1,Auto-generated for replenishing Clopidogrel 75mg. Days remaining: 6.5,2,1,2025-08-24T00:00:00+00:00,2025-08-19T00:00:00+00:00,2025-08-27T00:00:00+00:00
55,5,2025-08-20T00:00:00+00:00,2025-08-29T00:00:00+00:00,DELIVERED,NORMAL,1,Auto-generated for replenishing Staple Remover. Days remaining: 6.5,2,1,2025-08-26T00:00:00+00:00,2025-08-20T00:00:00+00:00,2025-08-29T00:00:00+00:00
56,3,2025-08-20T00:00:00+00:00,2025-08-23T00:00:00+00:00,DELIVERED,NORMAL,1,Auto-generated for replenishing Amlodipine 5mg. Days remaining: 6.5,2,1,2025-08-20T00:00:00+00:00,2025-08-20T00:00:00+00:00,2025-08-23T00:00:00+00:00
57,15,2025-08-20T00:00:00+00:00,2025-08-27T00:00:00+00:00,DELIVERED,NORMAL,1,Auto-generated for replenishing Latex Gloves (S). Days remaining: 6.2,2,1,2025-08-24T00:00:00+00:00,2025-08-20T00:00:00+00:00,2025-08-27T00:00:00+00:00
58,8,2025-08-20T00:00:00+00:00,2025-08-28T00:00:00+00:00,DELIVERED,NORMAL,1,Auto-generated for replenishing Vicryl Suture 2-0. Days remaining: 7.0,2,1,2025-08-25T00:00:00+00:00,2025-08-20T00:00:00+00:00,2025-08-28T00:00:00+00:00
59,7,2025-08-20T00:00:00+00:00,2025-08-23T00:00:00+00:00,DELIVERED,NORMAL,1,Auto-generated for replenishing Tramadol 50mg. Days remaining: 6.6,2,1,2025-08-20T00:00:00+00:00,2025-08-20T00:00:00+00:00,2025-08-23T00:00:00+00:00
60,8,2025-08-21T00:00:00+00:00,2025-08-29T00:00:00+00:00,DELIVERED,NORMAL,1,Auto-generated for replenishing Vicryl Suture 3-0. Days remaining: 6.2,2,1,2025-08-26T00:00:00+00:00,2025-08-21T00:00:00+00:00,2025-08-29T00:00:00+00:00
61,4,2025-08-21T00:00:00+00:00,2025-08-31T00:00:00+00:00,DELIVERED,NORMAL,1,Auto-generated for replenishing Pregnancy Test Cassette. Days remaining: 6.7,2,1,2025-08-28T00:00:00+00:00,2025-08-21T00:00:00+00:00,2025-08-31T00:00:00+00:00
62,10,2025-08-21T00:00:00+00:00,2025-08-29T00:00:00+00:00,DELIVERED,NORMAL,1,Auto-generated for replenishing Troponin I Rapid Kit. Days remaining: 6.5,2,1,2025-08-26T00:00:00+00:00,2025-08-21T00:00:00+00:00,2025-08-29T00:00:00+00:00
63,12,2025-08-21T00:00:00+00:00,2025-08-28T00:00:00+00:00,DELIVERED,NORMAL,1,Auto-generated for replenishing Alcohol Prep Pads. Days remaining: 6.8,2,1,2025-08-25T00:00:00+00:00,2025-08-21T00:00:00+00:00,2025-08-28T00:00:00+00:00
64,4,2025-08-22T00:00:00+00:00,2025-09-01T00:00:00+00:00,DELIVERED,NORMAL,1,Auto-generated for replenishing Albuterol Inhaler. Days remaining: 6.9,2,1,2025-08-29T00:00:00+00:00,2025-08-22T00:00:00+00:00,2025-09-01T00:00:00+00:00
65,5,2025-08-22T00:00:00+00:00,2025-08-31T00:00:00+00:00,DELIVERED,NORMAL,1,Auto-generated for replenishing Biohazard Bags Medium. Days remaining: 6.2,2,1,2025-08-28T00:00:00+00:00,2025-08-22T00:00:00+00:00,2025-08-31T00:00:00+00:00
66,13,2025-08-22T00:00:00+00:00,2025-08-28T00:00:00+00:00,DELIVERED,NORMAL,1,Auto-generated for replenishing Levothyroxine 50mcg. Days remaining: 6.3,2,1,2025-08-25T00:00:00+00:00,2025-08-22T00:00:00+00:00,2025-08-28T00:00:00+00:00
67,14,2025-08-22T00:00:00+00:00,2025-08-30T00:00:00+00:00,DELIVERED,NORMAL,1,Auto-generated for replenishing Surgical Blades #22. Days remaining: 6.5,2,1,2025-08-27T00:00:00+00:00,2025-08-22T00:00:00+00:00,2025-08-30T00:00:00+00:00
68,7,2025-08-22T00:00:00+00:00,2025-08-25T00:00:00+00:00,DELIVERED,NORMAL,1,Auto-generated for replenishing Bandage Roll 4-inch. Days remaining: 6.4,2,1,2025-08-22T00:00:00+00:00,2025-08-22T00:00:00+00:00,2025-08-25T00:00:00+00:00
69,10,2025-08-23T00:00:00+00:00,2025-08-31T00:00:00+00:00,DELIVERED,NORMAL,1,Auto-generated for replenishing Nitrile Gloves (M). Days remaining: 6.4,2,1,2025-08-28T00:00:00+00:00,2025-08-23T00:00:00+00:00,2025-08-31T00:00:00+00:00
70,1,2025-08-23T00:00:00+00:00,2025-08-27T00:00:00+00:00,DELIVERED,NORMAL,1,Auto-generated for replenishing Metoprolol 25mg. Days remaining: 6.2,2,1,2025-08-24T00:00:00+00:00,2025-08-23T00:00:00+00:00,2025-08-27T00:00:00+00:00
71,8,2025-08-23T00:00:00+00:00,2025-08-31T00:00:00+00:00,DELIVERED,NORMAL,1,Auto-generated for replenishing Blood Culture Bottles. Days remaining: 6.7,2,1,2025-08-28T00:00:00+00:00,2025-08-23T00:00:00+00:00,2025-08-31T00:00:00+00:00
72,10,2025-08-23T00:00:00+00:00,2025-08-31T00:00:00+00:00,DELIVERED,NORMAL,1,Auto-generated for replenishing Hand Sanitizer 100ml. Days remaining: 6.2,2,1,2025-08-28T00:00:00+00:00,2025-08-23T00:00:00+00:00,2025-08-31T00:00:00+00:00
73,15,2025-08-23T00:00:00+00:00,2025-08-30T00:00:00+00:00,DELIVERED,NORMAL,1,Auto-generated for replenishing Epidural Needle 18G. Days remaining: 6.8,2,1,2025-08-27T00:00:00+00:00,2025-08-23T00:00:00+00:00,2025-08-30T00:00:00+00:00
74,10,2025-08-24T00:00:00+00:00,2025-09-01T00:00:00+00:00,DELIVERED,NORMAL,1,Auto-generated for replenishing Foley Catheter Fr16. Days remaining: 6.5,2,1,2025-08-29T00:00:00+00:00,2025-08-24T00:00:00+00:00,2025-09-01T00:00:00+00:00
75,2,2025-08-24T00:00:00+00:00,2025-08-28T00:00:00+00:00,DELIVERED,NORMAL,1,Auto-generated for replenishing Latex Gloves (M). Days remaining: 6.7,2,1,2025-08-25T00:00:00+00:00,2025-08-24T00:00:00+00:00,2025-08-28T00:00:00+00:00
76,6,2025-08-25T00:00:00+00:00,2025-08-29T00:00:00+00:00,DELIVERED,NORMAL,1,Auto-generated for replenishing HCV Rapid Test Kits. Days remaining: 6.0,2,1,2025-08-26T00:00:00+00:00,2025-08-25T00:00:00+00:00,2025-08-29T00:00:00+00:00
77,8,2025-08-25T00:00:00+00:00,2025-09-02T00:00:00+00:00,DELIVERED,NORMAL,1,Auto-generated for replenishing Serum Sep Tubes (SST). Days remaining: 6.5,2,1,2025-08-30T00:00:00+00:00,2025-08-25T00:00:00+00:00,2025-09-02T00:00:00+00:00
78,2,2025-08-25T00:00:00+00:00,2025-08-29T00:00:00+00:00,DELIVERED,NORMAL,1,Auto-generated for replenishing IV Infusion Set. Days remaining: 5.9,2,1,2025-08-26T00:00:00+00:00,2025-08-25T00:00:00+00:00,2025-08-29T00:00:00+00:00
79,7,2025-08-26T00:00:00+00:00,2025-08-29T00:00:00+00:00,DELIVERED,NORMAL,1,Auto-generated for replenishing N95 Respirator Mask. Days remaining: 6.6,2,1,2025-08-26T00:00:00+00:00,2025-08-26T00:00:00+00:00,2025-08-29T00:00:00+00:00
80,13,2025-08-26T00:00:00+00:00,2025-09-01T00:00:00+00:00,DELIVERED,NORMAL,1,Auto-generated for replenishing Vicryl Suture 4-0. Days remaining: 6.8,2,1,2025-08-29T00:00:00+00:00,2025-08-26T00:00:00+00:00,2025-09-01T00:00:00+00:00
81,11,2025-08-26T00:00:00+00:00,2025-08-30T00:00:00+00:00,DELIVERED,NORMAL,1,Auto-generated for replenishing Pipette Tips 200uL. Days remaining: 6.8,2,1,2025-08-27T00:00:00+00:00,2025-08-26T00:00:00+00:00,2025-08-30T00:00:00+00:00
82,1,2025-08-27T00:00:00+00:00,2025-08-31T00:00:00+00:00,DELIVERED,NORMAL,1,Auto-generated for replenishing Syphilis Test Kits. Days remaining: 6.8,2,1,2025-08-28T00:00:00+00:00,2025-08-27T00:00:00+00:00,2025-08-31T00:00:00+00:00
83,7,2025-08-27T00:00:00+00:00,2025-08-30T00:00:00+00:00,DELIVERED,NORMAL,1,Auto-generated for replenishing IV Cannula 22G. Days remaining: 6.0,2,1,2025-08-27T00:00:00+00:00,2025-08-27T00:00:00+00:00,2025-08-30T00:00:00+00:00
84,1,2025-08-27T00:00:00+00:00,2025-08-31T00:00:00+00:00,DELIVERED,NORMAL,1,Auto-generated for replenishing Cotton Wool Rolls. Days remaining: 6.6,2,1,2025-08-28T00:00:00+00:00,2025-08-27T00:00:00+00:00,2025-08-31T00:00:00+00:00
85,10,2025-08-27T00:00:00+00:00,2025-09-04T00:00:00+00:00,DELIVERED,NORMAL,1,Auto-generated for replenishing Surgical Tape 2-inch. Days remaining: 6.9,2,1,2025-09-01T00:00:00+00:00,2025-08-27T00:00:00+00:00,2025-09-04T00:00:00+00:00
86,13,2025-08-27T00:00:00+00:00,2025-09-02T00:00:00+00:00,DELIVERED,NORMAL,1,Auto-generated for replenishing Nitrile Gloves (S). Days remaining: 6.6,2,1,2025-08-30T00:00:00+00:00,2025-08-27T00:00:00+00:00,2025-09-02T00:00:00+00:00
87,11,2025-08-28T00:00:00+00:00,2025-09-01T00:00:00+00:00,DELIVERED,NORMAL,1,Auto-generated for replenishing Metformin 500mg. Days remaining: 6.7,2,1,2025-08-29T00:00:00+00:00,2025-08-28T00:00:00+00:00,2025-09-01T00:00:00+00:00
88,13,2025-08-28T00:00:00+00:00,2025-09-03T00:00:00+00:00,DELIVERED,NORMAL,1,Auto-generated for replenishing Ibuprofen 400mg. Days remaining: 6.6,2,1,2025-08-31T00:00:00+00:00,2025-08-28T00:00:00+00:00,2025-09-03T00:00:00+00:00
89,5,2025-08-28T00:00:00+00:00,2025-09-06T00:00:00+00:00,DELIVERED,NORMAL,1,Auto-generated for replenishing 3-Ply Surgical Mask. Days remaining: 6.5,2,1,2025-09-03T00:00:00+00:00,2025-08-28T00:00:00+00:00,2025-09-06T00:00:00+00:00
90,10,2025-08-28T00:00:00+00:00,2025-09-05T00:00:00+00:00,DELIVERED,NORMAL,1,Auto-generated for replenishing Amoxicillin 500mg. Days remaining: 6.9,2,1,2025-09-02T00:00:00+00:00,2025-08-28T00:00:00+00:00,2025-09-05T00:00:00+00:00
91,12,2025-08-28T00:00:00+00:00,2025-09-04T00:00:00+00:00,DELIVERED,NORMAL,1,Auto-generated for replenishing Cetirizine 10mg. Days remaining: 6.7,2,1,2025-09-01T00:00:00+00:00,2025-08-28T00:00:00+00:00,2025-09-04T00:00:00+00:00
92,7,2025-08-28T00:00:00+00:00,2025-08-31T00:00:00+00:00,DELIVERED,NORMAL,1,Auto-generated for replenishing Glucose Test Strips. Days remaining: 6.5,2,1,2025-08-28T00:00:00+00:00,2025-08-28T00:00:00+00:00,2025-08-31T00:00:00+00:00
93,12,2025-08-28T00:00:00+00:00,2025-09-04T00:00:00+00:00,DELIVERED,NORMAL,1,Auto-generated for replenishing Suction Tubing 3m. Days remaining: 7.0,2,1,2025-09-01T00:00:00+00:00,2025-08-28T00:00:00+00:00,2025-09-04T00:00:00+00:00
94,3,2025-08-28T00:00:00+00:00,2025-08-31T00:00:00+00:00,DELIVERED,NORMAL,1,Auto-generated for replenishing CRP Latex Slide Kit. Days remaining: 7.0,2,1,2025-08-28T00:00:00+00:00,2025-08-28T00:00:00+00:00,2025-08-31T00:00:00+00:00
95,14,2025-08-29T00:00:00+00:00,2025-09-06T00:00:00+00:00,DELIVERED,NORMAL,1,Auto-generated for replenishing Surgical Gown Sterile. Days remaining: 6.3,2,1,2025-09-03T00:00:00+00:00,2025-08-29T00:00:00+00:00,2025-09-06T00:00:00+00:00
96,4,2025-08-29T00:00:00+00:00,2025-09-08T00:00:00+00:00,DELIVERED,NORMAL,1,Auto-generated for replenishing Warfarin 5mg. Days remaining: 6.4,2,1,2025-09-05T00:00:00+00:00,2025-08-29T00:00:00+00:00,2025-09-08T00:00:00+00:00
97,5,2025-08-29T00:00:00+00:00,2025-09-07T00:00:00+00:00,DELIVERED,NORMAL,1,Auto-generated for replenishing Pantoprazole 40mg. Days remaining: 6.4,2,1,2025-09-04T00:00:00+00:00,2025-08-29T00:00:00+00:00,2025-09-07T00:00:00+00:00
98,4,2025-08-29T00:00:00+00:00,2025-09-08T00:00:00+00:00,DELIVERED,NORMAL,1,Auto-generated for replenishing Gabapentin 300mg. Days remaining: 6.8,2,1,2025-09-05T00:00:00+00:00,2025-08-29T00:00:00+00:00,2025-09-08T00:00:00+00:00
99,14,2025-08-29T00:00:00+00:00,2025-09-06T00:00:00+00:00,DELIVERED,NORMAL,1,Auto-generated for replenishing Surgical Blades #10. Days remaining: 6.5,2,1,2025-09-03T00:00:00+00:00,2025-08-29T00:00:00+00:00,2025-09-06T00:00:00+00:00
100,7,2025-08-29T00:00:00+00:00,2025-09-01T00:00:00+00:00,DELIVERED,NORMAL,1,Auto-generated for replenishing Adhesive Plasters. Days remaining: 6.9,2,1,2025-08-29T00:00:00+00:00,2025-08-29T00:00:00+00:00,2025-09-01T00:00:00+00:00
101,6,2025-08-29T00:00:00+00:00,2025-09-02T00:00:00+00:00,DELIVERED,NORMAL,1,Auto-generated for replenishing Protective Goggles. Days remaining: 6.4,2,1,2025-08-30T00:00:00+00:00,2025-08-29T00:00:00+00:00,2025-09-02T00:00:00+00:00
102,7,2025-08-30T00:00:00+00:00,2025-09-02T00:00:00+00:00,DELIVERED,NORMAL,1,Auto-generated for replenishing Latex Gloves (L). Days remaining: 6.5,2,1,2025-08-30T00:00:00+00:00,2025-08-30T00:00:00+00:00,2025-09-02T00:00:00+00:00
103,14,2025-08-30T00:00:00+00:00,2025-09-07T00:00:00+00:00,DELIVERED,NORMAL,1,Auto-generated for replenishing Syringes (5ml). Days remaining: 6.5,2,1,2025-09-04T00:00:00+00:00,2025-08-30T00:00:00+00:00,2025-09-07T00:00:00+00:00
104,1,2025-08-30T00:00:00+00:00,2025-09-03T00:00:00+00:00,DELIVERED,NORMAL,1,Auto-generated for replenishing Disposable Gown Blue. Days remaining: 6.7,2,1,2025-08-31T00:00:00+00:00,2025-08-30T00:00:00+00:00,2025-09-03T00:00:00+00:00
105,5,2025-08-30T00:00:00+00:00,2025-09-08T00:00:00+00:00,DELIVERED,NORMAL,1,Auto-generated for replenishing Disposable Scalpel #15. Days remaining: 6.8,2,1,2025-09-05T00:00:00+00:00,2025-08-30T00:00:00+00:00,2025-09-08T00:00:00+00:00
106,12,2025-08-31T00:00:00+00:00,2025-09-07T00:00:00+00:00,DELIVERED,NORMAL,1,Auto-generated for replenishing Foley Catheter Fr18. Days remaining: 6.8,2,1,2025-09-04T00:00:00+00:00,2025-08-31T00:00:00+00:00,2025-09-07T00:00:00+00:00
107,15,2025-08-31T00:00:00+00:00,2025-09-07T00:00:00+00:00,DELIVERED,NORMAL,1,Auto-generated for replenishing Montelukast 10mg. Days remaining: 6.7,2,1,2025-09-04T00:00:00+00:00,2025-08-31T00:00:00+00:00,2025-09-07T00:00:00+00:00
108,14,2025-08-31T00:00:00+00:00,2025-09-08T00:00:00+00:00,DELIVERED,NORMAL,1,Auto-generated for replenishing Surgical Stapler. Days remaining: 7.0,2,1,2025-09-05T00:00:00+00:00,2025-08-31T00:00:00+00:00,2025-09-08T00:00:00+00:00
109,11,2025-08-31T00:00:00+00:00,2025-09-04T00:00:00+00:00,DELIVERED,NORMAL,1,Auto-generated for replenishing Syringes (2ml). Days remaining: 6.0,2,1,2025-09-01T00:00:00+00:00,2025-08-31T00:00:00+00:00,2025-09-04T00:00:00+00:00
110,13,2025-08-31T00:00:00+00:00,2025-09-06T00:00:00+00:00,DELIVERED,NORMAL,1,Auto-generated for replenishing Malaria Antigen Kit. Days remaining: 6.5,2,1,2025-09-03T00:00:00+00:00,2025-08-31T00:00:00+00:00,2025-09-06T00:00:00+00:00
111,10,2025-08-31T00:00:00+00:00,2025-09-08T00:00:00+00:00,DELIVERED,NORMAL,1,Auto-generated for replenishing EDTA Blood Tubes (K2). Days remaining: 6.2,2,1,2025-09-05T00:00:00+00:00,2025-08-31T00:00:00+00:00,2025-09-08T00:00:00+00:00
112,7,2025-08-31T00:00:00+00:00,2025-09-03T00:00:00+00:00,DELIVERED,NORMAL,1,Auto-generated for replenishing Paracetamol 500mg. Days remaining: 6.8,2,1,2025-08-31T00:00:00+00:00,2025-08-31T00:00:00+00:00,2025-09-03T00:00:00+00:00
113,7,2025-08-31T00:00:00+00:00,2025-09-03T00:00:00+00:00,DELIVERED,NORMAL,1,Auto-generated for replenishing IV Cannula 20G. Days remaining: 6.6,2,1,2025-08-31T00:00:00+00:00,2025-08-31T00:00:00+00:00,2025-09-03T00:00:00+00:00
114,3,2025-09-01T00:00:00+00:00,2025-09-04T00:00:00+00:00,DELIVERED,NORMAL,1,Auto-generated for replenishing IV Cannula 18G. Days remaining: 5.9,2,1,2025-09-01T00:00:00+00:00,2025-09-01T00:00:00+00:00,2025-09-04T00:00:00+00:00
115,5,2025-09-01T00:00:00+00:00,2025-09-10T00:00:00+00:00,DELIVERED,NORMAL,1,Auto-generated for replenishing Face Shield Clear. Days remaining: 6.5,2,1,2025-09-07T00:00:00+00:00,2025-09-01T00:00:00+00:00,2025-09-10T00:00:00+00:00
116,14,2025-09-01T00:00:00+00:00,2025-09-09T00:00:00+00:00,DELIVERED,NORMAL,1,Auto-generated for replenishing Normal Saline 500ml. Days remaining: 6.2,2,1,2025-09-06T00:00:00+00:00,2025-09-01T00:00:00+00:00,2025-09-09T00:00:00+00:00
117,3,2025-09-01T00:00:00+00:00,2025-09-04T00:00:00+00:00,DELIVERED,NORMAL,1,Auto-generated for replenishing Ringer Lactate 500ml. Days remaining: 6.8,2,1,2025-09-01T00:00:00+00:00,2025-09-01T00:00:00+00:00,2025-09-04T00:00:00+00:00
118,13,2025-09-02T00:00:00+00:00,2025-09-08T00:00:00+00:00,DELIVERED,NORMAL,1,Auto-generated for replenishing Universal Drape Pack. Days remaining: 6.8,2,1,2025-09-05T00:00:00+00:00,2025-09-02T00:00:00+00:00,2025-09-08T00:00:00+00:00
119,2,2025-09-02T00:00:00+00:00,2025-09-06T00:00:00+00:00,DELIVERED,NORMAL,1,Auto-generated for replenishing Prednisone 10mg. Days remaining: 6.3,2,1,2025-09-03T00:00:00+00:00,2025-09-02T00:00:00+00:00,2025-09-06T00:00:00+00:00
120,14,2025-09-02T00:00:00+00:00,2025-09-10T00:00:00+00:00,DELIVERED,NORMAL,1,Auto-generated for replenishing Losartan 50mg. Days remaining: 6.3,2,1,2025-09-07T00:00:00+00:00,2025-09-02T00:00:00+00:00,2025-09-10T00:00:00+00:00
121,2,2025-09-03T00:00:00+00:00,2025-09-07T00:00:00+00:00,DELIVERED,NORMAL,1,Auto-generated for replenishing HIV Rapid Test Kits. Days remaining: 6.0,2,1,2025-09-04T00:00:00+00:00,2025-09-03T00:00:00+00:00,2025-09-07T00:00:00+00:00
122,8,2025-09-03T00:00:00+00:00,2025-09-11T00:00:00+00:00,DELIVERED,NORMAL,1,Auto-generated for replenishing C-Section Drape. Days remaining: 6.3,2,1,2025-09-08T00:00:00+00:00,2025-09-03T00:00:00+00:00,2025-09-11T00:00:00+00:00
123,13,2025-09-03T00:00:00+00:00,2025-09-09T00:00:00+00:00,DELIVERED,NORMAL,1,Auto-generated for replenishing Sodium Citrate Tubes. Days remaining: 6.8,2,1,2025-09-06T00:00:00+00:00,2025-09-03T00:00:00+00:00,2025-09-09T00:00:00+00:00
124,6,2025-09-03T00:00:00+00:00,2025-09-07T00:00:00+00:00,DELIVERED,NORMAL,1,Auto-generated for replenishing Pipette Tips 1000uL. Days remaining: 7.0,2,1,2025-09-04T00:00:00+00:00,2025-09-03T00:00:00+00:00,2025-09-07T00:00:00+00:00
125,3,2025-09-04T00:00:00+00:00,2025-09-07T00:00:00+00:00,DELIVERED,NORMAL,1,Auto-generated for replenishing Skin Marker Pen. Days remaining: 6.8,2,1,2025-09-04T00:00:00+00:00,2025-09-04T00:00:00+00:00,2025-09-07T00:00:00+00:00
126,2,2025-09-04T00:00:00+00:00,2025-09-08T00:00:00+00:00,DELIVERED,NORMAL,1,Auto-generated for replenishing Atorvastatin 20mg. Days remaining: 6.8,2,1,2025-09-05T00:00:00+00:00,2025-09-04T00:00:00+00:00,2025-09-08T00:00:00+00:00
127,11,2025-09-04T00:00:00+00:00,2025-09-08T00:00:00+00:00,DELIVERED,NORMAL,1,Auto-generated for replenishing Bandage Roll 3-inch. Days remaining: 6.1,2,1,2025-09-05T00:00:00+00:00,2025-09-04T00:00:00+00:00,2025-09-08T00:00:00+00:00
128,6,2025-09-04T00:00:00+00:00,2025-09-08T00:00:00+00:00,DELIVERED,NORMAL,1,Auto-generated for replenishing Microscope Slides. Days remaining: 6.5,2,1,2025-09-05T00:00:00+00:00,2025-09-04T00:00:00+00:00,2025-09-08T00:00:00+00:00
129,11,2025-09-04T00:00:00+00:00,2025-09-08T00:00:00+00:00,DELIVERED,NORMAL,1,Auto-generated for replenishing Biohazard Bags Large. Days remaining: 7.0,2,1,2025-09-05T00:00:00+00:00,2025-09-04T00:00:00+00:00,2025-09-08T00:00:00+00:00
130,12,2025-09-04T00:00:00+00:00,2025-09-11T00:00:00+00:00,DELIVERED,NORMAL,1,Auto-generated for replenishing Urine Dipsticks 10T. Days remaining: 5.9,2,1,2025-09-08T00:00:00+00:00,2025-09-04T00:00:00+00:00,2025-09-11T00:00:00+00:00
131,15,2025-09-05T00:00:00+00:00,2025-09-12T00:00:00+00:00,DELIVERED,NORMAL,1,Auto-generated for replenishing Urine Drainage Bag. Days remaining: 6.0,2,1,2025-09-09T00:00:00+00:00,2025-09-05T00:00:00+00:00,2025-09-12T00:00:00+00:00
132,15,2025-09-05T00:00:00+00:00,2025-09-12T00:00:00+00:00,DELIVERED,NORMAL,1,Auto-generated for replenishing Disposable Scalpel #11. Days remaining: 6.2,2,1,2025-09-09T00:00:00+00:00,2025-09-05T00:00:00+00:00,2025-09-12T00:00:00+00:00
133,1,2025-09-06T00:00:00+00:00,2025-09-10T00:00:00+00:00,DELIVERED,NORMAL,1,Auto-generated for replenishing Lap Sponge 30x30cm. Days remaining: 6.6,2,1,2025-09-07T00:00:00+00:00,2025-09-06T00:00:00+00:00,2025-09-10T00:00:00+00:00
134,8,2025-09-07T00:00:00+00:00,2025-09-15T00:00:00+00:00,DELIVERED,NORMAL,1,Auto-generated for replenishing Gauze Swabs 10x10cm. Days remaining: 6.4,2,1,2025-09-12T00:00:00+00:00,2025-09-07T00:00:00+00:00,2025-09-15T00:00:00+00:00
135,9,2025-09-07T00:00:00+00:00,2025-09-14T00:00:00+00:00,DELIVERED,NORMAL,1,Auto-generated for replenishing Rheumatoid Factor Kit. Days remaining: 7.0,2,1,2025-09-11T00:00:00+00:00,2025-09-07T00:00:00+00:00,2025-09-14T00:00:00+00:00
136,12,2025-09-07T00:00:00+00:00,2025-09-14T00:00:00+00:00,DELIVERED,NORMAL,1,Auto-generated for replenishing Bouffant Caps Blue. Days remaining: 6.3,2,1,2025-09-11T00:00:00+00:00,2025-09-07T00:00:00+00:00,2025-09-14T00:00:00+00:00
137,9,2025-09-07T00:00:00+00:00,2025-09-14T00:00:00+00:00,DELIVERED,NORMAL,1,Auto-generated for replenishing Omeprazole 20mg. Days remaining: 6.6,2,1,2025-09-11T00:00:00+00:00,2025-09-07T00:00:00+00:00,2025-09-14T00:00:00+00:00
138,13,2025-09-07T00:00:00+00:00,2025-09-13T00:00:00+00:00,DELIVERED,NORMAL,1,Auto-generated for replenishing Suction Yankauer Tip. Days remaining: 6.4,2,1,2025-09-10T00:00:00+00:00,2025-09-07T00:00:00+00:00,2025-09-13T00:00:00+00:00
139,15,2025-09-07T00:00:00+00:00,2025-09-14T00:00:00+00:00,DELIVERED,NORMAL,1,Auto-generated for replenishing Nitrile Gloves (L). Days remaining: 6.8,2,1,2025-09-11T00:00:00+00:00,2025-09-07T00:00:00+00:00,2025-09-14T00:00:00+00:00
140,9,2025-09-08T00:00:00+00:00,2025-09-15T00:00:00+00:00,DELIVERED,NORMAL,1,Auto-generated for replenishing Sterile Water 10ml. Days remaining: 6.7,2,1,2025-09-12T00:00:00+00:00,2025-09-08T00:00:00+00:00,2025-09-15T00:00:00+00:00
141,4,2025-09-08T00:00:00+00:00,2025-09-18T00:00:00+00:00,DELIVERED,NORMAL,1,Auto-generated for replenishing Disinfectant Wipes. Days remaining: 6.6,2,1,2025-09-15T00:00:00+00:00,2025-09-08T00:00:00+00:00,2025-09-18T00:00:00+00:00
142,4,2025-09-08T00:00:00+00:00,2025-09-18T00:00:00+00:00,DELIVERED,NORMAL,1,Auto-generated for replenishing Pregnancy Test Cassette. Days remaining: 6.8,2,1,2025-09-15T00:00:00+00:00,2025-09-08T00:00:00+00:00,2025-09-18T00:00:00+00:00
143,3,2025-09-08T00:00:00+00:00,2025-09-11T00:00:00+00:00,DELIVERED,NORMAL,1,Auto-generated for replenishing Amlodipine 5mg. Days remaining: 6.6,2,1,2025-09-08T00:00:00+00:00,2025-09-08T00:00:00+00:00,2025-09-11T00:00:00+00:00
144,10,2025-09-09T00:00:00+00:00,2025-09-17T00:00:00+00:00,DELIVERED,NORMAL,1,Auto-generated for replenishing Clopidogrel 75mg. Days remaining: 6.2,2,1,2025-09-14T00:00:00+00:00,2025-09-09T00:00:00+00:00,2025-09-17T00:00:00+00:00
145,13,2025-09-09T00:00:00+00:00,2025-09-15T00:00:00+00:00,DELIVERED,NORMAL,1,Auto-generated for replenishing Silk Suture 2-0. Days remaining: 7.0,2,1,2025-09-12T00:00:00+00:00,2025-09-09T00:00:00+00:00,2025-09-15T00:00:00+00:00
146,6,2025-09-09T00:00:00+00:00,2025-09-13T00:00:00+00:00,DELIVERED,NORMAL,1,Auto-generated for replenishing D-Dimer Test Kits. Days remaining: 6.3,2,1,2025-09-10T00:00:00+00:00,2025-09-09T00:00:00+00:00,2025-09-13T00:00:00+00:00
147,10,2025-09-09T00:00:00+00:00,2025-09-17T00:00:00+00:00,DELIVERED,NORMAL,1,Auto-generated for replenishing Azithromycin 250mg. Days remaining: 6.3,2,1,2025-09-14T00:00:00+00:00,2025-09-09T00:00:00+00:00,2025-09-17T00:00:00+00:00
148,10,2025-09-09T00:00:00+00:00,2025-09-17T00:00:00+00:00,DELIVERED,NORMAL,1,Auto-generated for replenishing Pregnancy Test HCG. Days remaining: 6.6,2,1,2025-09-14T00:00:00+00:00,2025-09-09T00:00:00+00:00,2025-09-17T00:00:00+00:00
149,7,2025-09-10T00:00:00+00:00,2025-09-13T00:00:00+00:00,DELIVERED,NORMAL,1,Auto-generated for replenishing Tramadol 50mg. Days remaining: 6.6,2,1,2025-09-10T00:00:00+00:00,2025-09-10T00:00:00+00:00,2025-09-13T00:00:00+00:00
150,12,2025-09-10T00:00:00+00:00,2025-09-17T00:00:00+00:00,DELIVERED,NORMAL,1,Auto-generated for replenishing Alcohol Prep Pads. Days remaining: 6.8,2,1,2025-09-14T00:00:00+00:00,2025-09-10T00:00:00+00:00,2025-09-17T00:00:00+00:00
151,9,2025-09-10T00:00:00+00:00,2025-09-17T00:00:00+00:00,DELIVERED,NORMAL,1,Auto-generated for replenishing Silk Suture 3-0. Days remaining: 7.0,2,1,2025-09-14T00:00:00+00:00,2025-09-10T00:00:00+00:00,2025-09-17T00:00:00+00:00
152,15,2025-09-10T00:00:00+00:00,2025-09-17T00:00:00+00:00,DELIVERED,NORMAL,1,Auto-generated for replenishing Latex Gloves (S). Days remaining: 6.9,2,1,2025-09-14T00:00:00+00:00,2025-09-10T00:00:00+00:00,2025-09-17T00:00:00+00:00
153,8,2025-09-11T00:00:00+00:00,2025-09-19T00:00:00+00:00,DELIVERED,NORMAL,1,Auto-generated for replenishing Vicryl Suture 3-0. Days remaining: 6.8,2,1,2025-09-16T00:00:00+00:00,2025-09-11T00:00:00+00:00,2025-09-19T00:00:00+00:00
154,15,2025-09-11T00:00:00+00:00,2025-09-18T00:00:00+00:00,DELIVERED,NORMAL,1,Auto-generated for replenishing Monocryl Suture 4-0. Days remaining: 7.0,2,1,2025-09-15T00:00:00+00:00,2025-09-11T00:00:00+00:00,2025-09-18T00:00:00+00:00
155,7,2025-09-11T00:00:00+00:00,2025-09-14T00:00:00+00:00,DELIVERED,NORMAL,1,Auto-generated for replenishing Syringes (10ml). Days remaining: 6.0,2,1,2025-09-11T00:00:00+00:00,2025-09-11T00:00:00+00:00,2025-09-14T00:00:00+00:00
156,8,2025-09-11T00:00:00+00:00,2025-09-19T00:00:00+00:00,DELIVERED,NORMAL,1,Auto-generated for replenishing Vicryl Suture 2-0. Days remaining: 7.0,2,1,2025-09-16T00:00:00+00:00,2025-09-11T00:00:00+00:00,2025-09-19T00:00:00+00:00
157,2,2025-09-12T00:00:00+00:00,2025-09-16T00:00:00+00:00,DELIVERED,NORMAL,1,Auto-generated for replenishing Latex Gloves (M). Days remaining: 6.1,2,1,2025-09-13T00:00:00+00:00,2025-09-12T00:00:00+00:00,2025-09-16T00:00:00+00:00
158,15,2025-09-12T00:00:00+00:00,2025-09-19T00:00:00+00:00,DELIVERED,NORMAL,1,Auto-generated for replenishing Epidural Needle 18G. Days remaining: 6.3,2,1,2025-09-16T00:00:00+00:00,2025-09-12T00:00:00+00:00,2025-09-19T00:00:00+00:00
159,2,2025-09-12T00:00:00+00:00,2025-09-16T00:00:00+00:00,DELIVERED,NORMAL,1,Auto-generated for replenishing IV Infusion Set. Days remaining: 6.5,2,1,2025-09-13T00:00:00+00:00,2025-09-12T00:00:00+00:00,2025-09-16T00:00:00+00:00
160,6,2025-09-12T00:00:00+00:00,2025-09-16T00:00:00+00:00,DELIVERED,NORMAL,1,Auto-generated for replenishing Shoe Covers Disposable. Days remaining: 6.7,2,1,2025-09-13T00:00:00+00:00,2025-09-12T00:00:00+00:00,2025-09-16T00:00:00+00:00
161,8,2025-09-12T00:00:00+00:00,2025-09-20T00:00:00+00:00,DELIVERED,NORMAL,1,Auto-generated for replenishing Serum Sep Tubes (SST). Days remaining: 5.9,2,1,2025-09-17T00:00:00+00:00,2025-09-12T00:00:00+00:00,2025-09-20T00:00:00+00:00
162,6,2025-09-13T00:00:00+00:00,2025-09-17T00:00:00+00:00,DELIVERED,NORMAL,1,Auto-generated for replenishing HCV Rapid Test Kits. Days remaining: 7.0,2,1,2025-09-14T00:00:00+00:00,2025-09-13T00:00:00+00:00,2025-09-17T00:00:00+00:00
163,6,2025-09-13T00:00:00+00:00,2025-09-17T00:00:00+00:00,DELIVERED,NORMAL,1,Auto-generated for replenishing Protective Goggles. Days remaining: 7.0,2,1,2025-09-14T00:00:00+00:00,2025-09-13T00:00:00+00:00,2025-09-17T00:00:00+00:00
164,11,2025-09-13T00:00:00+00:00,2025-09-17T00:00:00+00:00,DELIVERED,NORMAL,1,Auto-generated for replenishing Aprons Waterproof. Days remaining: 6.8,2,1,2025-09-14T00:00:00+00:00,2025-09-13T00:00:00+00:00,2025-09-17T00:00:00+00:00
165,5,2025-09-13T00:00:00+00:00,2025-09-22T00:00:00+00:00,DELIVERED,NORMAL,1,Auto-generated for replenishing Staple Remover. Days remaining: 6.8,2,1,2025-09-19T00:00:00+00:00,2025-09-13T00:00:00+00:00,2025-09-22T00:00:00+00:00
166,7,2025-09-14T00:00:00+00:00,2025-09-17T00:00:00+00:00,DELIVERED,NORMAL,1,Auto-generated for replenishing Bandage Roll 4-inch. Days remaining: 6.3,2,1,2025-09-14T00:00:00+00:00,2025-09-14T00:00:00+00:00,2025-09-17T00:00:00+00:00
167,13,2025-09-15T00:00:00+00:00,2025-09-21T00:00:00+00:00,DELIVERED,NORMAL,1,Auto-generated for replenishing Nitrile Gloves (S). Days remaining: 6.7,2,1,2025-09-18T00:00:00+00:00,2025-09-15T00:00:00+00:00,2025-09-21T00:00:00+00:00
168,10,2025-09-15T00:00:00+00:00,2025-09-23T00:00:00+00:00,DELIVERED,NORMAL,1,Auto-generated for replenishing Hand Sanitizer 100ml. Days remaining: 6.9,2,1,2025-09-20T00:00:00+00:00,2025-09-15T00:00:00+00:00,2025-09-23T00:00:00+00:00
169,13,2025-09-15T00:00:00+00:00,2025-09-21T00:00:00+00:00,DELIVERED,NORMAL,1,Auto-generated for replenishing Levothyroxine 50mcg. Days remaining: 6.2,2,1,2025-09-18T00:00:00+00:00,2025-09-15T00:00:00+00:00,2025-09-21T00:00:00+00:00
170,9,2025-09-16T00:00:00+00:00,2025-09-23T00:00:00+00:00,DELIVERED,NORMAL,1,Auto-generated for replenishing Hand Sanitizer 500ml. Days remaining: 6.8,2,1,2025-09-20T00:00:00+00:00,2025-09-16T00:00:00+00:00,2025-09-23T00:00:00+00:00
171,7,2025-09-16T00:00:00+00:00,2025-09-19T00:00:00+00:00,DELIVERED,NORMAL,1,Auto-generated for replenishing N95 Respirator Mask. Days remaining: 6.6,2,1,2025-09-16T00:00:00+00:00,2025-09-16T00:00:00+00:00,2025-09-19T00:00:00+00:00
172,2,2025-09-16T00:00:00+00:00,2025-09-20T00:00:00+00:00,DELIVERED,NORMAL,1,Auto-generated for replenishing Blood Grouping Anti-A. Days remaining: 7.0,2,1,2025-09-17T00:00:00+00:00,2025-09-16T00:00:00+00:00,2025-09-20T00:00:00+00:00
173,4,2025-09-17T00:00:00+00:00,2025-09-27T00:00:00+00:00,DELIVERED,NORMAL,1,Auto-generated for replenishing Albuterol Inhaler. Days remaining: 6.0,2,1,2025-09-24T00:00:00+00:00,2025-09-17T00:00:00+00:00,2025-09-27T00:00:00+00:00
174,7,2025-09-17T00:00:00+00:00,2025-09-20T00:00:00+00:00,DELIVERED,NORMAL,1,Auto-generated for replenishing IV Cannula 22G. Days remaining: 6.8,2,1,2025-09-17T00:00:00+00:00,2025-09-17T00:00:00+00:00,2025-09-20T00:00:00+00:00
175,10,2025-09-17T00:00:00+00:00,2025-09-25T00:00:00+00:00,DELIVERED,NORMAL,1,Auto-generated for replenishing Troponin I Rapid Kit. Days remaining: 6.3,2,1,2025-09-22T00:00:00+00:00,2025-09-17T00:00:00+00:00,2025-09-25T00:00:00+00:00
176,7,2025-09-17T00:00:00+00:00,2025-09-20T00:00:00+00:00,DELIVERED,NORMAL,1,Auto-generated for replenishing Adhesive Plasters. Days remaining: 6.4,2,1,2025-09-17T00:00:00+00:00,2025-09-17T00:00:00+00:00,2025-09-20T00:00:00+00:00
177,8,2025-09-17T00:00:00+00:00,2025-09-25T00:00:00+00:00,DELIVERED,NORMAL,1,Auto-generated for replenishing Blood Culture Bottles. Days remaining: 7.0,2,1,2025-09-22T00:00:00+00:00,2025-09-17T00:00:00+00:00,2025-09-25T00:00:00+00:00
178,4,2025-09-18T00:00:00+00:00,2025-09-28T00:00:00+00:00,DELIVERED,NORMAL,1,Auto-generated for replenishing Gabapentin 300mg. Days remaining: 6.9,2,1,2025-09-25T00:00:00+00:00,2025-09-18T00:00:00+00:00,2025-09-28T00:00:00+00:00
179,1,2025-09-18T00:00:00+00:00,2025-09-22T00:00:00+00:00,DELIVERED,NORMAL,1,Auto-generated for replenishing Metoprolol 25mg. Days remaining: 6.3,2,1,2025-09-19T00:00:00+00:00,2025-09-18T00:00:00+00:00,2025-09-22T00:00:00+00:00
180,5,2025-09-18T00:00:00+00:00,2025-09-27T00:00:00+00:00,DELIVERED,NORMAL,1,Auto-generated for replenishing 3-Ply Surgical Mask. Days remaining: 6.8,2,1,2025-09-24T00:00:00+00:00,2025-09-18T00:00:00+00:00,2025-09-27T00:00:00+00:00
181,14,2025-09-18T00:00:00+00:00,2025-09-26T00:00:00+00:00,DELIVERED,NORMAL,1,Auto-generated for replenishing Surgical Gown Sterile. Days remaining: 6.0,2,1,2025-09-23T00:00:00+00:00,2025-09-18T00:00:00+00:00,2025-09-26T00:00:00+00:00
182,10,2025-09-18T00:00:00+00:00,2025-09-26T00:00:00+00:00,DELIVERED,NORMAL,1,Auto-generated for replenishing Surgical Tape 2-inch. Days remaining: 6.9,2,1,2025-09-23T00:00:00+00:00,2025-09-18T00:00:00+00:00,2025-09-26T00:00:00+00:00
183,8,2025-09-18T00:00:00+00:00,2025-09-26T00:00:00+00:00,DELIVERED,NORMAL,1,Auto-generated for replenishing Bone Wax 2.5g. Days remaining: 7.0,2,1,2025-09-23T00:00:00+00:00,2025-09-18T00:00:00+00:00,2025-09-26T00:00:00+00:00
184,13,2025-09-19T00:00:00+00:00,2025-09-25T00:00:00+00:00,DELIVERED,NORMAL,1,Auto-generated for replenishing Vicryl Suture 4-0. Days remaining: 7.0,2,1,2025-09-22T00:00:00+00:00,2025-09-19T00:00:00+00:00,2025-09-25T00:00:00+00:00
185,5,2025-09-19T00:00:00+00:00,2025-09-28T00:00:00+00:00,DELIVERED,NORMAL,1,Auto-generated for replenishing Pantoprazole 40mg. Days remaining: 6.1,2,1,2025-09-25T00:00:00+00:00,2025-09-19T00:00:00+00:00,2025-09-28T00:00:00+00:00
186,15,2025-09-19T00:00:00+00:00,2025-09-26T00:00:00+00:00,DELIVERED,NORMAL,1,Auto-generated for replenishing Montelukast 10mg. Days remaining: 6.5,2,1,2025-09-23T00:00:00+00:00,2025-09-19T00:00:00+00:00,2025-09-26T00:00:00+00:00
187,13,2025-09-19T00:00:00+00:00,2025-09-25T00:00:00+00:00,DELIVERED,NORMAL,1,Auto-generated for replenishing Ibuprofen 400mg. Days remaining: 6.5,2,1,2025-09-22T00:00:00+00:00,2025-09-19T00:00:00+00:00,2025-09-25T00:00:00+00:00
188,10,2025-09-19T00:00:00+00:00,2025-09-27T00:00:00+00:00,DELIVERED,NORMAL,1,Auto-generated for replenishing Nitrile Gloves (M). Days remaining: 6.0,2,1,2025-09-24T00:00:00+00:00,2025-09-19T00:00:00+00:00,2025-09-27T00:00:00+00:00
189,5,2025-09-19T00:00:00+00:00,2025-09-28T00:00:00+00:00,DELIVERED,NORMAL,1,Auto-generated for replenishing Biohazard Bags Medium. Days remaining: 6.7,2,1,2025-09-25T00:00:00+00:00,2025-09-19T00:00:00+00:00,2025-09-28T00:00:00+00:00
190,1,2025-09-19T00:00:00+00:00,2025-09-23T00:00:00+00:00,DELIVERED,NORMAL,1,Auto-generated for replenishing Cotton Wool Rolls. Days remaining: 6.4,2,1,2025-09-20T00:00:00+00:00,2025-09-19T00:00:00+00:00,2025-09-23T00:00:00+00:00
191,7,2025-09-20T00:00:00+00:00,2025-09-23T00:00:00+00:00,DELIVERED,NORMAL,1,Auto-generated for replenishing Glucose Test Strips. Days remaining: 6.2,2,1,2025-09-20T00:00:00+00:00,2025-09-20T00:00:00+00:00,2025-09-23T00:00:00+00:00
192,3,2025-09-20T00:00:00+00:00,2025-09-23T00:00:00+00:00,DELIVERED,NORMAL,1,Auto-generated for replenishing IV Cannula 18G. Days remaining: 6.6,2,1,2025-09-20T00:00:00+00:00,2025-09-20T00:00:00+00:00,2025-09-23T00:00:00+00:00
193,7,2025-09-20T00:00:00+00:00,2025-09-23T00:00:00+00:00,DELIVERED,NORMAL,1,Auto-generated for replenishing Latex Gloves (L). Days remaining: 6.5,2,1,2025-09-20T00:00:00+00:00,2025-09-20T00:00:00+00:00,2025-09-23T00:00:00+00:00
194,11,2025-09-20T00:00:00+00:00,2025-09-24T00:00:00+00:00,DELIVERED,NORMAL,1,Auto-generated for replenishing Pipette Tips 200uL. Days remaining: 6.8,2,1,2025-09-21T00:00:00+00:00,2025-09-20T00:00:00+00:00,2025-09-24T00:00:00+00:00
195,12,2025-09-20T00:00:00+00:00,2025-09-27T00:00:00+00:00,DELIVERED,NORMAL,1,Auto-generated for replenishing Cetirizine 10mg. Days remaining: 6.6,2,1,2025-09-24T00:00:00+00:00,2025-09-20T00:00:00+00:00,2025-09-27T00:00:00+00:00
196,3,2025-09-20T00:00:00+00:00,2025-09-23T00:00:00+00:00,DELIVERED,NORMAL,1,Auto-generated for replenishing Ringer Lactate 500ml. Days remaining: 5.8,2,1,2025-09-20T00:00:00+00:00,2025-09-20T00:00:00+00:00,2025-09-23T00:00:00+00:00
197,12,2025-09-21T00:00:00+00:00,2025-09-28T00:00:00+00:00,DELIVERED,NORMAL,1,Auto-generated for replenishing Suction Tubing 3m. Days remaining: 6.7,2,1,2025-09-25T00:00:00+00:00,2025-09-21T00:00:00+00:00,2025-09-28T00:00:00+00:00
198,14,2025-09-21T00:00:00+00:00,2025-09-29T00:00:00+00:00,DELIVERED,NORMAL,1,Auto-generated for replenishing Syringes (5ml). Days remaining: 6.2,2,1,2025-09-26T00:00:00+00:00,2025-09-21T00:00:00+00:00,2025-09-29T00:00:00+00:00
199,13,2025-09-21T00:00:00+00:00,2025-09-27T00:00:00+00:00,DELIVERED,NORMAL,1,Auto-generated for replenishing Malaria Antigen Kit. Days remaining: 6.6,2,1,2025-09-24T00:00:00+00:00,2025-09-21T00:00:00+00:00,2025-09-27T00:00:00+00:00
200,7,2025-09-21T00:00:00+00:00,2025-09-24T00:00:00+00:00,DELIVERED,NORMAL,1,Auto-generated for replenishing Paracetamol 500mg. Days remaining: 6.9,2,1,2025-09-21T00:00:00+00:00,2025-09-21T00:00:00+00:00,2025-09-24T00:00:00+00:00
201,14,2025-09-21T00:00:00+00:00,2025-09-29T00:00:00+00:00,DELIVERED,NORMAL,1,Auto-generated for replenishing Losartan 50mg. Days remaining: 6.5,2,1,2025-09-26T00:00:00+00:00,2025-09-21T00:00:00+00:00,2025-09-29T00:00:00+00:00
202,13,2025-09-21T00:00:00+00:00,2025-09-27T00:00:00+00:00,DELIVERED,NORMAL,1,Auto-generated for replenishing Universal Drape Pack. Days remaining: 6.1,2,1,2025-09-24T00:00:00+00:00,2025-09-21T00:00:00+00:00,2025-09-27T00:00:00+00:00
203,10,2025-09-21T00:00:00+00:00,2025-09-29T00:00:00+00:00,DELIVERED,NORMAL,1,Auto-generated for replenishing Foley Catheter Fr16. Days remaining: 6.1,2,1,2025-09-26T00:00:00+00:00,2025-09-21T00:00:00+00:00,2025-09-29T00:00:00+00:00
204,5,2025-09-22T00:00:00+00:00,2025-10-01T00:00:00+00:00,DELIVERED,NORMAL,1,Auto-generated for replenishing Disposable Scalpel #15. Days remaining: 6.7,2,1,2025-09-28T00:00:00+00:00,2025-09-22T00:00:00+00:00,2025-10-01T00:00:00+00:00
205,11,2025-09-22T00:00:00+00:00,2025-09-26T00:00:00+00:00,DELIVERED,NORMAL,1,Auto-generated for replenishing Metformin 500mg. Days remaining: 6.8,2,1,2025-09-23T00:00:00+00:00,2025-09-22T00:00:00+00:00,2025-09-26T00:00:00+00:00
206,14,2025-09-22T00:00:00+00:00,2025-09-30T00:00:00+00:00,DELIVERED,NORMAL,1,Auto-generated for replenishing Surgical Blades #10. Days remaining: 6.8,2,1,2025-09-27T00:00:00+00:00,2025-09-22T00:00:00+00:00,2025-09-30T00:00:00+00:00
207,14,2025-09-22T00:00:00+00:00,2025-09-30T00:00:00+00:00,DELIVERED,NORMAL,1,Auto-generated for replenishing Normal Saline 500ml. Days remaining: 6.0,2,1,2025-09-27T00:00:00+00:00,2025-09-22T00:00:00+00:00,2025-09-30T00:00:00+00:00
208,1,2025-09-22T00:00:00+00:00,2025-09-26T00:00:00+00:00,DELIVERED,NORMAL,1,Auto-generated for replenishing Disposable Gown Blue. Days remaining: 5.9,2,1,2025-09-23T00:00:00+00:00,2025-09-22T00:00:00+00:00,2025-09-26T00:00:00+00:00
209,11,2025-09-23T00:00:00+00:00,2025-09-27T00:00:00+00:00,DELIVERED,NORMAL,1,Auto-generated for replenishing Syringes (2ml). Days remaining: 6.2,2,1,2025-09-24T00:00:00+00:00,2025-09-23T00:00:00+00:00,2025-09-27T00:00:00+00:00
210,4,2025-09-23T00:00:00+00:00,2025-10-03T00:00:00+00:00,DELIVERED,NORMAL,1,Auto-generated for replenishing Warfarin 5mg. Days remaining: 6.3,2,1,2025-09-30T00:00:00+00:00,2025-09-23T00:00:00+00:00,2025-10-03T00:00:00+00:00
211,1,2025-09-23T00:00:00+00:00,2025-09-27T00:00:00+00:00,DELIVERED,NORMAL,1,Auto-generated for replenishing Syphilis Test Kits. Days remaining: 6.5,2,1,2025-09-24T00:00:00+00:00,2025-09-23T00:00:00+00:00,2025-09-27T00:00:00+00:00
212,15,2025-09-23T00:00:00+00:00,2025-09-30T00:00:00+00:00,DELIVERED,NORMAL,1,Auto-generated for replenishing Urine Drainage Bag. Days remaining: 6.4,2,1,2025-09-27T00:00:00+00:00,2025-09-23T00:00:00+00:00,2025-09-30T00:00:00+00:00
213,14,2025-09-23T00:00:00+00:00,2025-10-01T00:00:00+00:00,DELIVERED,NORMAL,1,Auto-generated for replenishing Surgical Stapler. Days remaining: 6.9,2,1,2025-09-28T00:00:00+00:00,2025-09-23T00:00:00+00:00,2025-10-01T00:00:00+00:00
214,8,2025-09-23T00:00:00+00:00,2025-10-01T00:00:00+00:00,DELIVERED,NORMAL,1,Auto-generated for replenishing C-Section Drape. Days remaining: 6.5,2,1,2025-09-28T00:00:00+00:00,2025-09-23T00:00:00+00:00,2025-10-01T00:00:00+00:00
215,10,2025-09-23T00:00:00+00:00,2025-10-01T00:00:00+00:00,DELIVERED,NORMAL,1,Auto-generated for replenishing EDTA Blood Tubes (K2). Days remaining: 6.5,2,1,2025-09-28T00:00:00+00:00,2025-09-23T00:00:00+00:00,2025-10-01T00:00:00+00:00
216,13,2025-09-23T00:00:00+00:00,2025-09-29T00:00:00+00:00,DELIVERED,NORMAL,1,Auto-generated for replenishing Sodium Citrate Tubes. Days remaining: 7.0,2,1,2025-09-26T00:00:00+00:00,2025-09-23T00:00:00+00:00,2025-09-29T00:00:00+00:00
217,2,2025-09-23T00:00:00+00:00,2025-09-27T00:00:00+00:00,DELIVERED,NORMAL,1,Auto-generated for replenishing Prednisone 10mg. Days remaining: 6.3,2,1,2025-09-24T00:00:00+00:00,2025-09-23T00:00:00+00:00,2025-09-27T00:00:00+00:00
218,5,2025-09-24T00:00:00+00:00,2025-10-03T00:00:00+00:00,DELIVERED,NORMAL,1,Auto-generated for replenishing Face Shield Clear. Days remaining: 6.1,2,1,2025-09-30T00:00:00+00:00,2025-09-24T00:00:00+00:00,2025-10-03T00:00:00+00:00
219,11,2025-09-24T00:00:00+00:00,2025-09-28T00:00:00+00:00,DELIVERED,NORMAL,1,Auto-generated for replenishing Bandage Roll 3-inch. Days remaining: 6.6,2,1,2025-09-25T00:00:00+00:00,2025-09-24T00:00:00+00:00,2025-09-28T00:00:00+00:00
220,14,2025-09-24T00:00:00+00:00,2025-10-02T00:00:00+00:00,DELIVERED,NORMAL,1,Auto-generated for replenishing Surgical Blades #22. Days remaining: 6.5,2,1,2025-09-29T00:00:00+00:00,2025-09-24T00:00:00+00:00,2025-10-02T00:00:00+00:00
221,7,2025-09-24T00:00:00+00:00,2025-09-27T00:00:00+00:00,DELIVERED,NORMAL,1,Auto-generated for replenishing IV Cannula 20G. Days remaining: 6.8,2,1,2025-09-24T00:00:00+00:00,2025-09-24T00:00:00+00:00,2025-09-27T00:00:00+00:00
222,8,2025-09-24T00:00:00+00:00,2025-10-02T00:00:00+00:00,DELIVERED,NORMAL,1,Auto-generated for replenishing Gauze Swabs 10x10cm. Days remaining: 6.5,2,1,2025-09-29T00:00:00+00:00,2025-09-24T00:00:00+00:00,2025-10-02T00:00:00+00:00
223,15,2025-09-25T00:00:00+00:00,2025-10-02T00:00:00+00:00,DELIVERED,NORMAL,1,Auto-generated for replenishing Disposable Scalpel #11. Days remaining: 6.0,2,1,2025-09-29T00:00:00+00:00,2025-09-25T00:00:00+00:00,2025-10-02T00:00:00+00:00
224,11,2025-09-25T00:00:00+00:00,2025-09-29T00:00:00+00:00,DELIVERED,NORMAL,1,Auto-generated for replenishing Biohazard Bags Large. Days remaining: 7.0,2,1,2025-09-26T00:00:00+00:00,2025-09-25T00:00:00+00:00,2025-09-29T00:00:00+00:00
225,1,2025-09-26T00:00:00+00:00,2025-09-30T00:00:00+00:00,DELIVERED,NORMAL,1,Auto-generated for replenishing Lap Sponge 30x30cm. Days remaining: 6.8,2,1,2025-09-27T00:00:00+00:00,2025-09-26T00:00:00+00:00,2025-09-30T00:00:00+00:00
226,3,2025-09-26T00:00:00+00:00,2025-09-29T00:00:00+00:00,DELIVERED,NORMAL,1,Auto-generated for replenishing Skin Marker Pen. Days remaining: 6.0,2,1,2025-09-26T00:00:00+00:00,2025-09-26T00:00:00+00:00,2025-09-29T00:00:00+00:00
227,9,2025-09-26T00:00:00+00:00,2025-10-03T00:00:00+00:00,DELIVERED,NORMAL,1,Auto-generated for replenishing Omeprazole 20mg. Days remaining: 5.8,2,1,2025-09-30T00:00:00+00:00,2025-09-26T00:00:00+00:00,2025-10-03T00:00:00+00:00
228,10,2025-09-26T00:00:00+00:00,2025-10-04T00:00:00+00:00,DELIVERED,NORMAL,1,Auto-generated for replenishing Amoxicillin 500mg. Days remaining: 6.0,2,1,2025-10-01T00:00:00+00:00,2025-09-26T00:00:00+00:00,2025-10-04T00:00:00+00:00
229,2,2025-09-27T00:00:00+00:00,2025-10-01T00:00:00+00:00,DELIVERED,NORMAL,1,Auto-generated for replenishing HIV Rapid Test Kits. Days remaining: 6.2,2,1,2025-09-28T00:00:00+00:00,2025-09-27T00:00:00+00:00,2025-10-01T00:00:00+00:00
230,12,2025-09-28T00:00:00+00:00,2025-10-05T00:00:00+00:00,DELIVERED,NORMAL,1,Auto-generated for replenishing Urine Dipsticks 10T. Days remaining: 6.9,2,1,2025-10-02T00:00:00+00:00,2025-09-28T00:00:00+00:00,2025-10-05T00:00:00+00:00
231,13,2025-09-28T00:00:00+00:00,2025-10-04T00:00:00+00:00,DELIVERED,NORMAL,1,Auto-generated for replenishing Suction Yankauer Tip. Days remaining: 7.0,2,1,2025-10-01T00:00:00+00:00,2025-09-28T00:00:00+00:00,2025-10-04T00:00:00+00:00
232,10,2025-09-28T00:00:00+00:00,2025-10-06T00:00:00+00:00,DELIVERED,NORMAL,1,Auto-generated for replenishing Clopidogrel 75mg. Days remaining: 6.2,2,1,2025-10-03T00:00:00+00:00,2025-09-28T00:00:00+00:00,2025-10-06T00:00:00+00:00
233,2,2025-09-28T00:00:00+00:00,2025-10-02T00:00:00+00:00,DELIVERED,NORMAL,1,Auto-generated for replenishing Latex Gloves (M). Days remaining: 6.3,2,1,2025-09-29T00:00:00+00:00,2025-09-28T00:00:00+00:00,2025-10-02T00:00:00+00:00
234,7,2025-09-29T00:00:00+00:00,2025-10-02T00:00:00+00:00,DELIVERED,NORMAL,1,Auto-generated for replenishing Syringes (10ml). Days remaining: 6.8,2,1,2025-09-29T00:00:00+00:00,2025-09-29T00:00:00+00:00,2025-10-02T00:00:00+00:00
235,3,2025-09-29T00:00:00+00:00,2025-10-02T00:00:00+00:00,DELIVERED,NORMAL,1,Auto-generated for replenishing CRP Latex Slide Kit. Days remaining: 6.5,2,1,2025-09-29T00:00:00+00:00,2025-09-29T00:00:00+00:00,2025-10-02T00:00:00+00:00
236,4,2025-09-29T00:00:00+00:00,2025-10-09T00:00:00+00:00,DELIVERED,NORMAL,1,Auto-generated for replenishing Pregnancy Test Cassette. Days remaining: 6.3,2,1,2025-10-06T00:00:00+00:00,2025-09-29T00:00:00+00:00,2025-10-09T00:00:00+00:00
237,15,2025-09-29T00:00:00+00:00,2025-10-06T00:00:00+00:00,DELIVERED,NORMAL,1,Auto-generated for replenishing Epidural Needle 18G. Days remaining: 6.5,2,1,2025-10-03T00:00:00+00:00,2025-09-29T00:00:00+00:00,2025-10-06T00:00:00+00:00
238,2,2025-09-29T00:00:00+00:00,2025-10-03T00:00:00+00:00,DELIVERED,NORMAL,1,Auto-generated for replenishing Atorvastatin 20mg. Days remaining: 6.3,2,1,2025-09-30T00:00:00+00:00,2025-09-29T00:00:00+00:00,2025-10-03T00:00:00+00:00
239,6,2025-09-30T00:00:00+00:00,2025-10-04T00:00:00+00:00,DELIVERED,NORMAL,1,Auto-generated for replenishing D-Dimer Test Kits. Days remaining: 7.0,2,1,2025-10-01T00:00:00+00:00,2025-09-30T00:00:00+00:00,2025-10-04T00:00:00+00:00
240,8,2025-09-30T00:00:00+00:00,2025-10-08T00:00:00+00:00,DELIVERED,NORMAL,1,Auto-generated for replenishing Vicryl Suture 3-0. Days remaining: 7.0,2,1,2025-10-05T00:00:00+00:00,2025-09-30T00:00:00+00:00,2025-10-08T00:00:00+00:00
241,15,2025-09-30T00:00:00+00:00,2025-10-07T00:00:00+00:00,DELIVERED,NORMAL,1,Auto-generated for replenishing Latex Gloves (S). Days remaining: 6.4,2,1,2025-10-04T00:00:00+00:00,2025-09-30T00:00:00+00:00,2025-10-07T00:00:00+00:00
242,10,2025-09-30T00:00:00+00:00,2025-10-08T00:00:00+00:00,DELIVERED,NORMAL,1,Auto-generated for replenishing Pregnancy Test HCG. Days remaining: 6.7,2,1,2025-10-05T00:00:00+00:00,2025-09-30T00:00:00+00:00,2025-10-08T00:00:00+00:00
243,6,2025-09-30T00:00:00+00:00,2025-10-04T00:00:00+00:00,DELIVERED,NORMAL,1,Auto-generated for replenishing Microscope Slides. Days remaining: 6.7,2,1,2025-10-01T00:00:00+00:00,2025-09-30T00:00:00+00:00,2025-10-04T00:00:00+00:00
244,15,2025-10-01T00:00:00+00:00,2025-10-08T00:00:00+00:00,DELIVERED,NORMAL,1,Auto-generated for replenishing Nitrile Gloves (L). Days remaining: 6.6,2,1,2025-10-05T00:00:00+00:00,2025-10-01T00:00:00+00:00,2025-10-08T00:00:00+00:00
245,12,2025-10-01T00:00:00+00:00,2025-10-08T00:00:00+00:00,DELIVERED,NORMAL,1,Auto-generated for replenishing Alcohol Prep Pads. Days remaining: 6.9,2,1,2025-10-05T00:00:00+00:00,2025-10-01T00:00:00+00:00,2025-10-08T00:00:00+00:00
246,9,2025-10-01T00:00:00+00:00,2025-10-08T00:00:00+00:00,DELIVERED,NORMAL,1,Auto-generated for replenishing Rheumatoid Factor Kit. Days remaining: 6.5,2,1,2025-10-05T00:00:00+00:00,2025-10-01T00:00:00+00:00,2025-10-08T00:00:00+00:00
247,12,2025-10-01T00:00:00+00:00,2025-10-08T00:00:00+00:00,DELIVERED,NORMAL,1,Auto-generated for replenishing Foley Catheter Fr18. Days remaining: 6.7,2,1,2025-10-05T00:00:00+00:00,2025-10-01T00:00:00+00:00,2025-10-08T00:00:00+00:00
248,7,2025-10-01T00:00:00+00:00,2025-10-04T00:00:00+00:00,DELIVERED,NORMAL,1,Auto-generated for replenishing Tramadol 50mg. Days remaining: 6.2,2,1,2025-10-01T00:00:00+00:00,2025-10-01T00:00:00+00:00,2025-10-04T00:00:00+00:00
249,2,2025-10-01T00:00:00+00:00,2025-10-05T00:00:00+00:00,DELIVERED,NORMAL,1,Auto-generated for replenishing IV Infusion Set. Days remaining: 5.8,2,1,2025-10-02T00:00:00+00:00,2025-10-01T00:00:00+00:00,2025-10-05T00:00:00+00:00
250,12,2025-10-01T00:00:00+00:00,2025-10-08T00:00:00+00:00,DELIVERED,NORMAL,1,Auto-generated for replenishing Bouffant Caps Blue. Days remaining: 6.9,2,1,2025-10-05T00:00:00+00:00,2025-10-01T00:00:00+00:00,2025-10-08T00:00:00+00:00
251,4,2025-10-02T00:00:00+00:00,2025-10-12T00:00:00+00:00,DELIVERED,NORMAL,1,Auto-generated for replenishing Disinfectant Wipes. Days remaining: 6.9,2,1,2025-10-09T00:00:00+00:00,2025-10-02T00:00:00+00:00,2025-10-12T00:00:00+00:00
252,13,2025-10-02T00:00:00+00:00,2025-10-08T00:00:00+00:00,DELIVERED,NORMAL,1,Auto-generated for replenishing Nitrile Gloves (S). Days remaining: 6.2,2,1,2025-10-05T00:00:00+00:00,2025-10-02T00:00:00+00:00,2025-10-08T00:00:00+00:00
253,6,2025-10-03T00:00:00+00:00,2025-10-07T00:00:00+00:00,DELIVERED,NORMAL,1,Auto-generated for replenishing Shoe Covers Disposable. Days remaining: 6.7,2,1,2025-10-04T00:00:00+00:00,2025-10-03T00:00:00+00:00,2025-10-07T00:00:00+00:00
254,10,2025-10-03T00:00:00+00:00,2025-10-11T00:00:00+00:00,DELIVERED,NORMAL,1,Auto-generated for replenishing Azithromycin 250mg. Days remaining: 6.2,2,1,2025-10-08T00:00:00+00:00,2025-10-03T00:00:00+00:00,2025-10-11T00:00:00+00:00
255,11,2025-10-04T00:00:00+00:00,2025-10-08T00:00:00+00:00,DELIVERED,NORMAL,1,Auto-generated for replenishing Aprons Waterproof. Days remaining: 6.8,2,1,2025-10-05T00:00:00+00:00,2025-10-04T00:00:00+00:00,2025-10-08T00:00:00+00:00
256,9,2025-10-04T00:00:00+00:00,2025-10-11T00:00:00+00:00,DELIVERED,NORMAL,1,Auto-generated for replenishing Sterile Water 10ml. Days remaining: 6.4,2,1,2025-10-08T00:00:00+00:00,2025-10-04T00:00:00+00:00,2025-10-11T00:00:00+00:00
257,5,2025-10-04T00:00:00+00:00,2025-10-13T00:00:00+00:00,DELIVERED,NORMAL,1,Auto-generated for replenishing Staple Remover. Days remaining: 6.1,2,1,2025-10-10T00:00:00+00:00,2025-10-04T00:00:00+00:00,2025-10-13T00:00:00+00:00
258,13,2025-10-04T00:00:00+00:00,2025-10-10T00:00:00+00:00,DELIVERED,NORMAL,1,Auto-generated for replenishing Levothyroxine 50mcg. Days remaining: 6.4,2,1,2025-10-07T00:00:00+00:00,2025-10-04T00:00:00+00:00,2025-10-10T00:00:00+00:00
259,9,2025-10-04T00:00:00+00:00,2025-10-11T00:00:00+00:00,DELIVERED,NORMAL,1,Auto-generated for replenishing Silk Suture 3-0. Days remaining: 6.8,2,1,2025-10-08T00:00:00+00:00,2025-10-04T00:00:00+00:00,2025-10-11T00:00:00+00:00
260,6,2025-10-04T00:00:00+00:00,2025-10-08T00:00:00+00:00,DELIVERED,NORMAL,1,Auto-generated for replenishing Pipette Tips 1000uL. Days remaining: 7.0,2,1,2025-10-05T00:00:00+00:00,2025-10-04T00:00:00+00:00,2025-10-08T00:00:00+00:00
261,8,2025-10-06T00:00:00+00:00,2025-10-14T00:00:00+00:00,DELIVERED,NORMAL,1,Auto-generated for replenishing Serum Sep Tubes (SST). Days remaining: 6.2,2,1,2025-10-11T00:00:00+00:00,2025-10-06T00:00:00+00:00,2025-10-14T00:00:00+00:00
262,14,2025-10-06T00:00:00+00:00,2025-10-14T00:00:00+00:00,DELIVERED,NORMAL,1,Auto-generated for replenishing Surgical Gown Sterile. Days remaining: 6.2,2,1,2025-10-11T00:00:00+00:00,2025-10-06T00:00:00+00:00,2025-10-14T00:00:00+00:00
263,9,2025-10-06T00:00:00+00:00,2025-10-13T00:00:00+00:00,DELIVERED,NORMAL,1,Auto-generated for replenishing Hand Sanitizer 500ml. Days remaining: 6.6,2,1,2025-10-10T00:00:00+00:00,2025-10-06T00:00:00+00:00,2025-10-13T00:00:00+00:00
264,10,2025-10-07T00:00:00+00:00,2025-10-15T00:00:00+00:00,DELIVERED,NORMAL,1,Auto-generated for replenishing Surgical Tape 2-inch. Days remaining: 6.6,2,1,2025-10-12T00:00:00+00:00,2025-10-07T00:00:00+00:00,2025-10-15T00:00:00+00:00
265,3,2025-10-07T00:00:00+00:00,2025-10-10T00:00:00+00:00,DELIVERED,NORMAL,1,Auto-generated for replenishing Amlodipine 5mg. Days remaining: 6.6,2,1,2025-10-07T00:00:00+00:00,2025-10-07T00:00:00+00:00,2025-10-10T00:00:00+00:00
266,13,2025-10-07T00:00:00+00:00,2025-10-13T00:00:00+00:00,DELIVERED,NORMAL,1,Auto-generated for replenishing Silk Suture 2-0. Days remaining: 6.8,2,1,2025-10-10T00:00:00+00:00,2025-10-07T00:00:00+00:00,2025-10-13T00:00:00+00:00
267,6,2025-10-08T00:00:00+00:00,2025-10-12T00:00:00+00:00,DELIVERED,NORMAL,1,Auto-generated for replenishing HCV Rapid Test Kits. Days remaining: 6.2,2,1,2025-10-09T00:00:00+00:00,2025-10-08T00:00:00+00:00,2025-10-12T00:00:00+00:00
268,1,2025-10-08T00:00:00+00:00,2025-10-12T00:00:00+00:00,DELIVERED,NORMAL,1,Auto-generated for replenishing Metoprolol 25mg. Days remaining: 7.0,2,1,2025-10-09T00:00:00+00:00,2025-10-08T00:00:00+00:00,2025-10-12T00:00:00+00:00
269,7,2025-10-08T00:00:00+00:00,2025-10-11T00:00:00+00:00,DELIVERED,NORMAL,1,Auto-generated for replenishing N95 Respirator Mask. Days remaining: 6.1,2,1,2025-10-08T00:00:00+00:00,2025-10-08T00:00:00+00:00,2025-10-11T00:00:00+00:00
270,8,2025-10-08T00:00:00+00:00,2025-10-16T00:00:00+00:00,DELIVERED,NORMAL,1,Auto-generated for replenishing Vicryl Suture 2-0. Days remaining: 6.4,2,1,2025-10-13T00:00:00+00:00,2025-10-08T00:00:00+00:00,2025-10-16T00:00:00+00:00
271,10,2025-10-08T00:00:00+00:00,2025-10-16T00:00:00+00:00,DELIVERED,NORMAL,1,Auto-generated for replenishing Hand Sanitizer 100ml. Days remaining: 5.8,2,1,2025-10-13T00:00:00+00:00,2025-10-08T00:00:00+00:00,2025-10-16T00:00:00+00:00
272,15,2025-10-09T00:00:00+00:00,2025-10-16T00:00:00+00:00,DELIVERED,NORMAL,1,Auto-generated for replenishing Monocryl Suture 4-0. Days remaining: 7.0,2,1,2025-10-13T00:00:00+00:00,2025-10-09T00:00:00+00:00,2025-10-16T00:00:00+00:00
273,5,2025-10-09T00:00:00+00:00,2025-10-18T00:00:00+00:00,DELIVERED,NORMAL,1,Auto-generated for replenishing Disposable Scalpel #15. Days remaining: 6.8,2,1,2025-10-15T00:00:00+00:00,2025-10-09T00:00:00+00:00,2025-10-18T00:00:00+00:00
274,7,2025-10-09T00:00:00+00:00,2025-10-12T00:00:00+00:00,DELIVERED,NORMAL,1,Auto-generated for replenishing Bandage Roll 4-inch. Days remaining: 6.7,2,1,2025-10-09T00:00:00+00:00,2025-10-09T00:00:00+00:00,2025-10-12T00:00:00+00:00
275,11,2025-10-09T00:00:00+00:00,2025-10-13T00:00:00+00:00,DELIVERED,NORMAL,1,Auto-generated for replenishing Syringes (2ml). Days remaining: 6.8,2,1,2025-10-10T00:00:00+00:00,2025-10-09T00:00:00+00:00,2025-10-13T00:00:00+00:00
276,5,2025-10-09T00:00:00+00:00,2025-10-18T00:00:00+00:00,DELIVERED,NORMAL,1,Auto-generated for replenishing Pantoprazole 40mg. Days remaining: 6.9,2,1,2025-10-15T00:00:00+00:00,2025-10-09T00:00:00+00:00,2025-10-18T00:00:00+00:00
277,14,2025-10-10T00:00:00+00:00,2025-10-18T00:00:00+00:00,DELIVERED,NORMAL,1,Auto-generated for replenishing Syringes (5ml). Days remaining: 6.3,2,1,2025-10-15T00:00:00+00:00,2025-10-10T00:00:00+00:00,2025-10-18T00:00:00+00:00
278,7,2025-10-10T00:00:00+00:00,2025-10-13T00:00:00+00:00,DELIVERED,NORMAL,1,Auto-generated for replenishing Latex Gloves (L). Days remaining: 6.4,2,1,2025-10-10T00:00:00+00:00,2025-10-10T00:00:00+00:00,2025-10-13T00:00:00+00:00
279,8,2025-10-10T00:00:00+00:00,2025-10-18T00:00:00+00:00,DELIVERED,NORMAL,1,Auto-generated for replenishing Blood Culture Bottles. Days remaining: 6.8,2,1,2025-10-15T00:00:00+00:00,2025-10-10T00:00:00+00:00,2025-10-18T00:00:00+00:00
280,3,2025-10-10T00:00:00+00:00,2025-10-13T00:00:00+00:00,DELIVERED,NORMAL,1,Auto-generated for replenishing Ringer Lactate 500ml. Days remaining: 6.9,2,1,2025-10-10T00:00:00+00:00,2025-10-10T00:00:00+00:00,2025-10-13T00:00:00+00:00
281,4,2025-10-10T00:00:00+00:00,2025-10-20T00:00:00+00:00,DELIVERED,NORMAL,1,Auto-generated for replenishing Gabapentin 300mg. Days remaining: 6.5,2,1,2025-10-17T00:00:00+00:00,2025-10-10T00:00:00+00:00,2025-10-20T00:00:00+00:00
282,13,2025-10-10T00:00:00+00:00,2025-10-16T00:00:00+00:00,DELIVERED,NORMAL,1,Auto-generated for replenishing Vicryl Suture 4-0. Days remaining: 7.0,2,1,2025-10-13T00:00:00+00:00,2025-10-10T00:00:00+00:00,2025-10-16T00:00:00+00:00
283,3,2025-10-11T00:00:00+00:00,2025-10-14T00:00:00+00:00,DELIVERED,NORMAL,1,Auto-generated for replenishing Skin Marker Pen. Days remaining: 7.0,2,1,2025-10-11T00:00:00+00:00,2025-10-11T00:00:00+00:00,2025-10-14T00:00:00+00:00
284,10,2025-10-11T00:00:00+00:00,2025-10-19T00:00:00+00:00,DELIVERED,NORMAL,1,Auto-generated for replenishing Nitrile Gloves (M). Days remaining: 6.6,2,1,2025-10-16T00:00:00+00:00,2025-10-11T00:00:00+00:00,2025-10-19T00:00:00+00:00
285,5,2025-10-11T00:00:00+00:00,2025-10-20T00:00:00+00:00,DELIVERED,NORMAL,1,Auto-generated for replenishing 3-Ply Surgical Mask. Days remaining: 6.2,2,1,2025-10-17T00:00:00+00:00,2025-10-11T00:00:00+00:00,2025-10-20T00:00:00+00:00
286,13,2025-10-11T00:00:00+00:00,2025-10-17T00:00:00+00:00,DELIVERED,NORMAL,1,Auto-generated for replenishing Ibuprofen 400mg. Days remaining: 6.2,2,1,2025-10-14T00:00:00+00:00,2025-10-11T00:00:00+00:00,2025-10-17T00:00:00+00:00
287,6,2025-10-12T00:00:00+00:00,2025-10-16T00:00:00+00:00,DELIVERED,NORMAL,1,Auto-generated for replenishing Protective Goggles. Days remaining: 6.8,2,1,2025-10-13T00:00:00+00:00,2025-10-12T00:00:00+00:00,2025-10-16T00:00:00+00:00
288,1,2025-10-12T00:00:00+00:00,2025-10-16T00:00:00+00:00,DELIVERED,NORMAL,1,Auto-generated for replenishing Cotton Wool Rolls. Days remaining: 6.4,2,1,2025-10-13T00:00:00+00:00,2025-10-12T00:00:00+00:00,2025-10-16T00:00:00+00:00
289,15,2025-10-12T00:00:00+00:00,2025-10-19T00:00:00+00:00,DELIVERED,NORMAL,1,Auto-generated for replenishing Montelukast 10mg. Days remaining: 6.3,2,1,2025-10-16T00:00:00+00:00,2025-10-12T00:00:00+00:00,2025-10-19T00:00:00+00:00
290,13,2025-10-12T00:00:00+00:00,2025-10-18T00:00:00+00:00,DELIVERED,NORMAL,1,Auto-generated for replenishing Universal Drape Pack. Days remaining: 6.2,2,1,2025-10-15T00:00:00+00:00,2025-10-12T00:00:00+00:00,2025-10-18T00:00:00+00:00
291,7,2025-10-12T00:00:00+00:00,2025-10-15T00:00:00+00:00,DELIVERED,NORMAL,1,Auto-generated for replenishing Paracetamol 500mg. Days remaining: 6.8,2,1,2025-10-12T00:00:00+00:00,2025-10-12T00:00:00+00:00,2025-10-15T00:00:00+00:00
292,14,2025-10-12T00:00:00+00:00,2025-10-20T00:00:00+00:00,DELIVERED,NORMAL,1,Auto-generated for replenishing Losartan 50mg. Days remaining: 6.5,2,1,2025-10-17T00:00:00+00:00,2025-10-12T00:00:00+00:00,2025-10-20T00:00:00+00:00
293,12,2025-10-12T00:00:00+00:00,2025-10-19T00:00:00+00:00,DELIVERED,NORMAL,1,Auto-generated for replenishing Cetirizine 10mg. Days remaining: 6.7,2,1,2025-10-16T00:00:00+00:00,2025-10-12T00:00:00+00:00,2025-10-19T00:00:00+00:00
294,4,2025-10-13T00:00:00+00:00,2025-10-23T00:00:00+00:00,DELIVERED,NORMAL,1,Auto-generated for replenishing Albuterol Inhaler. Days remaining: 6.0,2,1,2025-10-20T00:00:00+00:00,2025-10-13T00:00:00+00:00,2025-10-23T00:00:00+00:00
295,13,2025-10-13T00:00:00+00:00,2025-10-19T00:00:00+00:00,DELIVERED,NORMAL,1,Auto-generated for replenishing Sodium Citrate Tubes. Days remaining: 6.6,2,1,2025-10-16T00:00:00+00:00,2025-10-13T00:00:00+00:00,2025-10-19T00:00:00+00:00
296,5,2025-10-13T00:00:00+00:00,2025-10-22T00:00:00+00:00,DELIVERED,NORMAL,1,Auto-generated for replenishing Biohazard Bags Medium. Days remaining: 6.1,2,1,2025-10-19T00:00:00+00:00,2025-10-13T00:00:00+00:00,2025-10-22T00:00:00+00:00
297,13,2025-10-13T00:00:00+00:00,2025-10-19T00:00:00+00:00,DELIVERED,NORMAL,1,Auto-generated for replenishing Malaria Antigen Kit. Days remaining: 6.2,2,1,2025-10-16T00:00:00+00:00,2025-10-13T00:00:00+00:00,2025-10-19T00:00:00+00:00
298,7,2025-10-13T00:00:00+00:00,2025-10-16T00:00:00+00:00,DELIVERED,NORMAL,1,Auto-generated for replenishing Adhesive Plasters. Days remaining: 6.4,2,1,2025-10-13T00:00:00+00:00,2025-10-13T00:00:00+00:00,2025-10-16T00:00:00+00:00
299,12,2025-10-13T00:00:00+00:00,2025-10-20T00:00:00+00:00,DELIVERED,NORMAL,1,Auto-generated for replenishing Suction Tubing 3m. Days remaining: 7.0,2,1,2025-10-17T00:00:00+00:00,2025-10-13T00:00:00+00:00,2025-10-20T00:00:00+00:00
300,10,2025-10-14T00:00:00+00:00,2025-10-22T00:00:00+00:00,DELIVERED,NORMAL,1,Auto-generated for replenishing EDTA Blood Tubes (K2). Days remaining: 6.6,2,1,2025-10-19T00:00:00+00:00,2025-10-14T00:00:00+00:00,2025-10-22T00:00:00+00:00
301,3,2025-10-14T00:00:00+00:00,2025-10-17T00:00:00+00:00,DELIVERED,NORMAL,1,Auto-generated for replenishing IV Cannula 18G. Days remaining: 6.8,2,1,2025-10-14T00:00:00+00:00,2025-10-14T00:00:00+00:00,2025-10-17T00:00:00+00:00
302,10,2025-10-14T00:00:00+00:00,2025-10-22T00:00:00+00:00,DELIVERED,NORMAL,1,Auto-generated for replenishing Troponin I Rapid Kit. Days remaining: 6.8,2,1,2025-10-19T00:00:00+00:00,2025-10-14T00:00:00+00:00,2025-10-22T00:00:00+00:00
303,8,2025-10-14T00:00:00+00:00,2025-10-22T00:00:00+00:00,DELIVERED,NORMAL,1,Auto-generated for replenishing Gauze Swabs 10x10cm. Days remaining: 6.3,2,1,2025-10-19T00:00:00+00:00,2025-10-14T00:00:00+00:00,2025-10-22T00:00:00+00:00
304,1,2025-10-15T00:00:00+00:00,2025-10-19T00:00:00+00:00,DELIVERED,NORMAL,1,Auto-generated for replenishing Disposable Gown Blue. Days remaining: 6.8,2,1,2025-10-16T00:00:00+00:00,2025-10-15T00:00:00+00:00,2025-10-19T00:00:00+00:00
305,10,2025-10-15T00:00:00+00:00,2025-10-23T00:00:00+00:00,DELIVERED,NORMAL,1,Auto-generated for replenishing Foley Catheter Fr16. Days remaining: 6.5,2,1,2025-10-20T00:00:00+00:00,2025-10-15T00:00:00+00:00,2025-10-23T00:00:00+00:00
306,14,2025-10-15T00:00:00+00:00,2025-10-23T00:00:00+00:00,DELIVERED,NORMAL,1,Auto-generated for replenishing Surgical Stapler. Days remaining: 6.8,2,1,2025-10-20T00:00:00+00:00,2025-10-15T00:00:00+00:00,2025-10-23T00:00:00+00:00
307,2,2025-10-15T00:00:00+00:00,2025-10-19T00:00:00+00:00,DELIVERED,NORMAL,1,Auto-generated for replenishing Prednisone 10mg. Days remaining: 6.2,2,1,2025-10-16T00:00:00+00:00,2025-10-15T00:00:00+00:00,2025-10-19T00:00:00+00:00
308,7,2025-10-15T00:00:00+00:00,2025-10-18T00:00:00+00:00,DELIVERED,NORMAL,1,Auto-generated for replenishing Glucose Test Strips. Days remaining: 6.6,2,1,2025-10-15T00:00:00+00:00,2025-10-15T00:00:00+00:00,2025-10-18T00:00:00+00:00
309,12,2025-10-15T00:00:00+00:00,2025-10-22T00:00:00+00:00,DELIVERED,NORMAL,1,Auto-generated for replenishing Urine Dipsticks 10T. Days remaining: 6.6,2,1,2025-10-19T00:00:00+00:00,2025-10-15T00:00:00+00:00,2025-10-22T00:00:00+00:00
310,11,2025-10-15T00:00:00+00:00,2025-10-19T00:00:00+00:00,DELIVERED,NORMAL,1,Auto-generated for replenishing Pipette Tips 200uL. Days remaining: 6.5,2,1,2025-10-16T00:00:00+00:00,2025-10-15T00:00:00+00:00,2025-10-19T00:00:00+00:00
311,8,2025-10-15T00:00:00+00:00,2025-10-23T00:00:00+00:00,DELIVERED,NORMAL,1,Auto-generated for replenishing C-Section Drape. Days remaining: 6.2,2,1,2025-10-20T00:00:00+00:00,2025-10-15T00:00:00+00:00,2025-10-23T00:00:00+00:00
312,9,2025-10-16T00:00:00+00:00,2025-10-23T00:00:00+00:00,DELIVERED,NORMAL,1,Auto-generated for replenishing Omeprazole 20mg. Days remaining: 6.4,2,1,2025-10-20T00:00:00+00:00,2025-10-16T00:00:00+00:00,2025-10-23T00:00:00+00:00
313,2,2025-10-16T00:00:00+00:00,2025-10-20T00:00:00+00:00,DELIVERED,NORMAL,1,Auto-generated for replenishing Blood Grouping Anti-A. Days remaining: 7.0,2,1,2025-10-17T00:00:00+00:00,2025-10-16T00:00:00+00:00,2025-10-20T00:00:00+00:00
314,5,2025-10-17T00:00:00+00:00,2025-10-26T00:00:00+00:00,DELIVERED,NORMAL,1,Auto-generated for replenishing Face Shield Clear. Days remaining: 6.2,2,1,2025-10-23T00:00:00+00:00,2025-10-17T00:00:00+00:00,2025-10-26T00:00:00+00:00
315,8,2025-10-17T00:00:00+00:00,2025-10-25T00:00:00+00:00,DELIVERED,NORMAL,1,Auto-generated for replenishing Bone Wax 2.5g. Days remaining: 7.0,2,1,2025-10-22T00:00:00+00:00,2025-10-17T00:00:00+00:00,2025-10-25T00:00:00+00:00
316,15,2025-10-18T00:00:00+00:00,2025-10-25T00:00:00+00:00,DELIVERED,NORMAL,1,Auto-generated for replenishing Disposable Scalpel #11. Days remaining: 6.5,2,1,2025-10-22T00:00:00+00:00,2025-10-18T00:00:00+00:00,2025-10-25T00:00:00+00:00
317,15,2025-10-18T00:00:00+00:00,2025-10-25T00:00:00+00:00,DELIVERED,NORMAL,1,Auto-generated for replenishing Urine Drainage Bag. Days remaining: 7.0,2,1,2025-10-22T00:00:00+00:00,2025-10-18T00:00:00+00:00,2025-10-25T00:00:00+00:00
318,4,2025-10-18T00:00:00+00:00,2025-10-28T00:00:00+00:00,DELIVERED,NORMAL,1,Auto-generated for replenishing Warfarin 5mg. Days remaining: 6.3,2,1,2025-10-25T00:00:00+00:00,2025-10-18T00:00:00+00:00,2025-10-28T00:00:00+00:00
319,2,2025-10-18T00:00:00+00:00,2025-10-22T00:00:00+00:00,DELIVERED,NORMAL,1,Auto-generated for replenishing Latex Gloves (M). Days remaining: 6.3,2,1,2025-10-19T00:00:00+00:00,2025-10-18T00:00:00+00:00,2025-10-22T00:00:00+00:00
320,1,2025-10-18T00:00:00+00:00,2025-10-22T00:00:00+00:00,DELIVERED,NORMAL,1,Auto-generated for replenishing Syphilis Test Kits. Days remaining: 6.5,2,1,2025-10-19T00:00:00+00:00,2025-10-18T00:00:00+00:00,2025-10-22T00:00:00+00:00
321,7,2025-10-18T00:00:00+00:00,2025-10-21T00:00:00+00:00,DELIVERED,NORMAL,1,Auto-generated for replenishing IV Cannula 20G. Days remaining: 6.9,2,1,2025-10-18T00:00:00+00:00,2025-10-18T00:00:00+00:00,2025-10-21T00:00:00+00:00
322,7,2025-10-18T00:00:00+00:00,2025-10-21T00:00:00+00:00,DELIVERED,NORMAL,1,Auto-generated for replenishing Syringes (10ml). Days remaining: 6.8,2,1,2025-10-18T00:00:00+00:00,2025-10-18T00:00:00+00:00,2025-10-21T00:00:00+00:00
323,11,2025-10-19T00:00:00+00:00,2025-10-23T00:00:00+00:00,DELIVERED,NORMAL,1,Auto-generated for replenishing Biohazard Bags Large. Days remaining: 6.3,2,1,2025-10-20T00:00:00+00:00,2025-10-19T00:00:00+00:00,2025-10-23T00:00:00+00:00
324,2,2025-10-19T00:00:00+00:00,2025-10-23T00:00:00+00:00,DELIVERED,NORMAL,1,Auto-generated for replenishing HIV Rapid Test Kits. Days remaining: 6.2,2,1,2025-10-20T00:00:00+00:00,2025-10-19T00:00:00+00:00,2025-10-23T00:00:00+00:00
325,15,2025-10-19T00:00:00+00:00,2025-10-26T00:00:00+00:00,DELIVERED,NORMAL,1,Auto-generated for replenishing Epidural Needle 18G. Days remaining: 6.9,2,1,2025-10-23T00:00:00+00:00,2025-10-19T00:00:00+00:00,2025-10-26T00:00:00+00:00
326,14,2025-10-20T00:00:00+00:00,2025-10-28T00:00:00+00:00,DELIVERED,NORMAL,1,Auto-generated for replenishing Normal Saline 500ml. Days remaining: 6.6,2,1,2025-10-25T00:00:00+00:00,2025-10-20T00:00:00+00:00,2025-10-28T00:00:00+00:00
327,1,2025-10-20T00:00:00+00:00,2025-10-24T00:00:00+00:00,DELIVERED,NORMAL,1,Auto-generated for replenishing Lap Sponge 30x30cm. Days remaining: 6.6,2,1,2025-10-21T00:00:00+00:00,2025-10-20T00:00:00+00:00,2025-10-24T00:00:00+00:00
328,7,2025-10-20T00:00:00+00:00,2025-10-23T00:00:00+00:00,DELIVERED,NORMAL,1,Auto-generated for replenishing IV Cannula 22G. Days remaining: 6.5,2,1,2025-10-20T00:00:00+00:00,2025-10-20T00:00:00+00:00,2025-10-23T00:00:00+00:00
329,7,2025-10-20T00:00:00+00:00,2025-10-23T00:00:00+00:00,DELIVERED,NORMAL,1,Auto-generated for replenishing Tramadol 50mg. Days remaining: 6.9,2,1,2025-10-20T00:00:00+00:00,2025-10-20T00:00:00+00:00,2025-10-23T00:00:00+00:00
330,11,2025-10-20T00:00:00+00:00,2025-10-24T00:00:00+00:00,DELIVERED,NORMAL,1,Auto-generated for replenishing Metformin 500mg. Days remaining: 6.5,2,1,2025-10-21T00:00:00+00:00,2025-10-20T00:00:00+00:00,2025-10-24T00:00:00+00:00
331,10,2025-10-20T00:00:00+00:00,2025-10-28T00:00:00+00:00,DELIVERED,NORMAL,1,Auto-generated for replenishing Amoxicillin 500mg. Days remaining: 5.8,2,1,2025-10-25T00:00:00+00:00,2025-10-20T00:00:00+00:00,2025-10-28T00:00:00+00:00
332,15,2025-10-20T00:00:00+00:00,2025-10-27T00:00:00+00:00,DELIVERED,NORMAL,1,Auto-generated for replenishing Nitrile Gloves (L). Days remaining: 6.8,2,1,2025-10-24T00:00:00+00:00,2025-10-20T00:00:00+00:00,2025-10-27T00:00:00+00:00
333,4,2025-10-21T00:00:00+00:00,2025-10-31T00:00:00+00:00,DELIVERED,NORMAL,1,Auto-generated for replenishing Pregnancy Test Cassette. Days remaining: 6.2,2,1,2025-10-28T00:00:00+00:00,2025-10-21T00:00:00+00:00,2025-10-31T00:00:00+00:00
334,13,2025-10-21T00:00:00+00:00,2025-10-27T00:00:00+00:00,DELIVERED,NORMAL,1,Auto-generated for replenishing Suction Yankauer Tip. Days remaining: 6.7,2,1,2025-10-24T00:00:00+00:00,2025-10-21T00:00:00+00:00,2025-10-27T00:00:00+00:00
335,11,2025-10-21T00:00:00+00:00,2025-10-25T00:00:00+00:00,DELIVERED,NORMAL,1,Auto-generated for replenishing Bandage Roll 3-inch. Days remaining: 6.1,2,1,2025-10-22T00:00:00+00:00,2025-10-21T00:00:00+00:00,2025-10-25T00:00:00+00:00
336,2,2025-10-21T00:00:00+00:00,2025-10-25T00:00:00+00:00,DELIVERED,NORMAL,1,Auto-generated for replenishing IV Infusion Set. Days remaining: 6.1,2,1,2025-10-22T00:00:00+00:00,2025-10-21T00:00:00+00:00,2025-10-25T00:00:00+00:00
337,13,2025-10-22T00:00:00+00:00,2025-10-28T00:00:00+00:00,DELIVERED,NORMAL,1,Auto-generated for replenishing Levothyroxine 50mcg. Days remaining: 6.3,2,1,2025-10-25T00:00:00+00:00,2025-10-22T00:00:00+00:00,2025-10-28T00:00:00+00:00
338,2,2025-10-22T00:00:00+00:00,2025-10-26T00:00:00+00:00,DELIVERED,NORMAL,1,Auto-generated for replenishing Atorvastatin 20mg. Days remaining: 6.8,2,1,2025-10-23T00:00:00+00:00,2025-10-22T00:00:00+00:00,2025-10-26T00:00:00+00:00
339,3,2025-10-22T00:00:00+00:00,2025-10-25T00:00:00+00:00,DELIVERED,NORMAL,1,Auto-generated for replenishing CRP Latex Slide Kit. Days remaining: 7.0,2,1,2025-10-22T00:00:00+00:00,2025-10-22T00:00:00+00:00,2025-10-25T00:00:00+00:00
340,10,2025-10-22T00:00:00+00:00,2025-10-30T00:00:00+00:00,DELIVERED,NORMAL,1,Auto-generated for replenishing Clopidogrel 75mg. Days remaining: 6.1,2,1,2025-10-27T00:00:00+00:00,2025-10-22T00:00:00+00:00,2025-10-30T00:00:00+00:00
341,10,2025-10-23T00:00:00+00:00,2025-10-31T00:00:00+00:00,DELIVERED,NORMAL,1,Auto-generated for replenishing Surgical Tape 2-inch. Days remaining: 6.6,2,1,2025-10-28T00:00:00+00:00,2025-10-23T00:00:00+00:00,2025-10-31T00:00:00+00:00
342,14,2025-10-23T00:00:00+00:00,2025-10-31T00:00:00+00:00,DELIVERED,NORMAL,1,Auto-generated for replenishing Surgical Gown Sterile. Days remaining: 6.6,2,1,2025-10-28T00:00:00+00:00,2025-10-23T00:00:00+00:00,2025-10-31T00:00:00+00:00
343,13,2025-10-23T00:00:00+00:00,2025-10-29T00:00:00+00:00,DELIVERED,NORMAL,1,Auto-generated for replenishing Nitrile Gloves (S). Days remaining: 6.6,2,1,2025-10-26T00:00:00+00:00,2025-10-23T00:00:00+00:00,2025-10-29T00:00:00+00:00
344,6,2025-10-23T00:00:00+00:00,2025-10-27T00:00:00+00:00,DELIVERED,NORMAL,1,Auto-generated for replenishing Shoe Covers Disposable. Days remaining: 6.2,2,1,2025-10-24T00:00:00+00:00,2025-10-23T00:00:00+00:00,2025-10-27T00:00:00+00:00
345,5,2025-10-23T00:00:00+00:00,2025-11-01T00:00:00+00:00,DELIVERED,NORMAL,1,Auto-generated for replenishing Staple Remover. Days remaining: 5.9,2,1,2025-10-29T00:00:00+00:00,2025-10-23T00:00:00+00:00,2025-11-01T00:00:00+00:00
346,14,2025-10-23T00:00:00+00:00,2025-10-31T00:00:00+00:00,DELIVERED,NORMAL,1,Auto-generated for replenishing Surgical Blades #10. Days remaining: 6.5,2,1,2025-10-28T00:00:00+00:00,2025-10-23T00:00:00+00:00,2025-10-31T00:00:00+00:00
347,7,2025-10-24T00:00:00+00:00,2025-10-27T00:00:00+00:00,DELIVERED,NORMAL,1,Auto-generated for replenishing N95 Respirator Mask. Days remaining: 6.7,2,1,2025-10-24T00:00:00+00:00,2025-10-24T00:00:00+00:00,2025-10-27T00:00:00+00:00
348,12,2025-10-24T00:00:00+00:00,2025-10-31T00:00:00+00:00,DELIVERED,NORMAL,1,Auto-generated for replenishing Foley Catheter Fr18. Days remaining: 6.9,2,1,2025-10-28T00:00:00+00:00,2025-10-24T00:00:00+00:00,2025-10-31T00:00:00+00:00
349,8,2025-10-24T00:00:00+00:00,2025-11-01T00:00:00+00:00,DELIVERED,NORMAL,1,Auto-generated for replenishing Serum Sep Tubes (SST). Days remaining: 6.5,2,1,2025-10-29T00:00:00+00:00,2025-10-24T00:00:00+00:00,2025-11-01T00:00:00+00:00
350,10,2025-10-25T00:00:00+00:00,2025-11-02T00:00:00+00:00,DELIVERED,NORMAL,1,Auto-generated for replenishing Azithromycin 250mg. Days remaining: 6.2,2,1,2025-10-30T00:00:00+00:00,2025-10-25T00:00:00+00:00,2025-11-02T00:00:00+00:00
351,15,2025-10-25T00:00:00+00:00,2025-11-01T00:00:00+00:00,DELIVERED,NORMAL,1,Auto-generated for replenishing Latex Gloves (S). Days remaining: 7.0,2,1,2025-10-29T00:00:00+00:00,2025-10-25T00:00:00+00:00,2025-11-01T00:00:00+00:00
352,10,2025-10-25T00:00:00+00:00,2025-11-02T00:00:00+00:00,DELIVERED,NORMAL,1,Auto-generated for replenishing Pregnancy Test HCG. Days remaining: 6.5,2,1,2025-10-30T00:00:00+00:00,2025-10-25T00:00:00+00:00,2025-11-02T00:00:00+00:00
353,4,2025-10-25T00:00:00+00:00,2025-11-04T00:00:00+00:00,DELIVERED,NORMAL,1,Auto-generated for replenishing Disinfectant Wipes. Days remaining: 7.0,2,1,2025-11-01T00:00:00+00:00,2025-10-25T00:00:00+00:00,2025-11-04T00:00:00+00:00
354,6,2025-10-25T00:00:00+00:00,2025-10-29T00:00:00+00:00,DELIVERED,NORMAL,1,Auto-generated for replenishing Microscope Slides. Days remaining: 6.7,2,1,2025-10-26T00:00:00+00:00,2025-10-25T00:00:00+00:00,2025-10-29T00:00:00+00:00
355,6,2025-10-26T00:00:00+00:00,2025-10-30T00:00:00+00:00,DELIVERED,NORMAL,1,Auto-generated for replenishing D-Dimer Test Kits. Days remaining: 6.7,2,1,2025-10-27T00:00:00+00:00,2025-10-26T00:00:00+00:00,2025-10-30T00:00:00+00:00
356,12,2025-10-26T00:00:00+00:00,2025-11-02T00:00:00+00:00,DELIVERED,NORMAL,1,Auto-generated for replenishing Alcohol Prep Pads. Days remaining: 6.7,2,1,2025-10-30T00:00:00+00:00,2025-10-26T00:00:00+00:00,2025-11-02T00:00:00+00:00
357,10,2025-10-26T00:00:00+00:00,2025-11-03T00:00:00+00:00,DELIVERED,NORMAL,1,Auto-generated for replenishing Hand Sanitizer 100ml. Days remaining: 6.8,2,1,2025-10-31T00:00:00+00:00,2025-10-26T00:00:00+00:00,2025-11-03T00:00:00+00:00
358,8,2025-10-27T00:00:00+00:00,2025-11-04T00:00:00+00:00,DELIVERED,NORMAL,1,Auto-generated for replenishing Vicryl Suture 2-0. Days remaining: 7.0,2,1,2025-11-01T00:00:00+00:00,2025-10-27T00:00:00+00:00,2025-11-04T00:00:00+00:00
359,6,2025-10-27T00:00:00+00:00,2025-10-31T00:00:00+00:00,DELIVERED,NORMAL,1,Auto-generated for replenishing Pipette Tips 1000uL. Days remaining: 7.0,2,1,2025-10-28T00:00:00+00:00,2025-10-27T00:00:00+00:00,2025-10-31T00:00:00+00:00
360,12,2025-10-28T00:00:00+00:00,2025-11-04T00:00:00+00:00,DELIVERED,NORMAL,1,Auto-generated for replenishing Bouffant Caps Blue. Days remaining: 6.3,2,1,2025-11-01T00:00:00+00:00,2025-10-28T00:00:00+00:00,2025-11-04T00:00:00+00:00
361,11,2025-10-28T00:00:00+00:00,2025-11-01T00:00:00+00:00,DELIVERED,NORMAL,1,Auto-generated for replenishing Aprons Waterproof. Days remaining: 6.5,2,1,2025-10-29T00:00:00+00:00,2025-10-28T00:00:00+00:00,2025-11-01T00:00:00+00:00
362,8,2025-10-29T00:00:00+00:00,2025-11-06T00:00:00+00:00,DELIVERED,NORMAL,1,Auto-generated for replenishing Vicryl Suture 3-0. Days remaining: 6.3,2,1,2025-11-03T00:00:00+00:00,2025-10-29T00:00:00+00:00,2025-11-06T00:00:00+00:00
363,14,2025-10-29T00:00:00+00:00,2025-11-06T00:00:00+00:00,DELIVERED,NORMAL,1,Auto-generated for replenishing Surgical Blades #22. Days remaining: 7.0,2,1,2025-11-03T00:00:00+00:00,2025-10-29T00:00:00+00:00,2025-11-06T00:00:00+00:00
364,9,2025-10-29T00:00:00+00:00,2025-11-05T00:00:00+00:00,DELIVERED,NORMAL,1,Auto-generated for replenishing Silk Suture 3-0. Days remaining: 7.0,2,1,2025-11-02T00:00:00+00:00,2025-10-29T00:00:00+00:00,2025-11-05T00:00:00+00:00
365,13,2025-10-29T00:00:00+00:00,2025-11-04T00:00:00+00:00,DELIVERED,NORMAL,1,Auto-generated for replenishing Sodium Citrate Tubes. Days remaining: 6.1,2,1,2025-11-01T00:00:00+00:00,2025-10-29T00:00:00+00:00,2025-11-04T00:00:00+00:00
366,11,2025-10-30T00:00:00+00:00,2025-11-03T00:00:00+00:00,DELIVERED,NORMAL,1,Auto-generated for replenishing Syringes (2ml). Days remaining: 6.9,2,1,2025-10-31T00:00:00+00:00,2025-10-30T00:00:00+00:00,2025-11-03T00:00:00+00:00
367,6,2025-10-30T00:00:00+00:00,2025-11-03T00:00:00+00:00,DELIVERED,NORMAL,1,Auto-generated for replenishing HCV Rapid Test Kits. Days remaining: 6.8,2,1,2025-10-31T00:00:00+00:00,2025-10-30T00:00:00+00:00,2025-11-03T00:00:00+00:00
368,13,2025-10-30T00:00:00+00:00,2025-11-05T00:00:00+00:00,DELIVERED,NORMAL,1,Auto-generated for replenishing Malaria Antigen Kit. Days remaining: 6.6,2,1,2025-11-02T00:00:00+00:00,2025-10-30T00:00:00+00:00,2025-11-05T00:00:00+00:00
369,1,2025-10-30T00:00:00+00:00,2025-11-03T00:00:00+00:00,DELIVERED,NORMAL,1,Auto-generated for replenishing Metoprolol 25mg. Days remaining: 6.7,2,1,2025-10-31T00:00:00+00:00,2025-10-30T00:00:00+00:00,2025-11-03T00:00:00+00:00
370,7,2025-10-30T00:00:00+00:00,2025-11-02T00:00:00+00:00,DELIVERED,NORMAL,1,Auto-generated for replenishing Bandage Roll 4-inch. Days remaining: 6.0,2,1,2025-10-30T00:00:00+00:00,2025-10-30T00:00:00+00:00,2025-11-02T00:00:00+00:00
371,7,2025-10-30T00:00:00+00:00,2025-11-02T00:00:00+00:00,DELIVERED,NORMAL,1,Auto-generated for replenishing Latex Gloves (L). Days remaining: 6.4,2,1,2025-10-30T00:00:00+00:00,2025-10-30T00:00:00+00:00,2025-11-02T00:00:00+00:00
372,9,2025-10-30T00:00:00+00:00,2025-11-06T00:00:00+00:00,DELIVERED,NORMAL,1,Auto-generated for replenishing Rheumatoid Factor Kit. Days remaining: 7.0,2,1,2025-11-03T00:00:00+00:00,2025-10-30T00:00:00+00:00,2025-11-06T00:00:00+00:00
373,13,2025-10-31T00:00:00+00:00,2025-11-06T00:00:00+00:00,DELIVERED,NORMAL,1,Auto-generated for replenishing Universal Drape Pack. Days remaining: 6.8,2,1,2025-11-03T00:00:00+00:00,2025-10-31T00:00:00+00:00,2025-11-06T00:00:00+00:00
374,13,2025-10-31T00:00:00+00:00,2025-11-06T00:00:00+00:00,DELIVERED,NORMAL,1,Auto-generated for replenishing Ibuprofen 400mg. Days remaining: 6.3,2,1,2025-11-03T00:00:00+00:00,2025-10-31T00:00:00+00:00,2025-11-06T00:00:00+00:00
375,4,2025-10-31T00:00:00+00:00,2025-11-10T00:00:00+00:00,DELIVERED,NORMAL,1,Auto-generated for replenishing Albuterol Inhaler. Days remaining: 6.1,2,1,2025-11-07T00:00:00+00:00,2025-10-31T00:00:00+00:00,2025-11-10T00:00:00+00:00
376,9,2025-10-31T00:00:00+00:00,2025-11-07T00:00:00+00:00,DELIVERED,NORMAL,1,Auto-generated for replenishing Sterile Water 10ml. Days remaining: 7.0,2,1,2025-11-04T00:00:00+00:00,2025-10-31T00:00:00+00:00,2025-11-07T00:00:00+00:00
377,1,2025-11-01T00:00:00+00:00,2025-11-05T00:00:00+00:00,DELIVERED,NORMAL,1,Auto-generated for replenishing Cotton Wool Rolls. Days remaining: 6.8,2,1,2025-11-02T00:00:00+00:00,2025-11-01T00:00:00+00:00,2025-11-05T00:00:00+00:00
378,10,2025-11-01T00:00:00+00:00,2025-11-09T00:00:00+00:00,DELIVERED,NORMAL,1,Auto-generated for replenishing Nitrile Gloves (M). Days remaining: 6.7,2,1,2025-11-06T00:00:00+00:00,2025-11-01T00:00:00+00:00,2025-11-09T00:00:00+00:00
379,12,2025-11-02T00:00:00+00:00,2025-11-09T00:00:00+00:00,DELIVERED,NORMAL,1,Auto-generated for replenishing Cetirizine 10mg. Days remaining: 5.7,2,1,2025-11-06T00:00:00+00:00,2025-11-02T00:00:00+00:00,2025-11-09T00:00:00+00:00
380,9,2025-11-02T00:00:00+00:00,2025-11-09T00:00:00+00:00,DELIVERED,NORMAL,1,Auto-generated for replenishing Hand Sanitizer 500ml. Days remaining: 6.2,2,1,2025-11-06T00:00:00+00:00,2025-11-02T00:00:00+00:00,2025-11-09T00:00:00+00:00
381,7,2025-11-03T00:00:00+00:00,2025-11-06T00:00:00+00:00,DELIVERED,NORMAL,1,Auto-generated for replenishing Paracetamol 500mg. Days remaining: 6.6,2,1,2025-11-03T00:00:00+00:00,2025-11-03T00:00:00+00:00,2025-11-06T00:00:00+00:00
382,3,2025-11-03T00:00:00+00:00,2025-11-06T00:00:00+00:00,DELIVERED,NORMAL,1,Auto-generated for replenishing IV Cannula 18G. Days remaining: 6.4,2,1,2025-11-03T00:00:00+00:00,2025-11-03T00:00:00+00:00,2025-11-06T00:00:00+00:00
383,5,2025-11-03T00:00:00+00:00,2025-11-12T00:00:00+00:00,DELIVERED,NORMAL,1,Auto-generated for replenishing Disposable Scalpel #15. Days remaining: 7.0,2,1,2025-11-09T00:00:00+00:00,2025-11-03T00:00:00+00:00,2025-11-12T00:00:00+00:00
384,15,2025-11-03T00:00:00+00:00,2025-11-10T00:00:00+00:00,DELIVERED,NORMAL,1,Auto-generated for replenishing Monocryl Suture 4-0. Days remaining: 6.7,2,1,2025-11-07T00:00:00+00:00,2025-11-03T00:00:00+00:00,2025-11-10T00:00:00+00:00
385,14,2025-11-03T00:00:00+00:00,2025-11-11T00:00:00+00:00,DELIVERED,NORMAL,1,Auto-generated for replenishing Losartan 50mg. Days remaining: 6.5,2,1,2025-11-08T00:00:00+00:00,2025-11-03T00:00:00+00:00,2025-11-11T00:00:00+00:00
386,2,2025-11-03T00:00:00+00:00,2025-11-07T00:00:00+00:00,DELIVERED,NORMAL,1,Auto-generated for replenishing Prednisone 10mg. Days remaining: 6.2,2,1,2025-11-04T00:00:00+00:00,2025-11-03T00:00:00+00:00,2025-11-07T00:00:00+00:00
387,12,2025-11-04T00:00:00+00:00,2025-11-11T00:00:00+00:00,DELIVERED,NORMAL,1,Auto-generated for replenishing Suction Tubing 3m. Days remaining: 6.5,2,1,2025-11-08T00:00:00+00:00,2025-11-04T00:00:00+00:00,2025-11-11T00:00:00+00:00
388,8,2025-11-04T00:00:00+00:00,2025-11-12T00:00:00+00:00,DELIVERED,NORMAL,1,Auto-generated for replenishing Gauze Swabs 10x10cm. Days remaining: 6.5,2,1,2025-11-09T00:00:00+00:00,2025-11-04T00:00:00+00:00,2025-11-12T00:00:00+00:00
389,5,2025-11-04T00:00:00+00:00,2025-11-13T00:00:00+00:00,DELIVERED,NORMAL,1,Auto-generated for replenishing 3-Ply Surgical Mask. Days remaining: 6.5,2,1,2025-11-10T00:00:00+00:00,2025-11-04T00:00:00+00:00,2025-11-13T00:00:00+00:00
390,10,2025-11-04T00:00:00+00:00,2025-11-12T00:00:00+00:00,DELIVERED,NORMAL,1,Auto-generated for replenishing EDTA Blood Tubes (K2). Days remaining: 6.0,2,1,2025-11-09T00:00:00+00:00,2025-11-04T00:00:00+00:00,2025-11-12T00:00:00+00:00
391,5,2025-11-05T00:00:00+00:00,2025-11-14T00:00:00+00:00,DELIVERED,NORMAL,1,Auto-generated for replenishing Biohazard Bags Medium. Days remaining: 6.6,2,1,2025-11-11T00:00:00+00:00,2025-11-05T00:00:00+00:00,2025-11-14T00:00:00+00:00
392,5,2025-11-05T00:00:00+00:00,2025-11-14T00:00:00+00:00,DELIVERED,NORMAL,1,Auto-generated for replenishing Pantoprazole 40mg. Days remaining: 6.2,2,1,2025-11-11T00:00:00+00:00,2025-11-05T00:00:00+00:00,2025-11-14T00:00:00+00:00
393,15,2025-11-05T00:00:00+00:00,2025-11-12T00:00:00+00:00,DELIVERED,NORMAL,1,Auto-generated for replenishing Montelukast 10mg. Days remaining: 6.2,2,1,2025-11-09T00:00:00+00:00,2025-11-05T00:00:00+00:00,2025-11-12T00:00:00+00:00
394,6,2025-11-05T00:00:00+00:00,2025-11-09T00:00:00+00:00,DELIVERED,NORMAL,1,Auto-generated for replenishing Protective Goggles. Days remaining: 7.0,2,1,2025-11-06T00:00:00+00:00,2025-11-05T00:00:00+00:00,2025-11-09T00:00:00+00:00
395,11,2025-11-05T00:00:00+00:00,2025-11-09T00:00:00+00:00,DELIVERED,NORMAL,1,Auto-generated for replenishing Biohazard Bags Large. Days remaining: 6.5,2,1,2025-11-06T00:00:00+00:00,2025-11-05T00:00:00+00:00,2025-11-09T00:00:00+00:00
396,3,2025-11-05T00:00:00+00:00,2025-11-08T00:00:00+00:00,DELIVERED,NORMAL,1,Auto-generated for replenishing Amlodipine 5mg. Days remaining: 6.2,2,1,2025-11-05T00:00:00+00:00,2025-11-05T00:00:00+00:00,2025-11-08T00:00:00+00:00
397,13,2025-11-05T00:00:00+00:00,2025-11-11T00:00:00+00:00,DELIVERED,NORMAL,1,Auto-generated for replenishing Silk Suture 2-0. Days remaining: 6.2,2,1,2025-11-08T00:00:00+00:00,2025-11-05T00:00:00+00:00,2025-11-11T00:00:00+00:00
398,10,2025-11-06T00:00:00+00:00,2025-11-14T00:00:00+00:00,DELIVERED,NORMAL,1,Auto-generated for replenishing Foley Catheter Fr16. Days remaining: 6.4,2,1,2025-11-11T00:00:00+00:00,2025-11-06T00:00:00+00:00,2025-11-14T00:00:00+00:00
399,4,2025-11-06T00:00:00+00:00,2025-11-16T00:00:00+00:00,DELIVERED,NORMAL,1,Auto-generated for replenishing Gabapentin 300mg. Days remaining: 7.0,2,1,2025-11-13T00:00:00+00:00,2025-11-06T00:00:00+00:00,2025-11-16T00:00:00+00:00
400,7,2025-11-06T00:00:00+00:00,2025-11-09T00:00:00+00:00,DELIVERED,NORMAL,1,Auto-generated for replenishing Syringes (10ml). Days remaining: 6.6,2,1,2025-11-06T00:00:00+00:00,2025-11-06T00:00:00+00:00,2025-11-09T00:00:00+00:00
401,12,2025-11-06T00:00:00+00:00,2025-11-13T00:00:00+00:00,DELIVERED,NORMAL,1,Auto-generated for replenishing Urine Dipsticks 10T. Days remaining: 7.0,2,1,2025-11-10T00:00:00+00:00,2025-11-06T00:00:00+00:00,2025-11-13T00:00:00+00:00
402,3,2025-11-06T00:00:00+00:00,2025-11-09T00:00:00+00:00,DELIVERED,NORMAL,1,Auto-generated for replenishing Ringer Lactate 500ml. Days remaining: 6.6,2,1,2025-11-06T00:00:00+00:00,2025-11-06T00:00:00+00:00,2025-11-09T00:00:00+00:00
403,8,2025-11-07T00:00:00+00:00,2025-11-15T00:00:00+00:00,DELIVERED,NORMAL,1,Auto-generated for replenishing Blood Culture Bottles. Days remaining: 7.0,2,1,2025-11-12T00:00:00+00:00,2025-11-07T00:00:00+00:00,2025-11-15T00:00:00+00:00
404,11,2025-11-07T00:00:00+00:00,2025-11-11T00:00:00+00:00,DELIVERED,NORMAL,1,Auto-generated for replenishing Metformin 500mg. Days remaining: 6.2,2,1,2025-11-08T00:00:00+00:00,2025-11-07T00:00:00+00:00,2025-11-11T00:00:00+00:00
405,7,2025-11-07T00:00:00+00:00,2025-11-10T00:00:00+00:00,DELIVERED,NORMAL,1,Auto-generated for replenishing Glucose Test Strips. Days remaining: 6.6,2,1,2025-11-07T00:00:00+00:00,2025-11-07T00:00:00+00:00,2025-11-10T00:00:00+00:00
406,7,2025-11-07T00:00:00+00:00,2025-11-10T00:00:00+00:00,DELIVERED,NORMAL,1,Auto-generated for replenishing IV Cannula 22G. Days remaining: 6.4,2,1,2025-11-07T00:00:00+00:00,2025-11-07T00:00:00+00:00,2025-11-10T00:00:00+00:00
407,15,2025-11-08T00:00:00+00:00,2025-11-15T00:00:00+00:00,DELIVERED,NORMAL,1,Auto-generated for replenishing Disposable Scalpel #11. Days remaining: 6.5,2,1,2025-11-12T00:00:00+00:00,2025-11-08T00:00:00+00:00,2025-11-15T00:00:00+00:00
408,13,2025-11-08T00:00:00+00:00,2025-11-14T00:00:00+00:00,DELIVERED,NORMAL,1,Auto-generated for replenishing Vicryl Suture 4-0. Days remaining: 6.8,2,1,2025-11-11T00:00:00+00:00,2025-11-08T00:00:00+00:00,2025-11-14T00:00:00+00:00
409,14,2025-11-08T00:00:00+00:00,2025-11-16T00:00:00+00:00,DELIVERED,NORMAL,1,Auto-generated for replenishing Normal Saline 500ml. Days remaining: 6.8,2,1,2025-11-13T00:00:00+00:00,2025-11-08T00:00:00+00:00,2025-11-16T00:00:00+00:00
410,3,2025-11-08T00:00:00+00:00,2025-11-11T00:00:00+00:00,DELIVERED,NORMAL,1,Auto-generated for replenishing Skin Marker Pen. Days remaining: 6.4,2,1,2025-11-08T00:00:00+00:00,2025-11-08T00:00:00+00:00,2025-11-11T00:00:00+00:00
411,8,2025-11-08T00:00:00+00:00,2025-11-16T00:00:00+00:00,DELIVERED,NORMAL,1,Auto-generated for replenishing Bone Wax 2.5g. Days remaining: 7.0,2,1,2025-11-13T00:00:00+00:00,2025-11-08T00:00:00+00:00,2025-11-16T00:00:00+00:00
412,13,2025-11-08T00:00:00+00:00,2025-11-14T00:00:00+00:00,DELIVERED,NORMAL,1,Auto-generated for replenishing Suction Yankauer Tip. Days remaining: 7.0,2,1,2025-11-11T00:00:00+00:00,2025-11-08T00:00:00+00:00,2025-11-14T00:00:00+00:00
413,10,2025-11-09T00:00:00+00:00,2025-11-17T00:00:00+00:00,DELIVERED,NORMAL,1,Auto-generated for replenishing Troponin I Rapid Kit. Days remaining: 6.0,2,1,2025-11-14T00:00:00+00:00,2025-11-09T00:00:00+00:00,2025-11-17T00:00:00+00:00
414,1,2025-11-09T00:00:00+00:00,2025-11-13T00:00:00+00:00,DELIVERED,NORMAL,1,Auto-generated for replenishing Lap Sponge 30x30cm. Days remaining: 6.5,2,1,2025-11-10T00:00:00+00:00,2025-11-09T00:00:00+00:00,2025-11-13T00:00:00+00:00
415,14,2025-11-09T00:00:00+00:00,2025-11-17T00:00:00+00:00,DELIVERED,NORMAL,1,Auto-generated for replenishing Syringes (5ml). Days remaining: 6.0,2,1,2025-11-14T00:00:00+00:00,2025-11-09T00:00:00+00:00,2025-11-17T00:00:00+00:00
416,2,2025-11-09T00:00:00+00:00,2025-11-13T00:00:00+00:00,DELIVERED,NORMAL,1,Auto-generated for replenishing IV Infusion Set. Days remaining: 7.0,2,1,2025-11-10T00:00:00+00:00,2025-11-09T00:00:00+00:00,2025-11-13T00:00:00+00:00
417,14,2025-11-09T00:00:00+00:00,2025-11-17T00:00:00+00:00,DELIVERED,NORMAL,1,Auto-generated for replenishing Surgical Stapler. Days remaining: 6.6,2,1,2025-11-14T00:00:00+00:00,2025-11-09T00:00:00+00:00,2025-11-17T00:00:00+00:00
418,2,2025-11-09T00:00:00+00:00,2025-11-13T00:00:00+00:00,DELIVERED,NORMAL,1,Auto-generated for replenishing Latex Gloves (M). Days remaining: 6.3,2,1,2025-11-10T00:00:00+00:00,2025-11-09T00:00:00+00:00,2025-11-13T00:00:00+00:00
419,15,2025-11-09T00:00:00+00:00,2025-11-16T00:00:00+00:00,DELIVERED,NORMAL,1,Auto-generated for replenishing Urine Drainage Bag. Days remaining: 6.5,2,1,2025-11-13T00:00:00+00:00,2025-11-09T00:00:00+00:00,2025-11-16T00:00:00+00:00
420,4,2025-11-10T00:00:00+00:00,2025-11-20T00:00:00+00:00,DELIVERED,NORMAL,1,Auto-generated for replenishing Warfarin 5mg. Days remaining: 6.2,2,1,2025-11-17T00:00:00+00:00,2025-11-10T00:00:00+00:00,2025-11-20T00:00:00+00:00
421,2,2025-11-10T00:00:00+00:00,2025-11-14T00:00:00+00:00,DELIVERED,NORMAL,1,Auto-generated for replenishing Blood Grouping Anti-A. Days remaining: 7.0,2,1,2025-11-11T00:00:00+00:00,2025-11-10T00:00:00+00:00,2025-11-14T00:00:00+00:00
422,8,2025-11-10T00:00:00+00:00,2025-11-18T00:00:00+00:00,DELIVERED,NORMAL,1,Auto-generated for replenishing C-Section Drape. Days remaining: 6.3,2,1,2025-11-15T00:00:00+00:00,2025-11-10T00:00:00+00:00,2025-11-18T00:00:00+00:00
423,5,2025-11-11T00:00:00+00:00,2025-11-20T00:00:00+00:00,DELIVERED,NORMAL,1,Auto-generated for replenishing Face Shield Clear. Days remaining: 6.8,2,1,2025-11-17T00:00:00+00:00,2025-11-11T00:00:00+00:00,2025-11-20T00:00:00+00:00
424,1,2025-11-11T00:00:00+00:00,2025-11-15T00:00:00+00:00,DELIVERED,NORMAL,1,Auto-generated for replenishing Disposable Gown Blue. Days remaining: 7.0,2,1,2025-11-12T00:00:00+00:00,2025-11-11T00:00:00+00:00,2025-11-15T00:00:00+00:00
425,10,2025-11-11T00:00:00+00:00,2025-11-19T00:00:00+00:00,DELIVERED,NORMAL,1,Auto-generated for replenishing Amoxicillin 500mg. Days remaining: 6.7,2,1,2025-11-16T00:00:00+00:00,2025-11-11T00:00:00+00:00,2025-11-19T00:00:00+00:00
426,10,2025-11-11T00:00:00+00:00,2025-11-19T00:00:00+00:00,DELIVERED,NORMAL,1,Auto-generated for replenishing Clopidogrel 75mg. Days remaining: 6.3,2,1,2025-11-16T00:00:00+00:00,2025-11-11T00:00:00+00:00,2025-11-19T00:00:00+00:00
427,11,2025-11-11T00:00:00+00:00,2025-11-15T00:00:00+00:00,DELIVERED,NORMAL,1,Auto-generated for replenishing Pipette Tips 200uL. Days remaining: 6.5,2,1,2025-11-12T00:00:00+00:00,2025-11-11T00:00:00+00:00,2025-11-15T00:00:00+00:00
428,15,2025-11-11T00:00:00+00:00,2025-11-18T00:00:00+00:00,DELIVERED,NORMAL,1,Auto-generated for replenishing Epidural Needle 18G. Days remaining: 6.2,2,1,2025-11-15T00:00:00+00:00,2025-11-11T00:00:00+00:00,2025-11-18T00:00:00+00:00
429,5,2025-11-11T00:00:00+00:00,2025-11-20T00:00:00+00:00,DELIVERED,NORMAL,1,Auto-generated for replenishing Staple Remover. Days remaining: 6.4,2,1,2025-11-17T00:00:00+00:00,2025-11-11T00:00:00+00:00,2025-11-20T00:00:00+00:00
430,8,2025-11-12T00:00:00+00:00,2025-11-20T00:00:00+00:00,DELIVERED,NORMAL,1,Auto-generated for replenishing Serum Sep Tubes (SST). Days remaining: 6.3,2,1,2025-11-17T00:00:00+00:00,2025-11-12T00:00:00+00:00,2025-11-20T00:00:00+00:00
431,1,2025-11-12T00:00:00+00:00,2025-11-16T00:00:00+00:00,DELIVERED,NORMAL,1,Auto-generated for replenishing Syphilis Test Kits. Days remaining: 6.5,2,1,2025-11-13T00:00:00+00:00,2025-11-12T00:00:00+00:00,2025-11-16T00:00:00+00:00
432,7,2025-11-12T00:00:00+00:00,2025-11-15T00:00:00+00:00,DELIVERED,NORMAL,1,Auto-generated for replenishing IV Cannula 20G. Days remaining: 7.0,2,1,2025-11-12T00:00:00+00:00,2025-11-12T00:00:00+00:00,2025-11-15T00:00:00+00:00
433,9,2025-11-12T00:00:00+00:00,2025-11-19T00:00:00+00:00,DELIVERED,NORMAL,1,Auto-generated for replenishing Omeprazole 20mg. Days remaining: 5.8,2,1,2025-11-16T00:00:00+00:00,2025-11-12T00:00:00+00:00,2025-11-19T00:00:00+00:00
434,15,2025-11-12T00:00:00+00:00,2025-11-19T00:00:00+00:00,DELIVERED,NORMAL,1,Auto-generated for replenishing Nitrile Gloves (L). Days remaining: 6.9,2,1,2025-11-16T00:00:00+00:00,2025-11-12T00:00:00+00:00,2025-11-19T00:00:00+00:00
435,11,2025-11-13T00:00:00+00:00,2025-11-17T00:00:00+00:00,DELIVERED,NORMAL,1,Auto-generated for replenishing Bandage Roll 3-inch. Days remaining: 6.8,2,1,2025-11-14T00:00:00+00:00,2025-11-13T00:00:00+00:00,2025-11-17T00:00:00+00:00
436,14,2025-11-13T00:00:00+00:00,2025-11-21T00:00:00+00:00,DELIVERED,NORMAL,1,Auto-generated for replenishing Surgical Gown Sterile. Days remaining: 5.9,2,1,2025-11-18T00:00:00+00:00,2025-11-13T00:00:00+00:00,2025-11-21T00:00:00+00:00
437,13,2025-11-13T00:00:00+00:00,2025-11-19T00:00:00+00:00,DELIVERED,NORMAL,1,Auto-generated for replenishing Levothyroxine 50mcg. Days remaining: 6.3,2,1,2025-11-16T00:00:00+00:00,2025-11-13T00:00:00+00:00,2025-11-19T00:00:00+00:00
438,13,2025-11-13T00:00:00+00:00,2025-11-19T00:00:00+00:00,DELIVERED,NORMAL,1,Auto-generated for replenishing Nitrile Gloves (S). Days remaining: 6.4,2,1,2025-11-16T00:00:00+00:00,2025-11-13T00:00:00+00:00,2025-11-19T00:00:00+00:00
439,12,2025-11-14T00:00:00+00:00,2025-11-21T00:00:00+00:00,DELIVERED,NORMAL,1,Auto-generated for replenishing Foley Catheter Fr18. Days remaining: 6.8,2,1,2025-11-18T00:00:00+00:00,2025-11-14T00:00:00+00:00,2025-11-21T00:00:00+00:00
440,2,2025-11-14T00:00:00+00:00,2025-11-18T00:00:00+00:00,DELIVERED,NORMAL,1,Auto-generated for replenishing HIV Rapid Test Kits. Days remaining: 7.0,2,1,2025-11-15T00:00:00+00:00,2025-11-14T00:00:00+00:00,2025-11-18T00:00:00+00:00
441,10,2025-11-15T00:00:00+00:00,2025-11-23T00:00:00+00:00,DELIVERED,NORMAL,1,Auto-generated for replenishing Surgical Tape 2-inch. Days remaining: 6.6,2,1,2025-11-20T00:00:00+00:00,2025-11-15T00:00:00+00:00,2025-11-23T00:00:00+00:00
442,4,2025-11-15T00:00:00+00:00,2025-11-25T00:00:00+00:00,DELIVERED,NORMAL,1,Auto-generated for replenishing Pregnancy Test Cassette. Days remaining: 6.8,2,1,2025-11-22T00:00:00+00:00,2025-11-15T00:00:00+00:00,2025-11-25T00:00:00+00:00
443,2,2025-11-16T00:00:00+00:00,2025-11-20T00:00:00+00:00,DELIVERED,NORMAL,1,Auto-generated for replenishing Atorvastatin 20mg. Days remaining: 6.0,2,1,2025-11-17T00:00:00+00:00,2025-11-16T00:00:00+00:00,2025-11-20T00:00:00+00:00
444,13,2025-11-17T00:00:00+00:00,2025-11-23T00:00:00+00:00,DELIVERED,NORMAL,1,Auto-generated for replenishing Malaria Antigen Kit. Days remaining: 6.5,2,1,2025-11-20T00:00:00+00:00,2025-11-17T00:00:00+00:00,2025-11-23T00:00:00+00:00
445,7,2025-11-17T00:00:00+00:00,2025-11-20T00:00:00+00:00,DELIVERED,NORMAL,1,Auto-generated for replenishing Latex Gloves (L). Days remaining: 6.7,2,1,2025-11-17T00:00:00+00:00,2025-11-17T00:00:00+00:00,2025-11-20T00:00:00+00:00
446,7,2025-11-17T00:00:00+00:00,2025-11-20T00:00:00+00:00,DELIVERED,NORMAL,1,Auto-generated for replenishing Adhesive Plasters. Days remaining: 6.2,2,1,2025-11-17T00:00:00+00:00,2025-11-17T00:00:00+00:00,2025-11-20T00:00:00+00:00
447,11,2025-11-18T00:00:00+00:00,2025-11-22T00:00:00+00:00,DELIVERED,NORMAL,1,Auto-generated for replenishing Aprons Waterproof. Days remaining: 6.8,2,1,2025-11-19T00:00:00+00:00,2025-11-18T00:00:00+00:00,2025-11-22T00:00:00+00:00
448,3,2025-11-18T00:00:00+00:00,2025-11-21T00:00:00+00:00,DELIVERED,NORMAL,1,Auto-generated for replenishing IV Cannula 18G. Days remaining: 6.6,2,1,2025-11-18T00:00:00+00:00,2025-11-18T00:00:00+00:00,2025-11-21T00:00:00+00:00
449,6,2025-11-18T00:00:00+00:00,2025-11-22T00:00:00+00:00,DELIVERED,NORMAL,1,Auto-generated for replenishing D-Dimer Test Kits. Days remaining: 7.0,2,1,2025-11-19T00:00:00+00:00,2025-11-18T00:00:00+00:00,2025-11-22T00:00:00+00:00
450,7,2025-11-18T00:00:00+00:00,2025-11-21T00:00:00+00:00,DELIVERED,NORMAL,1,Auto-generated for replenishing N95 Respirator Mask. Days remaining: 6.0,2,1,2025-11-18T00:00:00+00:00,2025-11-18T00:00:00+00:00,2025-11-21T00:00:00+00:00
451,12,2025-11-18T00:00:00+00:00,2025-11-25T00:00:00+00:00,DELIVERED,NORMAL,1,Auto-generated for replenishing Bouffant Caps Blue. Days remaining: 6.1,2,1,2025-11-22T00:00:00+00:00,2025-11-18T00:00:00+00:00,2025-11-25T00:00:00+00:00
452,4,2025-11-18T00:00:00+00:00,2025-11-28T00:00:00+00:00,DELIVERED,NORMAL,1,Auto-generated for replenishing Albuterol Inhaler. Days remaining: 6.9,2,1,2025-11-25T00:00:00+00:00,2025-11-18T00:00:00+00:00,2025-11-28T00:00:00+00:00
453,3,2025-11-18T00:00:00+00:00,2025-11-21T00:00:00+00:00,DELIVERED,NORMAL,1,Auto-generated for replenishing CRP Latex Slide Kit. Days remaining: 7.0,2,1,2025-11-18T00:00:00+00:00,2025-11-18T00:00:00+00:00,2025-11-21T00:00:00+00:00
454,10,2025-11-19T00:00:00+00:00,2025-11-27T00:00:00+00:00,DELIVERED,NORMAL,1,Auto-generated for replenishing Hand Sanitizer 100ml. Days remaining: 6.3,2,1,2025-11-24T00:00:00+00:00,2025-11-19T00:00:00+00:00,2025-11-27T00:00:00+00:00
455,7,2025-11-19T00:00:00+00:00,2025-11-22T00:00:00+00:00,DELIVERED,NORMAL,1,Auto-generated for replenishing Tramadol 50mg. Days remaining: 6.4,2,1,2025-11-19T00:00:00+00:00,2025-11-19T00:00:00+00:00,2025-11-22T00:00:00+00:00
456,14,2025-11-19T00:00:00+00:00,2025-11-27T00:00:00+00:00,DELIVERED,NORMAL,1,Auto-generated for replenishing Surgical Blades #10. Days remaining: 6.8,2,1,2025-11-24T00:00:00+00:00,2025-11-19T00:00:00+00:00,2025-11-27T00:00:00+00:00
457,8,2025-11-19T00:00:00+00:00,2025-11-27T00:00:00+00:00,DELIVERED,NORMAL,1,Auto-generated for replenishing Vicryl Suture 3-0. Days remaining: 6.8,2,1,2025-11-24T00:00:00+00:00,2025-11-19T00:00:00+00:00,2025-11-27T00:00:00+00:00
458,1,2025-11-20T00:00:00+00:00,2025-11-24T00:00:00+00:00,DELIVERED,NORMAL,1,Auto-generated for replenishing Metoprolol 25mg. Days remaining: 6.2,2,1,2025-11-21T00:00:00+00:00,2025-11-20T00:00:00+00:00,2025-11-24T00:00:00+00:00
459,10,2025-11-20T00:00:00+00:00,2025-11-28T00:00:00+00:00,DELIVERED,NORMAL,1,Auto-generated for replenishing Azithromycin 250mg. Days remaining: 6.1,2,1,2025-11-25T00:00:00+00:00,2025-11-20T00:00:00+00:00,2025-11-28T00:00:00+00:00
460,10,2025-11-20T00:00:00+00:00,2025-11-28T00:00:00+00:00,DELIVERED,NORMAL,1,Auto-generated for replenishing Nitrile Gloves (M). Days remaining: 7.0,2,1,2025-11-25T00:00:00+00:00,2025-11-20T00:00:00+00:00,2025-11-28T00:00:00+00:00
461,12,2025-11-20T00:00:00+00:00,2025-11-27T00:00:00+00:00,DELIVERED,NORMAL,1,Auto-generated for replenishing Alcohol Prep Pads. Days remaining: 6.8,2,1,2025-11-24T00:00:00+00:00,2025-11-20T00:00:00+00:00,2025-11-27T00:00:00+00:00
462,11,2025-11-20T00:00:00+00:00,2025-11-24T00:00:00+00:00,DELIVERED,NORMAL,1,Auto-generated for replenishing Syringes (2ml). Days remaining: 6.6,2,1,2025-11-21T00:00:00+00:00,2025-11-20T00:00:00+00:00,2025-11-24T00:00:00+00:00
463,10,2025-11-21T00:00:00+00:00,2025-11-29T00:00:00+00:00,DELIVERED,NORMAL,1,Auto-generated for replenishing EDTA Blood Tubes (K2). Days remaining: 6.8,2,1,2025-11-26T00:00:00+00:00,2025-11-21T00:00:00+00:00,2025-11-29T00:00:00+00:00
464,1,2025-11-21T00:00:00+00:00,2025-11-25T00:00:00+00:00,DELIVERED,NORMAL,1,Auto-generated for replenishing Cotton Wool Rolls. Days remaining: 6.8,2,1,2025-11-22T00:00:00+00:00,2025-11-21T00:00:00+00:00,2025-11-25T00:00:00+00:00
465,6,2025-11-21T00:00:00+00:00,2025-11-25T00:00:00+00:00,DELIVERED,NORMAL,1,Auto-generated for replenishing Microscope Slides. Days remaining: 5.9,2,1,2025-11-22T00:00:00+00:00,2025-11-21T00:00:00+00:00,2025-11-25T00:00:00+00:00
466,10,2025-11-21T00:00:00+00:00,2025-11-29T00:00:00+00:00,DELIVERED,NORMAL,1,Auto-generated for replenishing Pregnancy Test HCG. Days remaining: 6.6,2,1,2025-11-26T00:00:00+00:00,2025-11-21T00:00:00+00:00,2025-11-29T00:00:00+00:00
467,6,2025-11-21T00:00:00+00:00,2025-11-25T00:00:00+00:00,DELIVERED,NORMAL,1,Auto-generated for replenishing Shoe Covers Disposable. Days remaining: 6.0,2,1,2025-11-22T00:00:00+00:00,2025-11-21T00:00:00+00:00,2025-11-25T00:00:00+00:00
468,7,2025-11-21T00:00:00+00:00,2025-11-24T00:00:00+00:00,DELIVERED,NORMAL,1,Auto-generated for replenishing Paracetamol 500mg. Days remaining: 6.5,2,1,2025-11-21T00:00:00+00:00,2025-11-21T00:00:00+00:00,2025-11-24T00:00:00+00:00
469,13,2025-11-22T00:00:00+00:00,2025-11-28T00:00:00+00:00,DELIVERED,NORMAL,1,Auto-generated for replenishing Universal Drape Pack. Days remaining: 6.2,2,1,2025-11-25T00:00:00+00:00,2025-11-22T00:00:00+00:00,2025-11-28T00:00:00+00:00
470,4,2025-11-22T00:00:00+00:00,2025-12-02T00:00:00+00:00,DELIVERED,NORMAL,1,Auto-generated for replenishing Disinfectant Wipes. Days remaining: 6.1,2,1,2025-11-29T00:00:00+00:00,2025-11-22T00:00:00+00:00,2025-12-02T00:00:00+00:00
471,13,2025-11-22T00:00:00+00:00,2025-11-28T00:00:00+00:00,DELIVERED,NORMAL,1,Auto-generated for replenishing Ibuprofen 400mg. Days remaining: 6.3,2,1,2025-11-25T00:00:00+00:00,2025-11-22T00:00:00+00:00,2025-11-28T00:00:00+00:00
472,14,2025-11-23T00:00:00+00:00,2025-12-01T00:00:00+00:00,DELIVERED,NORMAL,1,Auto-generated for replenishing Losartan 50mg. Days remaining: 6.8,2,1,2025-11-28T00:00:00+00:00,2025-11-23T00:00:00+00:00,2025-12-01T00:00:00+00:00
473,7,2025-11-23T00:00:00+00:00,2025-11-26T00:00:00+00:00,DELIVERED,NORMAL,1,Auto-generated for replenishing Bandage Roll 4-inch. Days remaining: 6.2,2,1,2025-11-23T00:00:00+00:00,2025-11-23T00:00:00+00:00,2025-11-26T00:00:00+00:00
474,14,2025-11-24T00:00:00+00:00,2025-12-02T00:00:00+00:00,DELIVERED,NORMAL,1,Auto-generated for replenishing Surgical Blades #22. Days remaining: 7.0,2,1,2025-11-29T00:00:00+00:00,2025-11-24T00:00:00+00:00,2025-12-02T00:00:00+00:00
475,6,2025-11-24T00:00:00+00:00,2025-11-28T00:00:00+00:00,DELIVERED,NORMAL,1,Auto-generated for replenishing Pipette Tips 1000uL. Days remaining: 6.5,2,1,2025-11-25T00:00:00+00:00,2025-11-24T00:00:00+00:00,2025-11-28T00:00:00+00:00
476,6,2025-11-24T00:00:00+00:00,2025-11-28T00:00:00+00:00,DELIVERED,NORMAL,1,Auto-generated for replenishing HCV Rapid Test Kits. Days remaining: 6.8,2,1,2025-11-25T00:00:00+00:00,2025-11-24T00:00:00+00:00,2025-11-28T00:00:00+00:00
477,5,2025-11-25T00:00:00+00:00,2025-12-04T00:00:00+00:00,DELIVERED,NORMAL,1,Auto-generated for replenishing Biohazard Bags Medium. Days remaining: 6.5,2,1,2025-12-01T00:00:00+00:00,2025-11-25T00:00:00+00:00,2025-12-04T00:00:00+00:00
478,5,2025-11-25T00:00:00+00:00,2025-12-04T00:00:00+00:00,DELIVERED,NORMAL,1,Auto-generated for replenishing Pantoprazole 40mg. Days remaining: 6.5,2,1,2025-12-01T00:00:00+00:00,2025-11-25T00:00:00+00:00,2025-12-04T00:00:00+00:00
479,13,2025-11-25T00:00:00+00:00,2025-12-01T00:00:00+00:00,DELIVERED,NORMAL,1,Auto-generated for replenishing Sodium Citrate Tubes. Days remaining: 5.9,2,1,2025-11-28T00:00:00+00:00,2025-11-25T00:00:00+00:00,2025-12-01T00:00:00+00:00
480,9,2025-11-25T00:00:00+00:00,2025-12-02T00:00:00+00:00,DELIVERED,NORMAL,1,Auto-generated for replenishing Sterile Water 10ml. Days remaining: 6.4,2,1,2025-11-29T00:00:00+00:00,2025-11-25T00:00:00+00:00,2025-12-02T00:00:00+00:00
481,9,2025-11-25T00:00:00+00:00,2025-12-02T00:00:00+00:00,DELIVERED,NORMAL,1,Auto-generated for replenishing Hand Sanitizer 500ml. Days remaining: 6.9,2,1,2025-11-29T00:00:00+00:00,2025-11-25T00:00:00+00:00,2025-12-02T00:00:00+00:00
482,3,2025-11-26T00:00:00+00:00,2025-11-29T00:00:00+00:00,DELIVERED,NORMAL,1,Auto-generated for replenishing Ringer Lactate 500ml. Days remaining: 6.7,2,1,2025-11-26T00:00:00+00:00,2025-11-26T00:00:00+00:00,2025-11-29T00:00:00+00:00
483,15,2025-11-26T00:00:00+00:00,2025-12-03T00:00:00+00:00,DELIVERED,NORMAL,1,Auto-generated for replenishing Latex Gloves (S). Days remaining: 6.4,2,1,2025-11-30T00:00:00+00:00,2025-11-26T00:00:00+00:00,2025-12-03T00:00:00+00:00
484,9,2025-11-26T00:00:00+00:00,2025-12-03T00:00:00+00:00,DELIVERED,NORMAL,1,Auto-generated for replenishing Silk Suture 3-0. Days remaining: 6.4,2,1,2025-11-30T00:00:00+00:00,2025-11-26T00:00:00+00:00,2025-12-03T00:00:00+00:00
485,7,2025-11-26T00:00:00+00:00,2025-11-29T00:00:00+00:00,DELIVERED,NORMAL,1,Auto-generated for replenishing Glucose Test Strips. Days remaining: 6.1,2,1,2025-11-26T00:00:00+00:00,2025-11-26T00:00:00+00:00,2025-11-29T00:00:00+00:00
486,12,2025-11-27T00:00:00+00:00,2025-12-04T00:00:00+00:00,DELIVERED,NORMAL,1,Auto-generated for replenishing Suction Tubing 3m. Days remaining: 5.9,2,1,2025-12-01T00:00:00+00:00,2025-11-27T00:00:00+00:00,2025-12-04T00:00:00+00:00
487,15,2025-11-27T00:00:00+00:00,2025-12-04T00:00:00+00:00,DELIVERED,NORMAL,1,Auto-generated for replenishing Disposable Scalpel #11. Days remaining: 6.2,2,1,2025-12-01T00:00:00+00:00,2025-11-27T00:00:00+00:00,2025-12-04T00:00:00+00:00
488,5,2025-11-27T00:00:00+00:00,2025-12-06T00:00:00+00:00,DELIVERED,NORMAL,1,Auto-generated for replenishing Disposable Scalpel #15. Days remaining: 6.4,2,1,2025-12-03T00:00:00+00:00,2025-11-27T00:00:00+00:00,2025-12-06T00:00:00+00:00
489,15,2025-11-27T00:00:00+00:00,2025-12-04T00:00:00+00:00,DELIVERED,NORMAL,1,Auto-generated for replenishing Montelukast 10mg. Days remaining: 6.5,2,1,2025-12-01T00:00:00+00:00,2025-11-27T00:00:00+00:00,2025-12-04T00:00:00+00:00
490,12,2025-11-27T00:00:00+00:00,2025-12-04T00:00:00+00:00,DELIVERED,NORMAL,1,Auto-generated for replenishing Cetirizine 10mg. Days remaining: 6.1,2,1,2025-12-01T00:00:00+00:00,2025-11-27T00:00:00+00:00,2025-12-04T00:00:00+00:00
491,13,2025-11-28T00:00:00+00:00,2025-12-04T00:00:00+00:00,DELIVERED,NORMAL,1,Auto-generated for replenishing Suction Yankauer Tip. Days remaining: 6.2,2,1,2025-12-01T00:00:00+00:00,2025-11-28T00:00:00+00:00,2025-12-04T00:00:00+00:00
492,8,2025-11-28T00:00:00+00:00,2025-12-06T00:00:00+00:00,DELIVERED,NORMAL,1,Auto-generated for replenishing Blood Culture Bottles. Days remaining: 6.5,2,1,2025-12-03T00:00:00+00:00,2025-11-28T00:00:00+00:00,2025-12-06T00:00:00+00:00
493,7,2025-11-28T00:00:00+00:00,2025-12-01T00:00:00+00:00,DELIVERED,NORMAL,1,Auto-generated for replenishing IV Cannula 22G. Days remaining: 6.7,2,1,2025-11-28T00:00:00+00:00,2025-11-28T00:00:00+00:00,2025-12-01T00:00:00+00:00
494,15,2025-11-28T00:00:00+00:00,2025-12-05T00:00:00+00:00,DELIVERED,NORMAL,1,Auto-generated for replenishing Epidural Needle 18G. Days remaining: 6.6,2,1,2025-12-02T00:00:00+00:00,2025-11-28T00:00:00+00:00,2025-12-05T00:00:00+00:00
495,2,2025-11-28T00:00:00+00:00,2025-12-02T00:00:00+00:00,DELIVERED,NORMAL,1,Auto-generated for replenishing Prednisone 10mg. Days remaining: 6.8,2,1,2025-11-29T00:00:00+00:00,2025-11-28T00:00:00+00:00,2025-12-02T00:00:00+00:00
496,6,2025-11-28T00:00:00+00:00,2025-12-02T00:00:00+00:00,DELIVERED,NORMAL,1,Auto-generated for replenishing Protective Goggles. Days remaining: 6.8,2,1,2025-11-29T00:00:00+00:00,2025-11-28T00:00:00+00:00,2025-12-02T00:00:00+00:00
497,8,2025-11-28T00:00:00+00:00,2025-12-06T00:00:00+00:00,DELIVERED,NORMAL,1,Auto-generated for replenishing Vicryl Suture 2-0. Days remaining: 6.6,2,1,2025-12-03T00:00:00+00:00,2025-11-28T00:00:00+00:00,2025-12-06T00:00:00+00:00
498,10,2025-11-28T00:00:00+00:00,2025-12-06T00:00:00+00:00,DELIVERED,NORMAL,1,Auto-generated for replenishing Foley Catheter Fr16. Days remaining: 6.1,2,1,2025-12-03T00:00:00+00:00,2025-11-28T00:00:00+00:00,2025-12-06T00:00:00+00:00
499,11,2025-11-28T00:00:00+00:00,2025-12-02T00:00:00+00:00,DELIVERED,NORMAL,1,Auto-generated for replenishing Biohazard Bags Large. Days remaining: 6.3,2,1,2025-11-29T00:00:00+00:00,2025-11-28T00:00:00+00:00,2025-12-02T00:00:00+00:00
500,5,2025-11-28T00:00:00+00:00,2025-12-07T00:00:00+00:00,DELIVERED,NORMAL,1,Auto-generated for replenishing 3-Ply Surgical Mask. Days remaining: 7.0,2,1,2025-12-04T00:00:00+00:00,2025-11-28T00:00:00+00:00,2025-12-07T00:00:00+00:00
501,4,2025-11-29T00:00:00+00:00,2025-12-09T00:00:00+00:00,DELIVERED,NORMAL,1,Auto-generated for replenishing Gabapentin 300mg. Days remaining: 6.5,2,1,2025-12-06T00:00:00+00:00,2025-11-29T00:00:00+00:00,2025-12-09T00:00:00+00:00
502,13,2025-11-29T00:00:00+00:00,2025-12-05T00:00:00+00:00,DELIVERED,NORMAL,1,Auto-generated for replenishing Silk Suture 2-0. Days remaining: 6.5,2,1,2025-12-02T00:00:00+00:00,2025-11-29T00:00:00+00:00,2025-12-05T00:00:00+00:00
503,15,2025-11-29T00:00:00+00:00,2025-12-06T00:00:00+00:00,DELIVERED,NORMAL,1,Auto-generated for replenishing Monocryl Suture 4-0. Days remaining: 6.7,2,1,2025-12-03T00:00:00+00:00,2025-11-29T00:00:00+00:00,2025-12-06T00:00:00+00:00
504,10,2025-11-29T00:00:00+00:00,2025-12-07T00:00:00+00:00,DELIVERED,NORMAL,1,Auto-generated for replenishing Amoxicillin 500mg. Days remaining: 6.9,2,1,2025-12-04T00:00:00+00:00,2025-11-29T00:00:00+00:00,2025-12-07T00:00:00+00:00
505,1,2025-11-29T00:00:00+00:00,2025-12-03T00:00:00+00:00,DELIVERED,NORMAL,1,Auto-generated for replenishing Disposable Gown Blue. Days remaining: 6.7,2,1,2025-11-30T00:00:00+00:00,2025-11-29T00:00:00+00:00,2025-12-03T00:00:00+00:00
506,12,2025-11-30T00:00:00+00:00,2025-12-07T00:00:00+00:00,DELIVERED,NORMAL,1,Auto-generated for replenishing Urine Dipsticks 10T. Days remaining: 6.6,2,1,2025-12-04T00:00:00+00:00,2025-11-30T00:00:00+00:00,2025-12-07T00:00:00+00:00
507,8,2025-11-30T00:00:00+00:00,2025-12-08T00:00:00+00:00,DELIVERED,NORMAL,1,Auto-generated for replenishing Serum Sep Tubes (SST). Days remaining: 6.6,2,1,2025-12-05T00:00:00+00:00,2025-11-30T00:00:00+00:00,2025-12-08T00:00:00+00:00
508,1,2025-11-30T00:00:00+00:00,2025-12-04T00:00:00+00:00,DELIVERED,NORMAL,1,Auto-generated for replenishing Lap Sponge 30x30cm. Days remaining: 6.1,2,1,2025-12-01T00:00:00+00:00,2025-11-30T00:00:00+00:00,2025-12-04T00:00:00+00:00
509,8,2025-11-30T00:00:00+00:00,2025-12-08T00:00:00+00:00,DELIVERED,NORMAL,1,Auto-generated for replenishing Bone Wax 2.5g. Days remaining: 7.0,2,1,2025-12-05T00:00:00+00:00,2025-11-30T00:00:00+00:00,2025-12-08T00:00:00+00:00
510,15,2025-11-30T00:00:00+00:00,2025-12-07T00:00:00+00:00,DELIVERED,NORMAL,1,Auto-generated for replenishing Nitrile Gloves (L). Days remaining: 6.4,2,1,2025-12-04T00:00:00+00:00,2025-11-30T00:00:00+00:00,2025-12-07T00:00:00+00:00
511,14,2025-11-30T00:00:00+00:00,2025-12-08T00:00:00+00:00,DELIVERED,NORMAL,1,Auto-generated for replenishing Surgical Gown Sterile. Days remaining: 6.2,2,1,2025-12-05T00:00:00+00:00,2025-11-30T00:00:00+00:00,2025-12-08T00:00:00+00:00
512,2,2025-11-30T00:00:00+00:00,2025-12-04T00:00:00+00:00,DELIVERED,NORMAL,1,Auto-generated for replenishing Latex Gloves (M). Days remaining: 6.9,2,1,2025-12-01T00:00:00+00:00,2025-11-30T00:00:00+00:00,2025-12-04T00:00:00+00:00
513,14,2025-11-30T00:00:00+00:00,2025-12-08T00:00:00+00:00,DELIVERED,NORMAL,1,Auto-generated for replenishing Surgical Stapler. Days remaining: 6.4,2,1,2025-12-05T00:00:00+00:00,2025-11-30T00:00:00+00:00,2025-12-08T00:00:00+00:00
514,8,2025-12-01T00:00:00+00:00,2025-12-09T00:00:00+00:00,DELIVERED,NORMAL,1,Auto-generated for replenishing Gauze Swabs 10x10cm. Days remaining: 6.4,2,1,2025-12-06T00:00:00+00:00,2025-12-01T00:00:00+00:00,2025-12-09T00:00:00+00:00
515,15,2025-12-01T00:00:00+00:00,2025-12-08T00:00:00+00:00,DELIVERED,NORMAL,1,Auto-generated for replenishing Urine Drainage Bag. Days remaining: 7.0,2,1,2025-12-05T00:00:00+00:00,2025-12-01T00:00:00+00:00,2025-12-08T00:00:00+00:00
516,11,2025-12-01T00:00:00+00:00,2025-12-05T00:00:00+00:00,DELIVERED,NORMAL,1,Auto-generated for replenishing Metformin 500mg. Days remaining: 7.0,2,1,2025-12-02T00:00:00+00:00,2025-12-01T00:00:00+00:00,2025-12-05T00:00:00+00:00
517,3,2025-12-01T00:00:00+00:00,2025-12-04T00:00:00+00:00,DELIVERED,NORMAL,1,Auto-generated for replenishing Amlodipine 5mg. Days remaining: 6.5,2,1,2025-12-01T00:00:00+00:00,2025-12-01T00:00:00+00:00,2025-12-04T00:00:00+00:00
518,14,2025-12-01T00:00:00+00:00,2025-12-09T00:00:00+00:00,DELIVERED,NORMAL,1,Auto-generated for replenishing Normal Saline 500ml. Days remaining: 6.6,2,1,2025-12-06T00:00:00+00:00,2025-12-01T00:00:00+00:00,2025-12-09T00:00:00+00:00
519,8,2025-12-01T00:00:00+00:00,2025-12-09T00:00:00+00:00,DELIVERED,NORMAL,1,Auto-generated for replenishing C-Section Drape. Days remaining: 6.7,2,1,2025-12-06T00:00:00+00:00,2025-12-01T00:00:00+00:00,2025-12-09T00:00:00+00:00
520,5,2025-12-01T00:00:00+00:00,2025-12-10T00:00:00+00:00,DELIVERED,NORMAL,1,Auto-generated for replenishing Staple Remover. Days remaining: 6.8,2,1,2025-12-07T00:00:00+00:00,2025-12-01T00:00:00+00:00,2025-12-10T00:00:00+00:00
521,14,2025-12-02T00:00:00+00:00,2025-12-10T00:00:00+00:00,DELIVERED,NORMAL,1,Auto-generated for replenishing Syringes (5ml). Days remaining: 6.1,2,1,2025-12-07T00:00:00+00:00,2025-12-02T00:00:00+00:00,2025-12-10T00:00:00+00:00
522,2,2025-12-02T00:00:00+00:00,2025-12-06T00:00:00+00:00,DELIVERED,NORMAL,1,Auto-generated for replenishing IV Infusion Set. Days remaining: 7.0,2,1,2025-12-03T00:00:00+00:00,2025-12-02T00:00:00+00:00,2025-12-06T00:00:00+00:00
523,7,2025-12-02T00:00:00+00:00,2025-12-05T00:00:00+00:00,DELIVERED,NORMAL,1,Auto-generated for replenishing Syringes (10ml). Days remaining: 7.0,2,1,2025-12-02T00:00:00+00:00,2025-12-02T00:00:00+00:00,2025-12-05T00:00:00+00:00
524,7,2025-12-03T00:00:00+00:00,2025-12-06T00:00:00+00:00,DELIVERED,NORMAL,1,Auto-generated for replenishing IV Cannula 20G. Days remaining: 6.6,2,1,2025-12-03T00:00:00+00:00,2025-12-03T00:00:00+00:00,2025-12-06T00:00:00+00:00
525,5,2025-12-03T00:00:00+00:00,2025-12-12T00:00:00+00:00,DELIVERED,NORMAL,1,Auto-generated for replenishing Face Shield Clear. Days remaining: 6.6,2,1,2025-12-09T00:00:00+00:00,2025-12-03T00:00:00+00:00,2025-12-12T00:00:00+00:00
526,13,2025-12-04T00:00:00+00:00,2025-12-10T00:00:00+00:00,DELIVERED,NORMAL,1,Auto-generated for replenishing Levothyroxine 50mcg. Days remaining: 6.3,2,1,2025-12-07T00:00:00+00:00,2025-12-04T00:00:00+00:00,2025-12-10T00:00:00+00:00
527,3,2025-12-04T00:00:00+00:00,2025-12-07T00:00:00+00:00,DELIVERED,NORMAL,1,Auto-generated for replenishing Skin Marker Pen. Days remaining: 6.7,2,1,2025-12-04T00:00:00+00:00,2025-12-04T00:00:00+00:00,2025-12-07T00:00:00+00:00
528,10,2025-12-04T00:00:00+00:00,2025-12-12T00:00:00+00:00,DELIVERED,NORMAL,1,Auto-generated for replenishing Troponin I Rapid Kit. Days remaining: 6.7,2,1,2025-12-09T00:00:00+00:00,2025-12-04T00:00:00+00:00,2025-12-12T00:00:00+00:00
529,9,2025-12-04T00:00:00+00:00,2025-12-11T00:00:00+00:00,DELIVERED,NORMAL,1,Auto-generated for replenishing Rheumatoid Factor Kit. Days remaining: 7.0,2,1,2025-12-08T00:00:00+00:00,2025-12-04T00:00:00+00:00,2025-12-11T00:00:00+00:00
530,9,2025-12-04T00:00:00+00:00,2025-12-11T00:00:00+00:00,DELIVERED,NORMAL,1,Auto-generated for replenishing Omeprazole 20mg. Days remaining: 6.4,2,1,2025-12-08T00:00:00+00:00,2025-12-04T00:00:00+00:00,2025-12-11T00:00:00+00:00
531,4,2025-12-05T00:00:00+00:00,2025-12-15T00:00:00+00:00,DELIVERED,NORMAL,1,Auto-generated for replenishing Warfarin 5mg. Days remaining: 6.6,2,1,2025-12-12T00:00:00+00:00,2025-12-05T00:00:00+00:00,2025-12-15T00:00:00+00:00
532,11,2025-12-05T00:00:00+00:00,2025-12-09T00:00:00+00:00,DELIVERED,NORMAL,1,Auto-generated for replenishing Pipette Tips 200uL. Days remaining: 6.8,2,1,2025-12-06T00:00:00+00:00,2025-12-05T00:00:00+00:00,2025-12-09T00:00:00+00:00
533,13,2025-12-05T00:00:00+00:00,2025-12-11T00:00:00+00:00,DELIVERED,NORMAL,1,Auto-generated for replenishing Vicryl Suture 4-0. Days remaining: 6.0,2,1,2025-12-08T00:00:00+00:00,2025-12-05T00:00:00+00:00,2025-12-11T00:00:00+00:00
534,7,2025-12-06T00:00:00+00:00,2025-12-09T00:00:00+00:00,DELIVERED,NORMAL,1,Auto-generated for replenishing N95 Respirator Mask. Days remaining: 6.4,2,1,2025-12-06T00:00:00+00:00,2025-12-06T00:00:00+00:00,2025-12-09T00:00:00+00:00
535,13,2025-12-06T00:00:00+00:00,2025-12-12T00:00:00+00:00,DELIVERED,NORMAL,1,Auto-generated for replenishing Nitrile Gloves (S). Days remaining: 6.4,2,1,2025-12-09T00:00:00+00:00,2025-12-06T00:00:00+00:00,2025-12-12T00:00:00+00:00
536,7,2025-12-06T00:00:00+00:00,2025-12-09T00:00:00+00:00,DELIVERED,NORMAL,1,Auto-generated for replenishing Latex Gloves (L). Days remaining: 6.3,2,1,2025-12-06T00:00:00+00:00,2025-12-06T00:00:00+00:00,2025-12-09T00:00:00+00:00
537,12,2025-12-07T00:00:00+00:00,2025-12-14T00:00:00+00:00,DELIVERED,NORMAL,1,Auto-generated for replenishing Foley Catheter Fr18. Days remaining: 6.2,2,1,2025-12-11T00:00:00+00:00,2025-12-07T00:00:00+00:00,2025-12-14T00:00:00+00:00
538,13,2025-12-07T00:00:00+00:00,2025-12-13T00:00:00+00:00,DELIVERED,NORMAL,1,Auto-generated for replenishing Malaria Antigen Kit. Days remaining: 6.6,2,1,2025-12-10T00:00:00+00:00,2025-12-07T00:00:00+00:00,2025-12-13T00:00:00+00:00
539,4,2025-12-07T00:00:00+00:00,2025-12-17T00:00:00+00:00,DELIVERED,NORMAL,1,Auto-generated for replenishing Pregnancy Test Cassette. Days remaining: 6.8,2,1,2025-12-14T00:00:00+00:00,2025-12-07T00:00:00+00:00,2025-12-17T00:00:00+00:00
540,10,2025-12-08T00:00:00+00:00,2025-12-16T00:00:00+00:00,DELIVERED,NORMAL,1,Auto-generated for replenishing Pregnancy Test HCG. Days remaining: 6.9,2,1,2025-12-13T00:00:00+00:00,2025-12-08T00:00:00+00:00,2025-12-16T00:00:00+00:00
541,11,2025-12-08T00:00:00+00:00,2025-12-12T00:00:00+00:00,DELIVERED,NORMAL,1,Auto-generated for replenishing Aprons Waterproof. Days remaining: 7.0,2,1,2025-12-09T00:00:00+00:00,2025-12-08T00:00:00+00:00,2025-12-12T00:00:00+00:00
542,2,2025-12-09T00:00:00+00:00,2025-12-13T00:00:00+00:00,DELIVERED,NORMAL,1,Auto-generated for replenishing Blood Grouping Anti-A. Days remaining: 6.5,2,1,2025-12-10T00:00:00+00:00,2025-12-09T00:00:00+00:00,2025-12-13T00:00:00+00:00
543,10,2025-12-09T00:00:00+00:00,2025-12-17T00:00:00+00:00,DELIVERED,NORMAL,1,Auto-generated for replenishing Nitrile Gloves (M). Days remaining: 6.3,2,1,2025-12-14T00:00:00+00:00,2025-12-09T00:00:00+00:00,2025-12-17T00:00:00+00:00
544,6,2025-12-10T00:00:00+00:00,2025-12-14T00:00:00+00:00,DELIVERED,NORMAL,1,Auto-generated for replenishing Microscope Slides. Days remaining: 6.7,2,1,2025-12-11T00:00:00+00:00,2025-12-10T00:00:00+00:00,2025-12-14T00:00:00+00:00
545,11,2025-12-10T00:00:00+00:00,2025-12-14T00:00:00+00:00,DELIVERED,NORMAL,1,Auto-generated for replenishing Bandage Roll 3-inch. Days remaining: 7.0,2,1,2025-12-11T00:00:00+00:00,2025-12-10T00:00:00+00:00,2025-12-14T00:00:00+00:00
546,2,2025-12-10T00:00:00+00:00,2025-12-14T00:00:00+00:00,DELIVERED,NORMAL,1,Auto-generated for replenishing Atorvastatin 20mg. Days remaining: 6.5,2,1,2025-12-11T00:00:00+00:00,2025-12-10T00:00:00+00:00,2025-12-14T00:00:00+00:00
547,10,2025-12-10T00:00:00+00:00,2025-12-18T00:00:00+00:00,DELIVERED,NORMAL,1,Auto-generated for replenishing Surgical Tape 2-inch. Days remaining: 6.6,2,1,2025-12-15T00:00:00+00:00,2025-12-10T00:00:00+00:00,2025-12-18T00:00:00+00:00
548,14,2025-12-10T00:00:00+00:00,2025-12-18T00:00:00+00:00,DELIVERED,NORMAL,1,Auto-generated for replenishing Surgical Blades #10. Days remaining: 6.8,2,1,2025-12-15T00:00:00+00:00,2025-12-10T00:00:00+00:00,2025-12-18T00:00:00+00:00
549,1,2025-12-10T00:00:00+00:00,2025-12-14T00:00:00+00:00,DELIVERED,NORMAL,1,Auto-generated for replenishing Syphilis Test Kits. Days remaining: 6.0,2,1,2025-12-11T00:00:00+00:00,2025-12-10T00:00:00+00:00,2025-12-14T00:00:00+00:00
550,10,2025-12-10T00:00:00+00:00,2025-12-18T00:00:00+00:00,DELIVERED,NORMAL,1,Auto-generated for replenishing Hand Sanitizer 100ml. Days remaining: 7.0,2,1,2025-12-15T00:00:00+00:00,2025-12-10T00:00:00+00:00,2025-12-18T00:00:00+00:00
551,12,2025-12-10T00:00:00+00:00,2025-12-17T00:00:00+00:00,DELIVERED,NORMAL,1,Auto-generated for replenishing Bouffant Caps Blue. Days remaining: 6.9,2,1,2025-12-14T00:00:00+00:00,2025-12-10T00:00:00+00:00,2025-12-17T00:00:00+00:00
552,1,2025-12-10T00:00:00+00:00,2025-12-14T00:00:00+00:00,DELIVERED,NORMAL,1,Auto-generated for replenishing Metoprolol 25mg. Days remaining: 6.8,2,1,2025-12-11T00:00:00+00:00,2025-12-10T00:00:00+00:00,2025-12-14T00:00:00+00:00
553,4,2025-12-11T00:00:00+00:00,2025-12-21T00:00:00+00:00,DELIVERED,NORMAL,1,Auto-generated for replenishing Albuterol Inhaler. Days remaining: 6.6,2,1,2025-12-18T00:00:00+00:00,2025-12-11T00:00:00+00:00,2025-12-21T00:00:00+00:00
554,3,2025-12-11T00:00:00+00:00,2025-12-14T00:00:00+00:00,DELIVERED,NORMAL,1,Auto-generated for replenishing IV Cannula 18G. Days remaining: 6.9,2,1,2025-12-11T00:00:00+00:00,2025-12-11T00:00:00+00:00,2025-12-14T00:00:00+00:00
555,12,2025-12-12T00:00:00+00:00,2025-12-19T00:00:00+00:00,DELIVERED,NORMAL,1,Auto-generated for replenishing Alcohol Prep Pads. Days remaining: 6.5,2,1,2025-12-16T00:00:00+00:00,2025-12-12T00:00:00+00:00,2025-12-19T00:00:00+00:00
556,10,2025-12-12T00:00:00+00:00,2025-12-20T00:00:00+00:00,DELIVERED,NORMAL,1,Auto-generated for replenishing Clopidogrel 75mg. Days remaining: 6.4,2,1,2025-12-17T00:00:00+00:00,2025-12-12T00:00:00+00:00,2025-12-20T00:00:00+00:00
557,2,2025-12-12T00:00:00+00:00,2025-12-16T00:00:00+00:00,DELIVERED,NORMAL,1,Auto-generated for replenishing HIV Rapid Test Kits. Days remaining: 6.8,2,1,2025-12-13T00:00:00+00:00,2025-12-12T00:00:00+00:00,2025-12-16T00:00:00+00:00
558,7,2025-12-12T00:00:00+00:00,2025-12-15T00:00:00+00:00,DELIVERED,NORMAL,1,Auto-generated for replenishing Tramadol 50mg. Days remaining: 6.7,2,1,2025-12-12T00:00:00+00:00,2025-12-12T00:00:00+00:00,2025-12-15T00:00:00+00:00
559,5,2025-12-12T00:00:00+00:00,2025-12-21T00:00:00+00:00,DELIVERED,NORMAL,1,Auto-generated for replenishing Pantoprazole 40mg. Days remaining: 6.8,2,1,2025-12-18T00:00:00+00:00,2025-12-12T00:00:00+00:00,2025-12-21T00:00:00+00:00
560,13,2025-12-12T00:00:00+00:00,2025-12-18T00:00:00+00:00,DELIVERED,NORMAL,1,Auto-generated for replenishing Universal Drape Pack. Days remaining: 6.5,2,1,2025-12-15T00:00:00+00:00,2025-12-12T00:00:00+00:00,2025-12-18T00:00:00+00:00
561,10,2025-12-13T00:00:00+00:00,2025-12-21T00:00:00+00:00,DELIVERED,NORMAL,1,Auto-generated for replenishing Azithromycin 250mg. Days remaining: 6.4,2,1,2025-12-18T00:00:00+00:00,2025-12-13T00:00:00+00:00,2025-12-21T00:00:00+00:00
562,1,2025-12-14T00:00:00+00:00,2025-12-18T00:00:00+00:00,DELIVERED,NORMAL,1,Auto-generated for replenishing Cotton Wool Rolls. Days remaining: 6.9,2,1,2025-12-15T00:00:00+00:00,2025-12-14T00:00:00+00:00,2025-12-18T00:00:00+00:00
563,10,2025-12-14T00:00:00+00:00,2025-12-22T00:00:00+00:00,DELIVERED,NORMAL,1,Auto-generated for replenishing EDTA Blood Tubes (K2). Days remaining: 6.4,2,1,2025-12-19T00:00:00+00:00,2025-12-14T00:00:00+00:00,2025-12-22T00:00:00+00:00
564,8,2025-12-14T00:00:00+00:00,2025-12-22T00:00:00+00:00,DELIVERED,NORMAL,1,Auto-generated for replenishing Vicryl Suture 3-0. Days remaining: 7.0,2,1,2025-12-19T00:00:00+00:00,2025-12-14T00:00:00+00:00,2025-12-22T00:00:00+00:00
565,9,2025-12-14T00:00:00+00:00,2025-12-21T00:00:00+00:00,DELIVERED,NORMAL,1,Auto-generated for replenishing Hand Sanitizer 500ml. Days remaining: 6.3,2,1,2025-12-18T00:00:00+00:00,2025-12-14T00:00:00+00:00,2025-12-21T00:00:00+00:00
566,3,2025-12-14T00:00:00+00:00,2025-12-17T00:00:00+00:00,DELIVERED,NORMAL,1,Auto-generated for replenishing Ringer Lactate 500ml. Days remaining: 6.8,2,1,2025-12-14T00:00:00+00:00,2025-12-14T00:00:00+00:00,2025-12-17T00:00:00+00:00
567,7,2025-12-14T00:00:00+00:00,2025-12-17T00:00:00+00:00,DELIVERED,NORMAL,1,Auto-generated for replenishing Paracetamol 500mg. Days remaining: 6.1,2,1,2025-12-14T00:00:00+00:00,2025-12-14T00:00:00+00:00,2025-12-17T00:00:00+00:00
568,7,2025-12-15T00:00:00+00:00,2025-12-18T00:00:00+00:00,DELIVERED,NORMAL,1,Auto-generated for replenishing Bandage Roll 4-inch. Days remaining: 6.4,2,1,2025-12-15T00:00:00+00:00,2025-12-15T00:00:00+00:00,2025-12-18T00:00:00+00:00
569,6,2025-12-15T00:00:00+00:00,2025-12-19T00:00:00+00:00,DELIVERED,NORMAL,1,Auto-generated for replenishing Shoe Covers Disposable. Days remaining: 7.0,2,1,2025-12-16T00:00:00+00:00,2025-12-15T00:00:00+00:00,2025-12-19T00:00:00+00:00
570,13,2025-12-15T00:00:00+00:00,2025-12-21T00:00:00+00:00,DELIVERED,NORMAL,1,Auto-generated for replenishing Ibuprofen 400mg. Days remaining: 5.9,2,1,2025-12-18T00:00:00+00:00,2025-12-15T00:00:00+00:00,2025-12-21T00:00:00+00:00
571,5,2025-12-15T00:00:00+00:00,2025-12-24T00:00:00+00:00,DELIVERED,NORMAL,1,Auto-generated for replenishing Biohazard Bags Medium. Days remaining: 6.8,2,1,2025-12-21T00:00:00+00:00,2025-12-15T00:00:00+00:00,2025-12-24T00:00:00+00:00
572,13,2025-12-16T00:00:00+00:00,2025-12-22T00:00:00+00:00,DELIVERED,NORMAL,1,Auto-generated for replenishing Sodium Citrate Tubes. Days remaining: 7.0,2,1,2025-12-19T00:00:00+00:00,2025-12-16T00:00:00+00:00,2025-12-22T00:00:00+00:00
573,15,2025-12-16T00:00:00+00:00,2025-12-23T00:00:00+00:00,DELIVERED,NORMAL,1,Auto-generated for replenishing Disposable Scalpel #11. Days remaining: 6.5,2,1,2025-12-20T00:00:00+00:00,2025-12-16T00:00:00+00:00,2025-12-23T00:00:00+00:00
574,9,2025-12-16T00:00:00+00:00,2025-12-23T00:00:00+00:00,DELIVERED,NORMAL,1,Auto-generated for replenishing Silk Suture 3-0. Days remaining: 6.6,2,1,2025-12-20T00:00:00+00:00,2025-12-16T00:00:00+00:00,2025-12-23T00:00:00+00:00
575,15,2025-12-17T00:00:00+00:00,2025-12-24T00:00:00+00:00,DELIVERED,NORMAL,1,Auto-generated for replenishing Montelukast 10mg. Days remaining: 6.5,2,1,2025-12-21T00:00:00+00:00,2025-12-17T00:00:00+00:00,2025-12-24T00:00:00+00:00
576,7,2025-12-17T00:00:00+00:00,2025-12-20T00:00:00+00:00,DELIVERED,NORMAL,1,Auto-generated for replenishing Adhesive Plasters. Days remaining: 6.1,2,1,2025-12-17T00:00:00+00:00,2025-12-17T00:00:00+00:00,2025-12-20T00:00:00+00:00
577,7,2025-12-17T00:00:00+00:00,2025-12-20T00:00:00+00:00,DELIVERED,NORMAL,1,Auto-generated for replenishing IV Cannula 22G. Days remaining: 6.4,2,1,2025-12-17T00:00:00+00:00,2025-12-17T00:00:00+00:00,2025-12-20T00:00:00+00:00
578,7,2025-12-17T00:00:00+00:00,2025-12-20T00:00:00+00:00,DELIVERED,NORMAL,1,Auto-generated for replenishing Glucose Test Strips. Days remaining: 6.3,2,1,2025-12-17T00:00:00+00:00,2025-12-17T00:00:00+00:00,2025-12-20T00:00:00+00:00
579,14,2025-12-18T00:00:00+00:00,2025-12-26T00:00:00+00:00,DELIVERED,NORMAL,1,Auto-generated for replenishing Losartan 50mg. Days remaining: 6.0,2,1,2025-12-23T00:00:00+00:00,2025-12-18T00:00:00+00:00,2025-12-26T00:00:00+00:00
580,15,2025-12-18T00:00:00+00:00,2025-12-25T00:00:00+00:00,DELIVERED,NORMAL,1,Auto-generated for replenishing Epidural Needle 18G. Days remaining: 6.9,2,1,2025-12-22T00:00:00+00:00,2025-12-18T00:00:00+00:00,2025-12-25T00:00:00+00:00
581,13,2025-12-18T00:00:00+00:00,2025-12-24T00:00:00+00:00,DELIVERED,NORMAL,1,Auto-generated for replenishing Silk Suture 2-0. Days remaining: 6.5,2,1,2025-12-21T00:00:00+00:00,2025-12-18T00:00:00+00:00,2025-12-24T00:00:00+00:00
582,4,2025-12-18T00:00:00+00:00,2025-12-28T00:00:00+00:00,DELIVERED,NORMAL,1,Auto-generated for replenishing Disinfectant Wipes. Days remaining: 6.5,2,1,2025-12-25T00:00:00+00:00,2025-12-18T00:00:00+00:00,2025-12-28T00:00:00+00:00
583,10,2025-12-18T00:00:00+00:00,2025-12-26T00:00:00+00:00,DELIVERED,NORMAL,1,Auto-generated for replenishing Amoxicillin 500mg. Days remaining: 6.2,2,1,2025-12-23T00:00:00+00:00,2025-12-18T00:00:00+00:00,2025-12-26T00:00:00+00:00
584,5,2025-12-18T00:00:00+00:00,2025-12-27T00:00:00+00:00,DELIVERED,NORMAL,1,Auto-generated for replenishing 3-Ply Surgical Mask. Days remaining: 6.5,2,1,2025-12-24T00:00:00+00:00,2025-12-18T00:00:00+00:00,2025-12-27T00:00:00+00:00
585,13,2025-12-18T00:00:00+00:00,2025-12-24T00:00:00+00:00,DELIVERED,NORMAL,1,Auto-generated for replenishing Suction Yankauer Tip. Days remaining: 6.2,2,1,2025-12-21T00:00:00+00:00,2025-12-18T00:00:00+00:00,2025-12-24T00:00:00+00:00
586,4,2025-12-19T00:00:00+00:00,2025-12-29T00:00:00+00:00,DELIVERED,NORMAL,1,Auto-generated for replenishing Gabapentin 300mg. Days remaining: 7.0,2,1,2025-12-26T00:00:00+00:00,2025-12-19T00:00:00+00:00,2025-12-29T00:00:00+00:00
587,3,2025-12-19T00:00:00+00:00,2025-12-22T00:00:00+00:00,DELIVERED,NORMAL,1,Auto-generated for replenishing Amlodipine 5mg. Days remaining: 5.9,2,1,2025-12-19T00:00:00+00:00,2025-12-19T00:00:00+00:00,2025-12-22T00:00:00+00:00
588,11,2025-12-20T00:00:00+00:00,2025-12-24T00:00:00+00:00,DELIVERED,NORMAL,1,Auto-generated for replenishing Syringes (2ml). Days remaining: 6.0,2,1,2025-12-21T00:00:00+00:00,2025-12-20T00:00:00+00:00,2025-12-24T00:00:00+00:00
589,8,2025-12-20T00:00:00+00:00,2025-12-28T00:00:00+00:00,DELIVERED,NORMAL,1,Auto-generated for replenishing Gauze Swabs 10x10cm. Days remaining: 6.7,2,1,2025-12-25T00:00:00+00:00,2025-12-20T00:00:00+00:00,2025-12-28T00:00:00+00:00
590,11,2025-12-20T00:00:00+00:00,2025-12-24T00:00:00+00:00,DELIVERED,NORMAL,1,Auto-generated for replenishing Biohazard Bags Large. Days remaining: 6.4,2,1,2025-12-21T00:00:00+00:00,2025-12-20T00:00:00+00:00,2025-12-24T00:00:00+00:00
591,12,2025-12-20T00:00:00+00:00,2025-12-27T00:00:00+00:00,DELIVERED,NORMAL,1,Auto-generated for replenishing Suction Tubing 3m. Days remaining: 6.4,2,1,2025-12-24T00:00:00+00:00,2025-12-20T00:00:00+00:00,2025-12-27T00:00:00+00:00
592,9,2025-12-20T00:00:00+00:00,2025-12-27T00:00:00+00:00,DELIVERED,NORMAL,1,Auto-generated for replenishing Sterile Water 10ml. Days remaining: 6.3,2,1,2025-12-24T00:00:00+00:00,2025-12-20T00:00:00+00:00,2025-12-27T00:00:00+00:00
593,12,2025-12-20T00:00:00+00:00,2025-12-27T00:00:00+00:00,DELIVERED,NORMAL,1,Auto-generated for replenishing Cetirizine 10mg. Days remaining: 6.8,2,1,2025-12-24T00:00:00+00:00,2025-12-20T00:00:00+00:00,2025-12-27T00:00:00+00:00
594,15,2025-12-20T00:00:00+00:00,2025-12-27T00:00:00+00:00,DELIVERED,NORMAL,1,Auto-generated for replenishing Monocryl Suture 4-0. Days remaining: 6.3,2,1,2025-12-24T00:00:00+00:00,2025-12-20T00:00:00+00:00,2025-12-27T00:00:00+00:00
595,2,2025-12-20T00:00:00+00:00,2025-12-24T00:00:00+00:00,DELIVERED,NORMAL,1,Auto-generated for replenishing Latex Gloves (M). Days remaining: 6.8,2,1,2025-12-21T00:00:00+00:00,2025-12-20T00:00:00+00:00,2025-12-24T00:00:00+00:00
596,2,2025-12-21T00:00:00+00:00,2025-12-25T00:00:00+00:00,DELIVERED,NORMAL,1,Auto-generated for replenishing Prednisone 10mg. Days remaining: 6.5,2,1,2025-12-22T00:00:00+00:00,2025-12-21T00:00:00+00:00,2025-12-25T00:00:00+00:00
597,12,2025-12-21T00:00:00+00:00,2025-12-28T00:00:00+00:00,DELIVERED,NORMAL,1,Auto-generated for replenishing Urine Dipsticks 10T. Days remaining: 6.5,2,1,2025-12-25T00:00:00+00:00,2025-12-21T00:00:00+00:00,2025-12-28T00:00:00+00:00
598,14,2025-12-21T00:00:00+00:00,2025-12-29T00:00:00+00:00,DELIVERED,NORMAL,1,Auto-generated for replenishing Syringes (5ml). Days remaining: 6.6,2,1,2025-12-26T00:00:00+00:00,2025-12-21T00:00:00+00:00,2025-12-29T00:00:00+00:00
599,6,2025-12-21T00:00:00+00:00,2025-12-25T00:00:00+00:00,DELIVERED,NORMAL,1,Auto-generated for replenishing HCV Rapid Test Kits. Days remaining: 6.5,2,1,2025-12-22T00:00:00+00:00,2025-12-21T00:00:00+00:00,2025-12-25T00:00:00+00:00
600,14,2025-12-21T00:00:00+00:00,2025-12-29T00:00:00+00:00,DELIVERED,NORMAL,1,Auto-generated for replenishing Surgical Blades #22. Days remaining: 6.5,2,1,2025-12-26T00:00:00+00:00,2025-12-21T00:00:00+00:00,2025-12-29T00:00:00+00:00
601,6,2025-12-21T00:00:00+00:00,2025-12-25T00:00:00+00:00,DELIVERED,NORMAL,1,Auto-generated for replenishing D-Dimer Test Kits. Days remaining: 6.7,2,1,2025-12-22T00:00:00+00:00,2025-12-21T00:00:00+00:00,2025-12-25T00:00:00+00:00
602,10,2025-12-21T00:00:00+00:00,2025-12-29T00:00:00+00:00,DELIVERED,NORMAL,1,Auto-generated for replenishing Foley Catheter Fr16. Days remaining: 6.9,2,1,2025-12-26T00:00:00+00:00,2025-12-21T00:00:00+00:00,2025-12-29T00:00:00+00:00
603,5,2025-12-22T00:00:00+00:00,2025-12-31T00:00:00+00:00,DELIVERED,NORMAL,1,Auto-generated for replenishing Disposable Scalpel #15. Days remaining: 6.8,2,1,2025-12-28T00:00:00+00:00,2025-12-22T00:00:00+00:00,2025-12-31T00:00:00+00:00
604,7,2025-12-22T00:00:00+00:00,2025-12-25T00:00:00+00:00,DELIVERED,NORMAL,1,Auto-generated for replenishing Syringes (10ml). Days remaining: 6.4,2,1,2025-12-22T00:00:00+00:00,2025-12-22T00:00:00+00:00,2025-12-25T00:00:00+00:00
605,14,2025-12-22T00:00:00+00:00,2025-12-30T00:00:00+00:00,DELIVERED,NORMAL,1,Auto-generated for replenishing Surgical Stapler. Days remaining: 6.9,2,1,2025-12-27T00:00:00+00:00,2025-12-22T00:00:00+00:00,2025-12-30T00:00:00+00:00
606,1,2025-12-22T00:00:00+00:00,2025-12-26T00:00:00+00:00,DELIVERED,NORMAL,1,Auto-generated for replenishing Disposable Gown Blue. Days remaining: 6.6,2,1,2025-12-23T00:00:00+00:00,2025-12-22T00:00:00+00:00,2025-12-26T00:00:00+00:00
607,14,2025-12-22T00:00:00+00:00,2025-12-30T00:00:00+00:00,DELIVERED,NORMAL,1,Auto-generated for replenishing Surgical Gown Sterile. Days remaining: 6.2,2,1,2025-12-27T00:00:00+00:00,2025-12-22T00:00:00+00:00,2025-12-30T00:00:00+00:00
608,3,2025-12-22T00:00:00+00:00,2025-12-25T00:00:00+00:00,DELIVERED,NORMAL,1,Auto-generated for replenishing CRP Latex Slide Kit. Days remaining: 6.5,2,1,2025-12-22T00:00:00+00:00,2025-12-22T00:00:00+00:00,2025-12-25T00:00:00+00:00
609,1,2025-12-23T00:00:00+00:00,2025-12-27T00:00:00+00:00,DELIVERED,NORMAL,1,Auto-generated for replenishing Lap Sponge 30x30cm. Days remaining: 6.6,2,1,2025-12-24T00:00:00+00:00,2025-12-23T00:00:00+00:00,2025-12-27T00:00:00+00:00
610,7,2025-12-23T00:00:00+00:00,2025-12-26T00:00:00+00:00,DELIVERED,NORMAL,1,Auto-generated for replenishing IV Cannula 20G. Days remaining: 6.8,2,1,2025-12-23T00:00:00+00:00,2025-12-23T00:00:00+00:00,2025-12-26T00:00:00+00:00
611,8,2025-12-23T00:00:00+00:00,2025-12-31T00:00:00+00:00,DELIVERED,NORMAL,1,Auto-generated for replenishing C-Section Drape. Days remaining: 6.2,2,1,2025-12-28T00:00:00+00:00,2025-12-23T00:00:00+00:00,2025-12-31T00:00:00+00:00
612,15,2025-12-24T00:00:00+00:00,2025-12-31T00:00:00+00:00,DELIVERED,NORMAL,1,Auto-generated for replenishing Latex Gloves (S). Days remaining: 6.3,2,1,2025-12-28T00:00:00+00:00,2025-12-24T00:00:00+00:00,2025-12-31T00:00:00+00:00
613,8,2025-12-24T00:00:00+00:00,2026-01-01T00:00:00+00:00,DELIVERED,NORMAL,1,Auto-generated for replenishing Bone Wax 2.5g. Days remaining: 7.0,2,1,2025-12-29T00:00:00+00:00,2025-12-24T00:00:00+00:00,2026-01-01T00:00:00+00:00
614,8,2025-12-24T00:00:00+00:00,2026-01-01T00:00:00+00:00,DELIVERED,NORMAL,1,Auto-generated for replenishing Vicryl Suture 2-0. Days remaining: 6.6,2,1,2025-12-29T00:00:00+00:00,2025-12-24T00:00:00+00:00,2026-01-01T00:00:00+00:00
615,4,2025-12-24T00:00:00+00:00,2026-01-03T00:00:00+00:00,DELIVERED,NORMAL,1,Auto-generated for replenishing Warfarin 5mg. Days remaining: 6.3,2,1,2025-12-31T00:00:00+00:00,2025-12-24T00:00:00+00:00,2026-01-03T00:00:00+00:00
616,5,2025-12-24T00:00:00+00:00,2026-01-02T00:00:00+00:00,DELIVERED,NORMAL,1,Auto-generated for replenishing Staple Remover. Days remaining: 6.2,2,1,2025-12-30T00:00:00+00:00,2025-12-24T00:00:00+00:00,2026-01-02T00:00:00+00:00
617,10,2025-12-24T00:00:00+00:00,2026-01-01T00:00:00+00:00,DELIVERED,NORMAL,1,Auto-generated for replenishing Troponin I Rapid Kit. Days remaining: 6.7,2,1,2025-12-29T00:00:00+00:00,2025-12-24T00:00:00+00:00,2026-01-01T00:00:00+00:00
618,4,2025-12-25T00:00:00+00:00,2026-01-04T00:00:00+00:00,DELIVERED,NORMAL,1,Auto-generated for replenishing Pregnancy Test Cassette. Days remaining: 6.2,2,1,2026-01-01T00:00:00+00:00,2025-12-25T00:00:00+00:00,2026-01-04T00:00:00+00:00
619,2,2025-12-25T00:00:00+00:00,2025-12-29T00:00:00+00:00,DELIVERED,NORMAL,1,Auto-generated for replenishing IV Infusion Set. Days remaining: 6.4,2,1,2025-12-26T00:00:00+00:00,2025-12-25T00:00:00+00:00,2025-12-29T00:00:00+00:00
620,8,2025-12-26T00:00:00+00:00,2026-01-03T00:00:00+00:00,DELIVERED,NORMAL,1,Auto-generated for replenishing Serum Sep Tubes (SST). Days remaining: 6.7,2,1,2025-12-31T00:00:00+00:00,2025-12-26T00:00:00+00:00,2026-01-03T00:00:00+00:00
621,7,2025-12-26T00:00:00+00:00,2025-12-29T00:00:00+00:00,DELIVERED,NORMAL,1,Auto-generated for replenishing N95 Respirator Mask. Days remaining: 5.8,2,1,2025-12-26T00:00:00+00:00,2025-12-26T00:00:00+00:00,2025-12-29T00:00:00+00:00
622,9,2025-12-26T00:00:00+00:00,2026-01-02T00:00:00+00:00,DELIVERED,NORMAL,1,Auto-generated for replenishing Omeprazole 20mg. Days remaining: 6.2,2,1,2025-12-30T00:00:00+00:00,2025-12-26T00:00:00+00:00,2026-01-02T00:00:00+00:00
623,15,2025-12-26T00:00:00+00:00,2026-01-02T00:00:00+00:00,DELIVERED,NORMAL,1,Auto-generated for replenishing Nitrile Gloves (L). Days remaining: 6.8,2,1,2025-12-30T00:00:00+00:00,2025-12-26T00:00:00+00:00,2026-01-02T00:00:00+00:00
624,13,2025-12-27T00:00:00+00:00,2026-01-02T00:00:00+00:00,DELIVERED,NORMAL,1,Auto-generated for replenishing Nitrile Gloves (S). Days remaining: 6.5,2,1,2025-12-30T00:00:00+00:00,2025-12-27T00:00:00+00:00,2026-01-02T00:00:00+00:00
625,8,2025-12-27T00:00:00+00:00,2026-01-04T00:00:00+00:00,DELIVERED,NORMAL,1,Auto-generated for replenishing Blood Culture Bottles. Days remaining: 6.6,2,1,2026-01-01T00:00:00+00:00,2025-12-27T00:00:00+00:00,2026-01-04T00:00:00+00:00
626,6,2025-12-27T00:00:00+00:00,2025-12-31T00:00:00+00:00,DELIVERED,NORMAL,1,Auto-generated for replenishing Protective Goggles. Days remaining: 6.6,2,1,2025-12-28T00:00:00+00:00,2025-12-27T00:00:00+00:00,2025-12-31T00:00:00+00:00
627,11,2025-12-27T00:00:00+00:00,2025-12-31T00:00:00+00:00,DELIVERED,NORMAL,1,Auto-generated for replenishing Metformin 500mg. Days remaining: 5.9,2,1,2025-12-28T00:00:00+00:00,2025-12-27T00:00:00+00:00,2025-12-31T00:00:00+00:00
628,13,2025-12-27T00:00:00+00:00,2026-01-02T00:00:00+00:00,DELIVERED,NORMAL,1,Auto-generated for replenishing Levothyroxine 50mcg. Days remaining: 6.1,2,1,2025-12-30T00:00:00+00:00,2025-12-27T00:00:00+00:00,2026-01-02T00:00:00+00:00
629,12,2025-12-28T00:00:00+00:00,2026-01-04T00:00:00+00:00,DELIVERED,NORMAL,1,Auto-generated for replenishing Foley Catheter Fr18. Days remaining: 6.7,2,1,2026-01-01T00:00:00+00:00,2025-12-28T00:00:00+00:00,2026-01-04T00:00:00+00:00
630,15,2025-12-29T00:00:00+00:00,2026-01-05T00:00:00+00:00,DELIVERED,NORMAL,1,Auto-generated for replenishing Urine Drainage Bag. Days remaining: 6.2,2,1,2026-01-02T00:00:00+00:00,2025-12-29T00:00:00+00:00,2026-01-05T00:00:00+00:00
631,11,2025-12-29T00:00:00+00:00,2026-01-02T00:00:00+00:00,DELIVERED,NORMAL,1,Auto-generated for replenishing Pipette Tips 200uL. Days remaining: 6.2,2,1,2025-12-30T00:00:00+00:00,2025-12-29T00:00:00+00:00,2026-01-02T00:00:00+00:00
632,7,2025-12-29T00:00:00+00:00,2026-01-01T00:00:00+00:00,DELIVERED,NORMAL,1,Auto-generated for replenishing Latex Gloves (L). Days remaining: 7.0,2,1,2025-12-29T00:00:00+00:00,2025-12-29T00:00:00+00:00,2026-01-01T00:00:00+00:00
633,14,2025-12-29T00:00:00+00:00,2026-01-06T00:00:00+00:00,DELIVERED,NORMAL,1,Auto-generated for replenishing Normal Saline 500ml. Days remaining: 6.1,2,1,2026-01-03T00:00:00+00:00,2025-12-29T00:00:00+00:00,2026-01-06T00:00:00+00:00
634,10,2025-12-29T00:00:00+00:00,2026-01-06T00:00:00+00:00,DELIVERED,NORMAL,1,Auto-generated for replenishing Nitrile Gloves (M). Days remaining: 6.6,2,1,2026-01-03T00:00:00+00:00,2025-12-29T00:00:00+00:00,2026-01-06T00:00:00+00:00
635,3,2025-12-30T00:00:00+00:00,2026-01-02T00:00:00+00:00,DELIVERED,NORMAL,1,Auto-generated for replenishing Skin Marker Pen. Days remaining: 6.9,2,1,2025-12-30T00:00:00+00:00,2025-12-30T00:00:00+00:00,2026-01-02T00:00:00+00:00
636,13,2025-12-30T00:00:00+00:00,2026-01-05T00:00:00+00:00,DELIVERED,NORMAL,1,Auto-generated for replenishing Vicryl Suture 4-0. Days remaining: 6.8,2,1,2026-01-02T00:00:00+00:00,2025-12-30T00:00:00+00:00,2026-01-05T00:00:00+00:00
637,6,2025-12-30T00:00:00+00:00,2026-01-03T00:00:00+00:00,DELIVERED,NORMAL,1,Auto-generated for replenishing Pipette Tips 1000uL. Days remaining: 6.5,2,1,2025-12-31T00:00:00+00:00,2025-12-30T00:00:00+00:00,2026-01-03T00:00:00+00:00
638,5,2025-12-31T00:00:00+00:00,2026-01-09T00:00:00+00:00,DELIVERED,NORMAL,1,Auto-generated for replenishing Face Shield Clear. Days remaining: 6.9,2,1,2026-01-06T00:00:00+00:00,2025-12-31T00:00:00+00:00,2026-01-09T00:00:00+00:00
639,10,2025-12-31T00:00:00+00:00,2026-01-08T00:00:00+00:00,DELIVERED,NORMAL,1,Auto-generated for replenishing Hand Sanitizer 100ml. Days remaining: 6.0,2,1,2026-01-05T00:00:00+00:00,2025-12-31T00:00:00+00:00,2026-01-08T00:00:00+00:00
640,12,2025-12-31T00:00:00+00:00,2026-01-07T00:00:00+00:00,DELIVERED,NORMAL,1,Auto-generated for replenishing Alcohol Prep Pads. Days remaining: 6.8,2,1,2026-01-04T00:00:00+00:00,2025-12-31T00:00:00+00:00,2026-01-07T00:00:00+00:00
641,1,2025-12-31T00:00:00+00:00,2026-01-04T00:00:00+00:00,DELIVERED,NORMAL,1,Auto-generated for replenishing Syphilis Test Kits. Days remaining: 6.2,2,1,2026-01-01T00:00:00+00:00,2025-12-31T00:00:00+00:00,2026-01-04T00:00:00+00:00
642,9,2025-12-31T00:00:00+00:00,2026-01-07T00:00:00+00:00,DELIVERED,NORMAL,1,Auto-generated for replenishing Rheumatoid Factor Kit. Days remaining: 7.0,2,1,2026-01-04T00:00:00+00:00,2025-12-31T00:00:00+00:00,2026-01-07T00:00:00+00:00
643,3,2025-12-31T00:00:00+00:00,2026-01-03T00:00:00+00:00,DELIVERED,NORMAL,1,Auto-generated for replenishing IV Cannula 18G. Days remaining: 6.7,2,1,2025-12-31T00:00:00+00:00,2025-12-31T00:00:00+00:00,2026-01-03T00:00:00+00:00
644,9,2026-01-01T00:00:00+00:00,2026-01-08T00:00:00+00:00,DELIVERED,NORMAL,1,Auto-generated for replenishing Hand Sanitizer 500ml. Days remaining: 6.0,2,1,2026-01-05T00:00:00+00:00,2026-01-01T00:00:00+00:00,2026-01-08T00:00:00+00:00
645,5,2026-01-01T00:00:00+00:00,2026-01-10T00:00:00+00:00,DELIVERED,NORMAL,1,Auto-generated for replenishing Pantoprazole 40mg. Days remaining: 7.0,2,1,2026-01-07T00:00:00+00:00,2026-01-01T00:00:00+00:00,2026-01-10T00:00:00+00:00
646,10,2026-01-01T00:00:00+00:00,2026-01-09T00:00:00+00:00,DELIVERED,NORMAL,1,Auto-generated for replenishing Surgical Tape 2-inch. Days remaining: 6.4,2,1,2026-01-06T00:00:00+00:00,2026-01-01T00:00:00+00:00,2026-01-09T00:00:00+00:00
647,7,2026-01-01T00:00:00+00:00,2026-01-04T00:00:00+00:00,DELIVERED,NORMAL,1,Auto-generated for replenishing Paracetamol 500mg. Days remaining: 6.3,2,1,2026-01-01T00:00:00+00:00,2026-01-01T00:00:00+00:00,2026-01-04T00:00:00+00:00
648,13,2026-01-02T00:00:00+00:00,2026-01-08T00:00:00+00:00,DELIVERED,NORMAL,1,Auto-generated for replenishing Malaria Antigen Kit. Days remaining: 6.5,2,1,2026-01-05T00:00:00+00:00,2026-01-02T00:00:00+00:00,2026-01-08T00:00:00+00:00
649,7,2026-01-02T00:00:00+00:00,2026-01-05T00:00:00+00:00,DELIVERED,NORMAL,1,Auto-generated for replenishing Tramadol 50mg. Days remaining: 6.2,2,1,2026-01-02T00:00:00+00:00,2026-01-02T00:00:00+00:00,2026-01-05T00:00:00+00:00
650,1,2026-01-02T00:00:00+00:00,2026-01-06T00:00:00+00:00,DELIVERED,NORMAL,1,Auto-generated for replenishing Metoprolol 25mg. Days remaining: 6.9,2,1,2026-01-03T00:00:00+00:00,2026-01-02T00:00:00+00:00,2026-01-06T00:00:00+00:00
651,1,2026-01-02T00:00:00+00:00,2026-01-06T00:00:00+00:00,DELIVERED,NORMAL,1,Auto-generated for replenishing Cotton Wool Rolls. Days remaining: 6.2,2,1,2026-01-03T00:00:00+00:00,2026-01-02T00:00:00+00:00,2026-01-06T00:00:00+00:00
652,10,2026-01-02T00:00:00+00:00,2026-01-10T00:00:00+00:00,DELIVERED,NORMAL,1,Auto-generated for replenishing Pregnancy Test HCG. Days remaining: 6.4,2,1,2026-01-07T00:00:00+00:00,2026-01-02T00:00:00+00:00,2026-01-10T00:00:00+00:00
653,7,2026-01-02T00:00:00+00:00,2026-01-05T00:00:00+00:00,DELIVERED,NORMAL,1,Auto-generated for replenishing IV Cannula 22G. Days remaining: 6.4,2,1,2026-01-02T00:00:00+00:00,2026-01-02T00:00:00+00:00,2026-01-05T00:00:00+00:00
654,2,2026-01-02T00:00:00+00:00,2026-01-06T00:00:00+00:00,DELIVERED,NORMAL,1,Auto-generated for replenishing Blood Grouping Anti-A. Days remaining: 7.0,2,1,2026-01-03T00:00:00+00:00,2026-01-02T00:00:00+00:00,2026-01-06T00:00:00+00:00
655,10,2026-01-03T00:00:00+00:00,2026-01-11T00:00:00+00:00,DELIVERED,NORMAL,1,Auto-generated for replenishing Clopidogrel 75mg. Days remaining: 7.0,2,1,2026-01-08T00:00:00+00:00,2026-01-03T00:00:00+00:00,2026-01-11T00:00:00+00:00
656,4,2026-01-03T00:00:00+00:00,2026-01-13T00:00:00+00:00,DELIVERED,NORMAL,1,Auto-generated for replenishing Albuterol Inhaler. Days remaining: 6.8,2,1,2026-01-10T00:00:00+00:00,2026-01-03T00:00:00+00:00,2026-01-13T00:00:00+00:00
657,6,2026-01-04T00:00:00+00:00,2026-01-08T00:00:00+00:00,DELIVERED,NORMAL,1,Auto-generated for replenishing Microscope Slides. Days remaining: 6.9,2,1,2026-01-05T00:00:00+00:00,2026-01-04T00:00:00+00:00,2026-01-08T00:00:00+00:00
658,13,2026-01-04T00:00:00+00:00,2026-01-10T00:00:00+00:00,DELIVERED,NORMAL,1,Auto-generated for replenishing Sodium Citrate Tubes. Days remaining: 6.0,2,1,2026-01-07T00:00:00+00:00,2026-01-04T00:00:00+00:00,2026-01-10T00:00:00+00:00
659,7,2026-01-04T00:00:00+00:00,2026-01-07T00:00:00+00:00,DELIVERED,NORMAL,1,Auto-generated for replenishing Bandage Roll 4-inch. Days remaining: 6.3,2,1,2026-01-04T00:00:00+00:00,2026-01-04T00:00:00+00:00,2026-01-07T00:00:00+00:00
660,10,2026-01-04T00:00:00+00:00,2026-01-12T00:00:00+00:00,DELIVERED,NORMAL,1,Auto-generated for replenishing EDTA Blood Tubes (K2). Days remaining: 6.8,2,1,2026-01-09T00:00:00+00:00,2026-01-04T00:00:00+00:00,2026-01-12T00:00:00+00:00
661,11,2026-01-04T00:00:00+00:00,2026-01-08T00:00:00+00:00,DELIVERED,NORMAL,1,Auto-generated for replenishing Bandage Roll 3-inch. Days remaining: 6.4,2,1,2026-01-05T00:00:00+00:00,2026-01-04T00:00:00+00:00,2026-01-08T00:00:00+00:00
662,13,2026-01-05T00:00:00+00:00,2026-01-11T00:00:00+00:00,DELIVERED,NORMAL,1,Auto-generated for replenishing Universal Drape Pack. Days remaining: 6.3,2,1,2026-01-08T00:00:00+00:00,2026-01-05T00:00:00+00:00,2026-01-11T00:00:00+00:00
663,13,2026-01-05T00:00:00+00:00,2026-01-11T00:00:00+00:00,DELIVERED,NORMAL,1,Auto-generated for replenishing Silk Suture 2-0. Days remaining: 6.5,2,1,2026-01-08T00:00:00+00:00,2026-01-05T00:00:00+00:00,2026-01-11T00:00:00+00:00
664,10,2026-01-05T00:00:00+00:00,2026-01-13T00:00:00+00:00,DELIVERED,NORMAL,1,Auto-generated for replenishing Azithromycin 250mg. Days remaining: 6.3,2,1,2026-01-10T00:00:00+00:00,2026-01-05T00:00:00+00:00,2026-01-13T00:00:00+00:00
665,2,2026-01-05T00:00:00+00:00,2026-01-09T00:00:00+00:00,DELIVERED,NORMAL,1,Auto-generated for replenishing Atorvastatin 20mg. Days remaining: 6.6,2,1,2026-01-06T00:00:00+00:00,2026-01-05T00:00:00+00:00,2026-01-09T00:00:00+00:00
666,10,2026-01-06T00:00:00+00:00,2026-01-14T00:00:00+00:00,DELIVERED,NORMAL,1,Auto-generated for replenishing Amoxicillin 500mg. Days remaining: 6.5,2,1,2026-01-11T00:00:00+00:00,2026-01-06T00:00:00+00:00,2026-01-14T00:00:00+00:00
667,14,2026-01-06T00:00:00+00:00,2026-01-14T00:00:00+00:00,DELIVERED,NORMAL,1,Auto-generated for replenishing Losartan 50mg. Days remaining: 6.7,2,1,2026-01-11T00:00:00+00:00,2026-01-06T00:00:00+00:00,2026-01-14T00:00:00+00:00
668,2,2026-01-06T00:00:00+00:00,2026-01-10T00:00:00+00:00,DELIVERED,NORMAL,1,Auto-generated for replenishing HIV Rapid Test Kits. Days remaining: 6.6,2,1,2026-01-07T00:00:00+00:00,2026-01-06T00:00:00+00:00,2026-01-10T00:00:00+00:00
669,8,2026-01-06T00:00:00+00:00,2026-01-14T00:00:00+00:00,DELIVERED,NORMAL,1,Auto-generated for replenishing Vicryl Suture 3-0. Days remaining: 7.0,2,1,2026-01-11T00:00:00+00:00,2026-01-06T00:00:00+00:00,2026-01-14T00:00:00+00:00
670,8,2026-01-06T00:00:00+00:00,2026-01-14T00:00:00+00:00,DELIVERED,NORMAL,1,Auto-generated for replenishing Gauze Swabs 10x10cm. Days remaining: 6.6,2,1,2026-01-11T00:00:00+00:00,2026-01-06T00:00:00+00:00,2026-01-14T00:00:00+00:00
671,15,2026-01-07T00:00:00+00:00,2026-01-14T00:00:00+00:00,DELIVERED,NORMAL,1,Auto-generated for replenishing Disposable Scalpel #11. Days remaining: 6.3,2,1,2026-01-11T00:00:00+00:00,2026-01-07T00:00:00+00:00,2026-01-14T00:00:00+00:00
672,12,2026-01-07T00:00:00+00:00,2026-01-14T00:00:00+00:00,DELIVERED,NORMAL,1,Auto-generated for replenishing Bouffant Caps Blue. Days remaining: 6.7,2,1,2026-01-11T00:00:00+00:00,2026-01-07T00:00:00+00:00,2026-01-14T00:00:00+00:00
673,6,2026-01-07T00:00:00+00:00,2026-01-11T00:00:00+00:00,DELIVERED,NORMAL,1,Auto-generated for replenishing Shoe Covers Disposable. Days remaining: 6.5,2,1,2026-01-08T00:00:00+00:00,2026-01-07T00:00:00+00:00,2026-01-11T00:00:00+00:00
674,13,2026-01-07T00:00:00+00:00,2026-01-13T00:00:00+00:00,DELIVERED,NORMAL,1,Auto-generated for replenishing Ibuprofen 400mg. Days remaining: 6.2,2,1,2026-01-10T00:00:00+00:00,2026-01-07T00:00:00+00:00,2026-01-13T00:00:00+00:00
675,9,2026-01-07T00:00:00+00:00,2026-01-14T00:00:00+00:00,DELIVERED,NORMAL,1,Auto-generated for replenishing Sterile Water 10ml. Days remaining: 6.6,2,1,2026-01-11T00:00:00+00:00,2026-01-07T00:00:00+00:00,2026-01-14T00:00:00+00:00
676,12,2026-01-08T00:00:00+00:00,2026-01-15T00:00:00+00:00,DELIVERED,NORMAL,1,Auto-generated for replenishing Urine Dipsticks 10T. Days remaining: 6.8,2,1,2026-01-12T00:00:00+00:00,2026-01-08T00:00:00+00:00,2026-01-15T00:00:00+00:00
677,11,2026-01-08T00:00:00+00:00,2026-01-12T00:00:00+00:00,DELIVERED,NORMAL,1,Auto-generated for replenishing Biohazard Bags Large. Days remaining: 6.8,2,1,2026-01-09T00:00:00+00:00,2026-01-08T00:00:00+00:00,2026-01-12T00:00:00+00:00
678,3,2026-01-08T00:00:00+00:00,2026-01-11T00:00:00+00:00,DELIVERED,NORMAL,1,Auto-generated for replenishing Ringer Lactate 500ml. Days remaining: 6.7,2,1,2026-01-08T00:00:00+00:00,2026-01-08T00:00:00+00:00,2026-01-11T00:00:00+00:00
679,11,2026-01-08T00:00:00+00:00,2026-01-12T00:00:00+00:00,DELIVERED,NORMAL,1,Auto-generated for replenishing Aprons Waterproof. Days remaining: 6.5,2,1,2026-01-09T00:00:00+00:00,2026-01-08T00:00:00+00:00,2026-01-12T00:00:00+00:00
680,3,2026-01-08T00:00:00+00:00,2026-01-11T00:00:00+00:00,DELIVERED,NORMAL,1,Auto-generated for replenishing Amlodipine 5mg. Days remaining: 6.9,2,1,2026-01-08T00:00:00+00:00,2026-01-08T00:00:00+00:00,2026-01-11T00:00:00+00:00
681,7,2026-01-08T00:00:00+00:00,2026-01-11T00:00:00+00:00,DELIVERED,NORMAL,1,Auto-generated for replenishing Adhesive Plasters. Days remaining: 6.8,2,1,2026-01-08T00:00:00+00:00,2026-01-08T00:00:00+00:00,2026-01-11T00:00:00+00:00
682,14,2026-01-08T00:00:00+00:00,2026-01-16T00:00:00+00:00,DELIVERED,NORMAL,1,Auto-generated for replenishing Syringes (5ml). Days remaining: 6.9,2,1,2026-01-13T00:00:00+00:00,2026-01-08T00:00:00+00:00,2026-01-16T00:00:00+00:00
683,7,2026-01-09T00:00:00+00:00,2026-01-12T00:00:00+00:00,DELIVERED,NORMAL,1,Auto-generated for replenishing Glucose Test Strips. Days remaining: 6.4,2,1,2026-01-09T00:00:00+00:00,2026-01-09T00:00:00+00:00,2026-01-12T00:00:00+00:00
684,5,2026-01-09T00:00:00+00:00,2026-01-18T00:00:00+00:00,DELIVERED,NORMAL,1,Auto-generated for replenishing Biohazard Bags Medium. Days remaining: 6.6,2,1,2026-01-15T00:00:00+00:00,2026-01-09T00:00:00+00:00,2026-01-18T00:00:00+00:00
685,15,2026-01-10T00:00:00+00:00,2026-01-17T00:00:00+00:00,DELIVERED,NORMAL,1,Auto-generated for replenishing Montelukast 10mg. Days remaining: 6.7,2,1,2026-01-14T00:00:00+00:00,2026-01-10T00:00:00+00:00,2026-01-17T00:00:00+00:00
686,13,2026-01-11T00:00:00+00:00,2026-01-17T00:00:00+00:00,DELIVERED,NORMAL,1,Auto-generated for replenishing Suction Yankauer Tip. Days remaining: 6.8,2,1,2026-01-14T00:00:00+00:00,2026-01-11T00:00:00+00:00,2026-01-17T00:00:00+00:00
687,1,2026-01-11T00:00:00+00:00,2026-01-15T00:00:00+00:00,DELIVERED,NORMAL,1,Auto-generated for replenishing Disposable Gown Blue. Days remaining: 6.7,2,1,2026-01-12T00:00:00+00:00,2026-01-11T00:00:00+00:00,2026-01-15T00:00:00+00:00
688,15,2026-01-11T00:00:00+00:00,2026-01-18T00:00:00+00:00,DELIVERED,NORMAL,1,Auto-generated for replenishing Epidural Needle 18G. Days remaining: 6.8,2,1,2026-01-15T00:00:00+00:00,2026-01-11T00:00:00+00:00,2026-01-18T00:00:00+00:00
689,2,2026-01-11T00:00:00+00:00,2026-01-15T00:00:00+00:00,DELIVERED,NORMAL,1,Auto-generated for replenishing Latex Gloves (M). Days remaining: 6.1,2,1,2026-01-12T00:00:00+00:00,2026-01-11T00:00:00+00:00,2026-01-15T00:00:00+00:00
690,5,2026-01-11T00:00:00+00:00,2026-01-20T00:00:00+00:00,DELIVERED,NORMAL,1,Auto-generated for replenishing 3-Ply Surgical Mask. Days remaining: 6.7,2,1,2026-01-17T00:00:00+00:00,2026-01-11T00:00:00+00:00,2026-01-20T00:00:00+00:00
691,12,2026-01-11T00:00:00+00:00,2026-01-18T00:00:00+00:00,DELIVERED,NORMAL,1,Auto-generated for replenishing Cetirizine 10mg. Days remaining: 6.4,2,1,2026-01-15T00:00:00+00:00,2026-01-11T00:00:00+00:00,2026-01-18T00:00:00+00:00
692,1,2026-01-12T00:00:00+00:00,2026-01-16T00:00:00+00:00,DELIVERED,NORMAL,1,Auto-generated for replenishing Lap Sponge 30x30cm. Days remaining: 6.0,2,1,2026-01-13T00:00:00+00:00,2026-01-12T00:00:00+00:00,2026-01-16T00:00:00+00:00
693,14,2026-01-12T00:00:00+00:00,2026-01-20T00:00:00+00:00,DELIVERED,NORMAL,1,Auto-generated for replenishing Surgical Blades #10. Days remaining: 6.2,2,1,2026-01-17T00:00:00+00:00,2026-01-12T00:00:00+00:00,2026-01-20T00:00:00+00:00
694,4,2026-01-12T00:00:00+00:00,2026-01-22T00:00:00+00:00,DELIVERED,NORMAL,1,Auto-generated for replenishing Disinfectant Wipes. Days remaining: 6.8,2,1,2026-01-19T00:00:00+00:00,2026-01-12T00:00:00+00:00,2026-01-22T00:00:00+00:00
695,15,2026-01-12T00:00:00+00:00,2026-01-19T00:00:00+00:00,DELIVERED,NORMAL,1,Auto-generated for replenishing Latex Gloves (S). Days remaining: 6.1,2,1,2026-01-16T00:00:00+00:00,2026-01-12T00:00:00+00:00,2026-01-19T00:00:00+00:00
696,15,2026-01-12T00:00:00+00:00,2026-01-19T00:00:00+00:00,DELIVERED,NORMAL,1,Auto-generated for replenishing Monocryl Suture 4-0. Days remaining: 6.7,2,1,2026-01-16T00:00:00+00:00,2026-01-12T00:00:00+00:00,2026-01-19T00:00:00+00:00
697,11,2026-01-12T00:00:00+00:00,2026-01-16T00:00:00+00:00,DELIVERED,NORMAL,1,Auto-generated for replenishing Syringes (2ml). Days remaining: 6.9,2,1,2026-01-13T00:00:00+00:00,2026-01-12T00:00:00+00:00,2026-01-16T00:00:00+00:00
698,12,2026-01-12T00:00:00+00:00,2026-01-19T00:00:00+00:00,DELIVERED,NORMAL,1,Auto-generated for replenishing Suction Tubing 3m. Days remaining: 6.7,2,1,2026-01-16T00:00:00+00:00,2026-01-12T00:00:00+00:00,2026-01-19T00:00:00+00:00
699,4,2026-01-13T00:00:00+00:00,2026-01-23T00:00:00+00:00,DELIVERED,NORMAL,1,Auto-generated for replenishing Pregnancy Test Cassette. Days remaining: 6.4,2,1,2026-01-20T00:00:00+00:00,2026-01-13T00:00:00+00:00,2026-01-23T00:00:00+00:00
700,7,2026-01-13T00:00:00+00:00,2026-01-16T00:00:00+00:00,DELIVERED,NORMAL,1,Auto-generated for replenishing Syringes (10ml). Days remaining: 7.0,2,1,2026-01-13T00:00:00+00:00,2026-01-13T00:00:00+00:00,2026-01-16T00:00:00+00:00
701,2,2026-01-13T00:00:00+00:00,2026-01-17T00:00:00+00:00,DELIVERED,NORMAL,1,Auto-generated for replenishing Prednisone 10mg. Days remaining: 6.2,2,1,2026-01-14T00:00:00+00:00,2026-01-13T00:00:00+00:00,2026-01-17T00:00:00+00:00
702,5,2026-01-13T00:00:00+00:00,2026-01-22T00:00:00+00:00,DELIVERED,NORMAL,1,Auto-generated for replenishing Disposable Scalpel #15. Days remaining: 6.1,2,1,2026-01-19T00:00:00+00:00,2026-01-13T00:00:00+00:00,2026-01-22T00:00:00+00:00
703,6,2026-01-13T00:00:00+00:00,2026-01-17T00:00:00+00:00,DELIVERED,NORMAL,1,Auto-generated for replenishing HCV Rapid Test Kits. Days remaining: 6.5,2,1,2026-01-14T00:00:00+00:00,2026-01-13T00:00:00+00:00,2026-01-17T00:00:00+00:00
704,11,2026-01-14T00:00:00+00:00,2026-01-18T00:00:00+00:00,DELIVERED,NORMAL,1,Auto-generated for replenishing Metformin 500mg. Days remaining: 6.1,2,1,2026-01-15T00:00:00+00:00,2026-01-14T00:00:00+00:00,2026-01-18T00:00:00+00:00
705,9,2026-01-14T00:00:00+00:00,2026-01-21T00:00:00+00:00,DELIVERED,NORMAL,1,Auto-generated for replenishing Silk Suture 3-0. Days remaining: 6.4,2,1,2026-01-18T00:00:00+00:00,2026-01-14T00:00:00+00:00,2026-01-21T00:00:00+00:00
706,14,2026-01-15T00:00:00+00:00,2026-01-23T00:00:00+00:00,DELIVERED,NORMAL,1,Auto-generated for replenishing Surgical Stapler. Days remaining: 6.4,2,1,2026-01-20T00:00:00+00:00,2026-01-15T00:00:00+00:00,2026-01-23T00:00:00+00:00
707,13,2026-01-15T00:00:00+00:00,2026-01-21T00:00:00+00:00,DELIVERED,NORMAL,1,Auto-generated for replenishing Levothyroxine 50mcg. Days remaining: 6.8,2,1,2026-01-18T00:00:00+00:00,2026-01-15T00:00:00+00:00,2026-01-21T00:00:00+00:00
708,3,2026-01-15T00:00:00+00:00,2026-01-18T00:00:00+00:00,DELIVERED,NORMAL,1,Auto-generated for replenishing CRP Latex Slide Kit. Days remaining: 6.5,2,1,2026-01-15T00:00:00+00:00,2026-01-15T00:00:00+00:00,2026-01-18T00:00:00+00:00
709,5,2026-01-15T00:00:00+00:00,2026-01-24T00:00:00+00:00,DELIVERED,NORMAL,1,Auto-generated for replenishing Staple Remover. Days remaining: 6.8,2,1,2026-01-21T00:00:00+00:00,2026-01-15T00:00:00+00:00,2026-01-24T00:00:00+00:00
710,6,2026-01-15T00:00:00+00:00,2026-01-19T00:00:00+00:00,DELIVERED,NORMAL,1,Auto-generated for replenishing Protective Goggles. Days remaining: 6.8,2,1,2026-01-16T00:00:00+00:00,2026-01-15T00:00:00+00:00,2026-01-19T00:00:00+00:00
711,6,2026-01-15T00:00:00+00:00,2026-01-19T00:00:00+00:00,DELIVERED,NORMAL,1,Auto-generated for replenishing D-Dimer Test Kits. Days remaining: 6.7,2,1,2026-01-16T00:00:00+00:00,2026-01-15T00:00:00+00:00,2026-01-19T00:00:00+00:00
712,10,2026-01-15T00:00:00+00:00,2026-01-23T00:00:00+00:00,DELIVERED,NORMAL,1,Auto-generated for replenishing Foley Catheter Fr16. Days remaining: 6.2,2,1,2026-01-20T00:00:00+00:00,2026-01-15T00:00:00+00:00,2026-01-23T00:00:00+00:00
713,14,2026-01-15T00:00:00+00:00,2026-01-23T00:00:00+00:00,DELIVERED,NORMAL,1,Auto-generated for replenishing Surgical Gown Sterile. Days remaining: 6.2,2,1,2026-01-20T00:00:00+00:00,2026-01-15T00:00:00+00:00,2026-01-23T00:00:00+00:00
714,7,2026-01-16T00:00:00+00:00,2026-01-19T00:00:00+00:00,DELIVERED,NORMAL,1,Auto-generated for replenishing IV Cannula 20G. Days remaining: 6.7,2,1,2026-01-16T00:00:00+00:00,2026-01-16T00:00:00+00:00,2026-01-19T00:00:00+00:00
715,8,2026-01-16T00:00:00+00:00,2026-01-24T00:00:00+00:00,DELIVERED,NORMAL,1,Auto-generated for replenishing Vicryl Suture 2-0. Days remaining: 6.6,2,1,2026-01-21T00:00:00+00:00,2026-01-16T00:00:00+00:00,2026-01-24T00:00:00+00:00
716,8,2026-01-16T00:00:00+00:00,2026-01-24T00:00:00+00:00,DELIVERED,NORMAL,1,Auto-generated for replenishing Blood Culture Bottles. Days remaining: 6.3,2,1,2026-01-21T00:00:00+00:00,2026-01-16T00:00:00+00:00,2026-01-24T00:00:00+00:00
717,8,2026-01-16T00:00:00+00:00,2026-01-24T00:00:00+00:00,DELIVERED,NORMAL,1,Auto-generated for replenishing C-Section Drape. Days remaining: 6.5,2,1,2026-01-21T00:00:00+00:00,2026-01-16T00:00:00+00:00,2026-01-24T00:00:00+00:00
718,9,2026-01-16T00:00:00+00:00,2026-01-23T00:00:00+00:00,DELIVERED,NORMAL,1,Auto-generated for replenishing Omeprazole 20mg. Days remaining: 6.7,2,1,2026-01-20T00:00:00+00:00,2026-01-16T00:00:00+00:00,2026-01-23T00:00:00+00:00
719,4,2026-01-16T00:00:00+00:00,2026-01-26T00:00:00+00:00,DELIVERED,NORMAL,1,Auto-generated for replenishing Gabapentin 300mg. Days remaining: 6.2,2,1,2026-01-23T00:00:00+00:00,2026-01-16T00:00:00+00:00,2026-01-26T00:00:00+00:00
720,14,2026-01-17T00:00:00+00:00,2026-01-25T00:00:00+00:00,DELIVERED,NORMAL,1,Auto-generated for replenishing Surgical Blades #22. Days remaining: 6.5,2,1,2026-01-22T00:00:00+00:00,2026-01-17T00:00:00+00:00,2026-01-25T00:00:00+00:00
721,15,2026-01-17T00:00:00+00:00,2026-01-24T00:00:00+00:00,DELIVERED,NORMAL,1,Auto-generated for replenishing Urine Drainage Bag. Days remaining: 6.5,2,1,2026-01-21T00:00:00+00:00,2026-01-17T00:00:00+00:00,2026-01-24T00:00:00+00:00
722,12,2026-01-17T00:00:00+00:00,2026-01-24T00:00:00+00:00,DELIVERED,NORMAL,1,Auto-generated for replenishing Foley Catheter Fr18. Days remaining: 6.3,2,1,2026-01-21T00:00:00+00:00,2026-01-17T00:00:00+00:00,2026-01-24T00:00:00+00:00
723,8,2026-01-18T00:00:00+00:00,2026-01-26T00:00:00+00:00,DELIVERED,NORMAL,1,Auto-generated for replenishing Serum Sep Tubes (SST). Days remaining: 6.1,2,1,2026-01-23T00:00:00+00:00,2026-01-18T00:00:00+00:00,2026-01-26T00:00:00+00:00
724,10,2026-01-18T00:00:00+00:00,2026-01-26T00:00:00+00:00,DELIVERED,NORMAL,1,Auto-generated for replenishing Troponin I Rapid Kit. Days remaining: 7.0,2,1,2026-01-23T00:00:00+00:00,2026-01-18T00:00:00+00:00,2026-01-26T00:00:00+00:00
725,2,2026-01-18T00:00:00+00:00,2026-01-22T00:00:00+00:00,DELIVERED,NORMAL,1,Auto-generated for replenishing IV Infusion Set. Days remaining: 6.4,2,1,2026-01-19T00:00:00+00:00,2026-01-18T00:00:00+00:00,2026-01-22T00:00:00+00:00
726,3,2026-01-19T00:00:00+00:00,2026-01-22T00:00:00+00:00,DELIVERED,NORMAL,1,Auto-generated for replenishing IV Cannula 18G. Days remaining: 6.2,2,1,2026-01-19T00:00:00+00:00,2026-01-19T00:00:00+00:00,2026-01-22T00:00:00+00:00
727,4,2026-01-19T00:00:00+00:00,2026-01-29T00:00:00+00:00,DELIVERED,NORMAL,1,Auto-generated for replenishing Warfarin 5mg. Days remaining: 6.7,2,1,2026-01-26T00:00:00+00:00,2026-01-19T00:00:00+00:00,2026-01-29T00:00:00+00:00
728,7,2026-01-19T00:00:00+00:00,2026-01-22T00:00:00+00:00,DELIVERED,NORMAL,1,Auto-generated for replenishing Latex Gloves (L). Days remaining: 6.3,2,1,2026-01-19T00:00:00+00:00,2026-01-19T00:00:00+00:00,2026-01-22T00:00:00+00:00
729,15,2026-01-20T00:00:00+00:00,2026-01-27T00:00:00+00:00,DELIVERED,NORMAL,1,Auto-generated for replenishing Nitrile Gloves (L). Days remaining: 6.9,2,1,2026-01-24T00:00:00+00:00,2026-01-20T00:00:00+00:00,2026-01-27T00:00:00+00:00
730,13,2026-01-20T00:00:00+00:00,2026-01-26T00:00:00+00:00,DELIVERED,NORMAL,1,Auto-generated for replenishing Nitrile Gloves (S). Days remaining: 6.7,2,1,2026-01-23T00:00:00+00:00,2026-01-20T00:00:00+00:00,2026-01-26T00:00:00+00:00
731,12,2026-01-20T00:00:00+00:00,2026-01-27T00:00:00+00:00,DELIVERED,NORMAL,1,Auto-generated for replenishing Alcohol Prep Pads. Days remaining: 6.7,2,1,2026-01-24T00:00:00+00:00,2026-01-20T00:00:00+00:00,2026-01-27T00:00:00+00:00
732,10,2026-01-20T00:00:00+00:00,2026-01-28T00:00:00+00:00,DELIVERED,NORMAL,1,Auto-generated for replenishing EDTA Blood Tubes (K2). Days remaining: 6.5,2,1,2026-01-25T00:00:00+00:00,2026-01-20T00:00:00+00:00,2026-01-28T00:00:00+00:00
733,14,2026-01-21T00:00:00+00:00,2026-01-29T00:00:00+00:00,DELIVERED,NORMAL,1,Auto-generated for replenishing Normal Saline 500ml. Days remaining: 6.4,2,1,2026-01-26T00:00:00+00:00,2026-01-21T00:00:00+00:00,2026-01-29T00:00:00+00:00
734,9,2026-01-21T00:00:00+00:00,2026-01-28T00:00:00+00:00,DELIVERED,NORMAL,1,Auto-generated for replenishing Hand Sanitizer 500ml. Days remaining: 6.1,2,1,2026-01-25T00:00:00+00:00,2026-01-21T00:00:00+00:00,2026-01-28T00:00:00+00:00
735,5,2026-01-21T00:00:00+00:00,2026-01-30T00:00:00+00:00,DELIVERED,NORMAL,1,Auto-generated for replenishing Pantoprazole 40mg. Days remaining: 5.9,2,1,2026-01-27T00:00:00+00:00,2026-01-21T00:00:00+00:00,2026-01-30T00:00:00+00:00
736,7,2026-01-21T00:00:00+00:00,2026-01-24T00:00:00+00:00,DELIVERED,NORMAL,1,Auto-generated for replenishing N95 Respirator Mask. Days remaining: 6.9,2,1,2026-01-21T00:00:00+00:00,2026-01-21T00:00:00+00:00,2026-01-24T00:00:00+00:00
737,1,2026-01-21T00:00:00+00:00,2026-01-25T00:00:00+00:00,DELIVERED,NORMAL,1,Auto-generated for replenishing Syphilis Test Kits. Days remaining: 6.5,2,1,2026-01-22T00:00:00+00:00,2026-01-21T00:00:00+00:00,2026-01-25T00:00:00+00:00
738,7,2026-01-22T00:00:00+00:00,2026-01-25T00:00:00+00:00,DELIVERED,NORMAL,1,Auto-generated for replenishing Paracetamol 500mg. Days remaining: 6.5,2,1,2026-01-22T00:00:00+00:00,2026-01-22T00:00:00+00:00,2026-01-25T00:00:00+00:00
739,9,2026-01-22T00:00:00+00:00,2026-01-29T00:00:00+00:00,DELIVERED,NORMAL,1,Auto-generated for replenishing Rheumatoid Factor Kit. Days remaining: 7.0,2,1,2026-01-26T00:00:00+00:00,2026-01-22T00:00:00+00:00,2026-01-29T00:00:00+00:00
740,10,2026-01-22T00:00:00+00:00,2026-01-30T00:00:00+00:00,DELIVERED,NORMAL,1,Auto-generated for replenishing Surgical Tape 2-inch. Days remaining: 6.6,2,1,2026-01-27T00:00:00+00:00,2026-01-22T00:00:00+00:00,2026-01-30T00:00:00+00:00
741,3,2026-01-23T00:00:00+00:00,2026-01-26T00:00:00+00:00,DELIVERED,NORMAL,1,Auto-generated for replenishing Skin Marker Pen. Days remaining: 6.5,2,1,2026-01-23T00:00:00+00:00,2026-01-23T00:00:00+00:00,2026-01-26T00:00:00+00:00
742,11,2026-01-23T00:00:00+00:00,2026-01-27T00:00:00+00:00,DELIVERED,NORMAL,1,Auto-generated for replenishing Bandage Roll 3-inch. Days remaining: 6.8,2,1,2026-01-24T00:00:00+00:00,2026-01-23T00:00:00+00:00,2026-01-27T00:00:00+00:00
743,13,2026-01-23T00:00:00+00:00,2026-01-29T00:00:00+00:00,DELIVERED,NORMAL,1,Auto-generated for replenishing Vicryl Suture 4-0. Days remaining: 6.5,2,1,2026-01-26T00:00:00+00:00,2026-01-23T00:00:00+00:00,2026-01-29T00:00:00+00:00
744,10,2026-01-24T00:00:00+00:00,2026-02-01T00:00:00+00:00,DELIVERED,NORMAL,1,Auto-generated for replenishing Nitrile Gloves (M). Days remaining: 6.4,2,1,2026-01-29T00:00:00+00:00,2026-01-24T00:00:00+00:00,2026-02-01T00:00:00+00:00
745,1,2026-01-25T00:00:00+00:00,2026-01-29T00:00:00+00:00,DELIVERED,NORMAL,1,Auto-generated for replenishing Cotton Wool Rolls. Days remaining: 6.7,2,1,2026-01-26T00:00:00+00:00,2026-01-25T00:00:00+00:00,2026-01-29T00:00:00+00:00
746,11,2026-01-25T00:00:00+00:00,2026-01-29T00:00:00+00:00,DELIVERED,NORMAL,1,Auto-generated for replenishing Biohazard Bags Large. Days remaining: 5.8,2,1,2026-01-26T00:00:00+00:00,2026-01-25T00:00:00+00:00,2026-01-29T00:00:00+00:00
747,7,2026-01-25T00:00:00+00:00,2026-01-28T00:00:00+00:00,DELIVERED,NORMAL,1,Auto-generated for replenishing Tramadol 50mg. Days remaining: 6.5,2,1,2026-01-25T00:00:00+00:00,2026-01-25T00:00:00+00:00,2026-01-28T00:00:00+00:00
748,10,2026-01-25T00:00:00+00:00,2026-02-02T00:00:00+00:00,DELIVERED,NORMAL,1,Auto-generated for replenishing Pregnancy Test HCG. Days remaining: 5.8,2,1,2026-01-30T00:00:00+00:00,2026-01-25T00:00:00+00:00,2026-02-02T00:00:00+00:00
749,2,2026-01-25T00:00:00+00:00,2026-01-29T00:00:00+00:00,DELIVERED,NORMAL,1,Auto-generated for replenishing Atorvastatin 20mg. Days remaining: 6.7,2,1,2026-01-26T00:00:00+00:00,2026-01-25T00:00:00+00:00,2026-01-29T00:00:00+00:00
750,8,2026-01-25T00:00:00+00:00,2026-02-02T00:00:00+00:00,DELIVERED,NORMAL,1,Auto-generated for replenishing Bone Wax 2.5g. Days remaining: 7.0,2,1,2026-01-30T00:00:00+00:00,2026-01-25T00:00:00+00:00,2026-02-02T00:00:00+00:00
751,10,2026-01-25T00:00:00+00:00,2026-02-02T00:00:00+00:00,DELIVERED,NORMAL,1,Auto-generated for replenishing Hand Sanitizer 100ml. Days remaining: 6.3,2,1,2026-01-30T00:00:00+00:00,2026-01-25T00:00:00+00:00,2026-02-02T00:00:00+00:00
752,13,2026-01-25T00:00:00+00:00,2026-01-31T00:00:00+00:00,DELIVERED,NORMAL,1,Auto-generated for replenishing Sodium Citrate Tubes. Days remaining: 6.5,2,1,2026-01-28T00:00:00+00:00,2026-01-25T00:00:00+00:00,2026-01-31T00:00:00+00:00
753,5,2026-01-26T00:00:00+00:00,2026-02-04T00:00:00+00:00,DELIVERED,NORMAL,1,Auto-generated for replenishing Face Shield Clear. Days remaining: 7.0,2,1,2026-02-01T00:00:00+00:00,2026-01-26T00:00:00+00:00,2026-02-04T00:00:00+00:00
754,7,2026-01-26T00:00:00+00:00,2026-01-29T00:00:00+00:00,DELIVERED,NORMAL,1,Auto-generated for replenishing IV Cannula 22G. Days remaining: 6.8,2,1,2026-01-26T00:00:00+00:00,2026-01-26T00:00:00+00:00,2026-01-29T00:00:00+00:00
755,10,2026-01-26T00:00:00+00:00,2026-02-03T00:00:00+00:00,DELIVERED,NORMAL,1,Auto-generated for replenishing Azithromycin 250mg. Days remaining: 6.2,2,1,2026-01-31T00:00:00+00:00,2026-01-26T00:00:00+00:00,2026-02-03T00:00:00+00:00
756,10,2026-01-26T00:00:00+00:00,2026-02-03T00:00:00+00:00,DELIVERED,NORMAL,1,Auto-generated for replenishing Amoxicillin 500mg. Days remaining: 6.4,2,1,2026-01-31T00:00:00+00:00,2026-01-26T00:00:00+00:00,2026-02-03T00:00:00+00:00
757,5,2026-01-26T00:00:00+00:00,2026-02-04T00:00:00+00:00,DELIVERED,NORMAL,1,Auto-generated for replenishing Biohazard Bags Medium. Days remaining: 5.9,2,1,2026-02-01T00:00:00+00:00,2026-01-26T00:00:00+00:00,2026-02-04T00:00:00+00:00
758,8,2026-01-27T00:00:00+00:00,2026-02-04T00:00:00+00:00,DELIVERED,NORMAL,1,Auto-generated for replenishing Gauze Swabs 10x10cm. Days remaining: 6.5,2,1,2026-02-01T00:00:00+00:00,2026-01-27T00:00:00+00:00,2026-02-04T00:00:00+00:00
759,1,2026-01-28T00:00:00+00:00,2026-02-01T00:00:00+00:00,DELIVERED,NORMAL,1,Auto-generated for replenishing Metoprolol 25mg. Days remaining: 6.9,2,1,2026-01-29T00:00:00+00:00,2026-01-28T00:00:00+00:00,2026-02-01T00:00:00+00:00
760,13,2026-01-28T00:00:00+00:00,2026-02-03T00:00:00+00:00,DELIVERED,NORMAL,1,Auto-generated for replenishing Universal Drape Pack. Days remaining: 6.7,2,1,2026-01-31T00:00:00+00:00,2026-01-28T00:00:00+00:00,2026-02-03T00:00:00+00:00
761,14,2026-01-28T00:00:00+00:00,2026-02-05T00:00:00+00:00,DELIVERED,NORMAL,1,Auto-generated for replenishing Syringes (5ml). Days remaining: 6.3,2,1,2026-02-02T00:00:00+00:00,2026-01-28T00:00:00+00:00,2026-02-05T00:00:00+00:00
762,12,2026-01-28T00:00:00+00:00,2026-02-04T00:00:00+00:00,DELIVERED,NORMAL,1,Auto-generated for replenishing Bouffant Caps Blue. Days remaining: 6.3,2,1,2026-02-01T00:00:00+00:00,2026-01-28T00:00:00+00:00,2026-02-04T00:00:00+00:00
763,3,2026-01-28T00:00:00+00:00,2026-01-31T00:00:00+00:00,DELIVERED,NORMAL,1,Auto-generated for replenishing Ringer Lactate 500ml. Days remaining: 6.3,2,1,2026-01-28T00:00:00+00:00,2026-01-28T00:00:00+00:00,2026-01-31T00:00:00+00:00
764,13,2026-01-28T00:00:00+00:00,2026-02-03T00:00:00+00:00,DELIVERED,NORMAL,1,Auto-generated for replenishing Ibuprofen 400mg. Days remaining: 6.6,2,1,2026-01-31T00:00:00+00:00,2026-01-28T00:00:00+00:00,2026-02-03T00:00:00+00:00
765,9,2026-01-29T00:00:00+00:00,2026-02-05T00:00:00+00:00,DELIVERED,NORMAL,1,Auto-generated for replenishing Sterile Water 10ml. Days remaining: 6.5,2,1,2026-02-02T00:00:00+00:00,2026-01-29T00:00:00+00:00,2026-02-05T00:00:00+00:00
766,10,2026-01-29T00:00:00+00:00,2026-02-06T00:00:00+00:00,DELIVERED,NORMAL,1,Auto-generated for replenishing Clopidogrel 75mg. Days remaining: 6.8,2,1,2026-02-03T00:00:00+00:00,2026-01-29T00:00:00+00:00,2026-02-06T00:00:00+00:00
767,15,2026-01-29T00:00:00+00:00,2026-02-05T00:00:00+00:00,DELIVERED,NORMAL,1,Auto-generated for replenishing Latex Gloves (S). Days remaining: 6.8,2,1,2026-02-02T00:00:00+00:00,2026-01-29T00:00:00+00:00,2026-02-05T00:00:00+00:00
768,13,2026-01-29T00:00:00+00:00,2026-02-04T00:00:00+00:00,DELIVERED,NORMAL,1,Auto-generated for replenishing Silk Suture 2-0. Days remaining: 7.0,2,1,2026-02-01T00:00:00+00:00,2026-01-29T00:00:00+00:00,2026-02-04T00:00:00+00:00
769,15,2026-01-29T00:00:00+00:00,2026-02-05T00:00:00+00:00,DELIVERED,NORMAL,1,Auto-generated for replenishing Epidural Needle 18G. Days remaining: 6.7,2,1,2026-02-02T00:00:00+00:00,2026-01-29T00:00:00+00:00,2026-02-05T00:00:00+00:00
770,15,2026-01-29T00:00:00+00:00,2026-02-05T00:00:00+00:00,DELIVERED,NORMAL,1,Auto-generated for replenishing Disposable Scalpel #11. Days remaining: 6.8,2,1,2026-02-02T00:00:00+00:00,2026-01-29T00:00:00+00:00,2026-02-05T00:00:00+00:00
771,2,2026-01-30T00:00:00+00:00,2026-02-03T00:00:00+00:00,DELIVERED,NORMAL,1,Auto-generated for replenishing Latex Gloves (M). Days remaining: 7.0,2,1,2026-01-31T00:00:00+00:00,2026-01-30T00:00:00+00:00,2026-02-03T00:00:00+00:00
772,7,2026-01-30T00:00:00+00:00,2026-02-02T00:00:00+00:00,DELIVERED,NORMAL,1,Auto-generated for replenishing Bandage Roll 4-inch. Days remaining: 6.3,2,1,2026-01-30T00:00:00+00:00,2026-01-30T00:00:00+00:00,2026-02-02T00:00:00+00:00
773,12,2026-01-30T00:00:00+00:00,2026-02-06T00:00:00+00:00,DELIVERED,NORMAL,1,Auto-generated for replenishing Cetirizine 10mg. Days remaining: 6.6,2,1,2026-02-03T00:00:00+00:00,2026-01-30T00:00:00+00:00,2026-02-06T00:00:00+00:00
774,2,2026-01-30T00:00:00+00:00,2026-02-03T00:00:00+00:00,DELIVERED,NORMAL,1,Auto-generated for replenishing Prednisone 10mg. Days remaining: 6.3,2,1,2026-01-31T00:00:00+00:00,2026-01-30T00:00:00+00:00,2026-02-03T00:00:00+00:00
775,13,2026-01-30T00:00:00+00:00,2026-02-05T00:00:00+00:00,DELIVERED,NORMAL,1,Auto-generated for replenishing Malaria Antigen Kit. Days remaining: 6.6,2,1,2026-02-02T00:00:00+00:00,2026-01-30T00:00:00+00:00,2026-02-05T00:00:00+00:00
776,15,2026-01-30T00:00:00+00:00,2026-02-06T00:00:00+00:00,DELIVERED,NORMAL,1,Auto-generated for replenishing Montelukast 10mg. Days remaining: 6.5,2,1,2026-02-03T00:00:00+00:00,2026-01-30T00:00:00+00:00,2026-02-06T00:00:00+00:00
777,12,2026-01-30T00:00:00+00:00,2026-02-06T00:00:00+00:00,DELIVERED,NORMAL,1,Auto-generated for replenishing Urine Dipsticks 10T. Days remaining: 7.0,2,1,2026-02-03T00:00:00+00:00,2026-01-30T00:00:00+00:00,2026-02-06T00:00:00+00:00
778,14,2026-01-30T00:00:00+00:00,2026-02-07T00:00:00+00:00,DELIVERED,NORMAL,1,Auto-generated for replenishing Losartan 50mg. Days remaining: 6.4,2,1,2026-02-04T00:00:00+00:00,2026-01-30T00:00:00+00:00,2026-02-07T00:00:00+00:00
779,6,2026-01-31T00:00:00+00:00,2026-02-04T00:00:00+00:00,DELIVERED,NORMAL,1,Auto-generated for replenishing Shoe Covers Disposable. Days remaining: 6.7,2,1,2026-02-01T00:00:00+00:00,2026-01-31T00:00:00+00:00,2026-02-04T00:00:00+00:00
780,1,2026-01-31T00:00:00+00:00,2026-02-04T00:00:00+00:00,DELIVERED,NORMAL,1,Auto-generated for replenishing Disposable Gown Blue. Days remaining: 6.0,2,1,2026-02-01T00:00:00+00:00,2026-01-31T00:00:00+00:00,2026-02-04T00:00:00+00:00
781,11,2026-01-31T00:00:00+00:00,2026-02-04T00:00:00+00:00,DELIVERED,NORMAL,1,Auto-generated for replenishing Syringes (2ml). Days remaining: 6.8,2,1,2026-02-01T00:00:00+00:00,2026-01-31T00:00:00+00:00,2026-02-04T00:00:00+00:00
782,11,2026-01-31T00:00:00+00:00,2026-02-04T00:00:00+00:00,DELIVERED,NORMAL,1,Auto-generated for replenishing Metformin 500mg. Days remaining: 6.4,2,1,2026-02-01T00:00:00+00:00,2026-01-31T00:00:00+00:00,2026-02-04T00:00:00+00:00
783,2,2026-02-01T00:00:00+00:00,2026-02-05T00:00:00+00:00,DELIVERED,NORMAL,1,Auto-generated for replenishing HIV Rapid Test Kits. Days remaining: 6.2,2,1,2026-02-02T00:00:00+00:00,2026-02-01T00:00:00+00:00,2026-02-05T00:00:00+00:00
784,11,2026-02-01T00:00:00+00:00,2026-02-05T00:00:00+00:00,DELIVERED,NORMAL,1,Auto-generated for replenishing Pipette Tips 200uL. Days remaining: 6.8,2,1,2026-02-02T00:00:00+00:00,2026-02-01T00:00:00+00:00,2026-02-05T00:00:00+00:00
785,3,2026-02-02T00:00:00+00:00,2026-02-05T00:00:00+00:00,DELIVERED,NORMAL,1,Auto-generated for replenishing Amlodipine 5mg. Days remaining: 5.9,2,1,2026-02-02T00:00:00+00:00,2026-02-02T00:00:00+00:00,2026-02-05T00:00:00+00:00
786,13,2026-02-02T00:00:00+00:00,2026-02-08T00:00:00+00:00,DELIVERED,NORMAL,1,Auto-generated for replenishing Suction Yankauer Tip. Days remaining: 6.0,2,1,2026-02-05T00:00:00+00:00,2026-02-02T00:00:00+00:00,2026-02-08T00:00:00+00:00
787,6,2026-02-02T00:00:00+00:00,2026-02-06T00:00:00+00:00,DELIVERED,NORMAL,1,Auto-generated for replenishing Pipette Tips 1000uL. Days remaining: 7.0,2,1,2026-02-03T00:00:00+00:00,2026-02-02T00:00:00+00:00,2026-02-06T00:00:00+00:00
788,8,2026-02-02T00:00:00+00:00,2026-02-10T00:00:00+00:00,DELIVERED,NORMAL,1,Auto-generated for replenishing Blood Culture Bottles. Days remaining: 6.8,2,1,2026-02-07T00:00:00+00:00,2026-02-02T00:00:00+00:00,2026-02-10T00:00:00+00:00
789,4,2026-02-02T00:00:00+00:00,2026-02-12T00:00:00+00:00,DELIVERED,NORMAL,1,Auto-generated for replenishing Albuterol Inhaler. Days remaining: 6.4,2,1,2026-02-09T00:00:00+00:00,2026-02-02T00:00:00+00:00,2026-02-12T00:00:00+00:00
790,12,2026-02-03T00:00:00+00:00,2026-02-10T00:00:00+00:00,DELIVERED,NORMAL,1,Auto-generated for replenishing Suction Tubing 3m. Days remaining: 6.3,2,1,2026-02-07T00:00:00+00:00,2026-02-03T00:00:00+00:00,2026-02-10T00:00:00+00:00
791,4,2026-02-03T00:00:00+00:00,2026-02-13T00:00:00+00:00,DELIVERED,NORMAL,1,Auto-generated for replenishing Pregnancy Test Cassette. Days remaining: 6.5,2,1,2026-02-10T00:00:00+00:00,2026-02-03T00:00:00+00:00,2026-02-13T00:00:00+00:00
792,15,2026-02-03T00:00:00+00:00,2026-02-10T00:00:00+00:00,DELIVERED,NORMAL,1,Auto-generated for replenishing Monocryl Suture 4-0. Days remaining: 6.3,2,1,2026-02-07T00:00:00+00:00,2026-02-03T00:00:00+00:00,2026-02-10T00:00:00+00:00
793,7,2026-02-03T00:00:00+00:00,2026-02-06T00:00:00+00:00,DELIVERED,NORMAL,1,Auto-generated for replenishing Syringes (10ml). Days remaining: 6.7,2,1,2026-02-03T00:00:00+00:00,2026-02-03T00:00:00+00:00,2026-02-06T00:00:00+00:00
794,8,2026-02-03T00:00:00+00:00,2026-02-11T00:00:00+00:00,DELIVERED,NORMAL,1,Auto-generated for replenishing Vicryl Suture 3-0. Days remaining: 6.2,2,1,2026-02-08T00:00:00+00:00,2026-02-03T00:00:00+00:00,2026-02-11T00:00:00+00:00
795,2,2026-02-03T00:00:00+00:00,2026-02-07T00:00:00+00:00,DELIVERED,NORMAL,1,Auto-generated for replenishing Blood Grouping Anti-A. Days remaining: 7.0,2,1,2026-02-04T00:00:00+00:00,2026-02-03T00:00:00+00:00,2026-02-07T00:00:00+00:00
796,6,2026-02-04T00:00:00+00:00,2026-02-08T00:00:00+00:00,DELIVERED,NORMAL,1,Auto-generated for replenishing HCV Rapid Test Kits. Days remaining: 6.2,2,1,2026-02-05T00:00:00+00:00,2026-02-04T00:00:00+00:00,2026-02-08T00:00:00+00:00
797,7,2026-02-05T00:00:00+00:00,2026-02-08T00:00:00+00:00,DELIVERED,NORMAL,1,Auto-generated for replenishing Adhesive Plasters. Days remaining: 6.6,2,1,2026-02-05T00:00:00+00:00,2026-02-05T00:00:00+00:00,2026-02-08T00:00:00+00:00
798,12,2026-02-05T00:00:00+00:00,2026-02-12T00:00:00+00:00,DELIVERED,NORMAL,1,Auto-generated for replenishing Foley Catheter Fr18. Days remaining: 6.4,2,1,2026-02-09T00:00:00+00:00,2026-02-05T00:00:00+00:00,2026-02-12T00:00:00+00:00
799,4,2026-02-05T00:00:00+00:00,2026-02-15T00:00:00+00:00,DELIVERED,NORMAL,1,Auto-generated for replenishing Gabapentin 300mg. Days remaining: 6.8,2,1,2026-02-12T00:00:00+00:00,2026-02-05T00:00:00+00:00,2026-02-15T00:00:00+00:00
800,13,2026-02-05T00:00:00+00:00,2026-02-11T00:00:00+00:00,DELIVERED,NORMAL,1,Auto-generated for replenishing Levothyroxine 50mcg. Days remaining: 6.8,2,1,2026-02-08T00:00:00+00:00,2026-02-05T00:00:00+00:00,2026-02-11T00:00:00+00:00
801,11,2026-02-05T00:00:00+00:00,2026-02-09T00:00:00+00:00,DELIVERED,NORMAL,1,Auto-generated for replenishing Aprons Waterproof. Days remaining: 6.0,2,1,2026-02-06T00:00:00+00:00,2026-02-05T00:00:00+00:00,2026-02-09T00:00:00+00:00
802,9,2026-02-06T00:00:00+00:00,2026-02-13T00:00:00+00:00,DELIVERED,NORMAL,1,Auto-generated for replenishing Omeprazole 20mg. Days remaining: 6.2,2,1,2026-02-10T00:00:00+00:00,2026-02-06T00:00:00+00:00,2026-02-13T00:00:00+00:00
803,14,2026-02-06T00:00:00+00:00,2026-02-14T00:00:00+00:00,DELIVERED,NORMAL,1,Auto-generated for replenishing Surgical Blades #22. Days remaining: 6.5,2,1,2026-02-11T00:00:00+00:00,2026-02-06T00:00:00+00:00,2026-02-14T00:00:00+00:00
804,1,2026-02-06T00:00:00+00:00,2026-02-10T00:00:00+00:00,DELIVERED,NORMAL,1,Auto-generated for replenishing Lap Sponge 30x30cm. Days remaining: 6.7,2,1,2026-02-07T00:00:00+00:00,2026-02-06T00:00:00+00:00,2026-02-10T00:00:00+00:00
805,8,2026-02-06T00:00:00+00:00,2026-02-14T00:00:00+00:00,DELIVERED,NORMAL,1,Auto-generated for replenishing Serum Sep Tubes (SST). Days remaining: 6.8,2,1,2026-02-11T00:00:00+00:00,2026-02-06T00:00:00+00:00,2026-02-14T00:00:00+00:00
806,15,2026-02-07T00:00:00+00:00,2026-02-14T00:00:00+00:00,DELIVERED,NORMAL,1,Auto-generated for replenishing Urine Drainage Bag. Days remaining: 6.3,2,1,2026-02-11T00:00:00+00:00,2026-02-07T00:00:00+00:00,2026-02-14T00:00:00+00:00
807,14,2026-02-07T00:00:00+00:00,2026-02-15T00:00:00+00:00,DELIVERED,NORMAL,1,Auto-generated for replenishing Surgical Gown Sterile. Days remaining: 6.5,2,1,2026-02-12T00:00:00+00:00,2026-02-07T00:00:00+00:00,2026-02-15T00:00:00+00:00
808,9,2026-02-07T00:00:00+00:00,2026-02-14T00:00:00+00:00,DELIVERED,NORMAL,1,Auto-generated for replenishing Silk Suture 3-0. Days remaining: 7.0,2,1,2026-02-11T00:00:00+00:00,2026-02-07T00:00:00+00:00,2026-02-14T00:00:00+00:00
809,4,2026-02-07T00:00:00+00:00,2026-02-17T00:00:00+00:00,DELIVERED,NORMAL,1,Auto-generated for replenishing Disinfectant Wipes. Days remaining: 6.9,2,1,2026-02-14T00:00:00+00:00,2026-02-07T00:00:00+00:00,2026-02-17T00:00:00+00:00
810,6,2026-02-07T00:00:00+00:00,2026-02-11T00:00:00+00:00,DELIVERED,NORMAL,1,Auto-generated for replenishing Microscope Slides. Days remaining: 6.7,2,1,2026-02-08T00:00:00+00:00,2026-02-07T00:00:00+00:00,2026-02-11T00:00:00+00:00
811,8,2026-02-08T00:00:00+00:00,2026-02-16T00:00:00+00:00,DELIVERED,NORMAL,1,Auto-generated for replenishing Vicryl Suture 2-0. Days remaining: 6.0,2,1,2026-02-13T00:00:00+00:00,2026-02-08T00:00:00+00:00,2026-02-16T00:00:00+00:00
812,7,2026-02-08T00:00:00+00:00,2026-02-11T00:00:00+00:00,DELIVERED,NORMAL,1,Auto-generated for replenishing IV Cannula 20G. Days remaining: 6.6,2,1,2026-02-08T00:00:00+00:00,2026-02-08T00:00:00+00:00,2026-02-11T00:00:00+00:00
813,3,2026-02-08T00:00:00+00:00,2026-02-11T00:00:00+00:00,DELIVERED,NORMAL,1,Auto-generated for replenishing IV Cannula 18G. Days remaining: 6.0,2,1,2026-02-08T00:00:00+00:00,2026-02-08T00:00:00+00:00,2026-02-11T00:00:00+00:00
814,2,2026-02-08T00:00:00+00:00,2026-02-12T00:00:00+00:00,DELIVERED,NORMAL,1,Auto-generated for replenishing IV Infusion Set. Days remaining: 5.8,2,1,2026-02-09T00:00:00+00:00,2026-02-08T00:00:00+00:00,2026-02-12T00:00:00+00:00
815,5,2026-02-08T00:00:00+00:00,2026-02-17T00:00:00+00:00,DELIVERED,NORMAL,1,Auto-generated for replenishing Disposable Scalpel #15. Days remaining: 6.3,2,1,2026-02-14T00:00:00+00:00,2026-02-08T00:00:00+00:00,2026-02-17T00:00:00+00:00
816,10,2026-02-08T00:00:00+00:00,2026-02-16T00:00:00+00:00,DELIVERED,NORMAL,1,Auto-generated for replenishing Foley Catheter Fr16. Days remaining: 6.2,2,1,2026-02-13T00:00:00+00:00,2026-02-08T00:00:00+00:00,2026-02-16T00:00:00+00:00
817,14,2026-02-08T00:00:00+00:00,2026-02-16T00:00:00+00:00,DELIVERED,NORMAL,1,Auto-generated for replenishing Surgical Stapler. Days remaining: 6.8,2,1,2026-02-13T00:00:00+00:00,2026-02-08T00:00:00+00:00,2026-02-16T00:00:00+00:00
818,12,2026-02-09T00:00:00+00:00,2026-02-16T00:00:00+00:00,DELIVERED,NORMAL,1,Auto-generated for replenishing Alcohol Prep Pads. Days remaining: 6.8,2,1,2026-02-13T00:00:00+00:00,2026-02-09T00:00:00+00:00,2026-02-16T00:00:00+00:00
819,6,2026-02-09T00:00:00+00:00,2026-02-13T00:00:00+00:00,DELIVERED,NORMAL,1,Auto-generated for replenishing Protective Goggles. Days remaining: 6.6,2,1,2026-02-10T00:00:00+00:00,2026-02-09T00:00:00+00:00,2026-02-13T00:00:00+00:00
820,7,2026-02-09T00:00:00+00:00,2026-02-12T00:00:00+00:00,DELIVERED,NORMAL,1,Auto-generated for replenishing Latex Gloves (L). Days remaining: 6.5,2,1,2026-02-09T00:00:00+00:00,2026-02-09T00:00:00+00:00,2026-02-12T00:00:00+00:00
821,7,2026-02-09T00:00:00+00:00,2026-02-12T00:00:00+00:00,DELIVERED,NORMAL,1,Auto-generated for replenishing Glucose Test Strips. Days remaining: 6.9,2,1,2026-02-09T00:00:00+00:00,2026-02-09T00:00:00+00:00,2026-02-12T00:00:00+00:00
822,10,2026-02-09T00:00:00+00:00,2026-02-17T00:00:00+00:00,DELIVERED,NORMAL,1,Auto-generated for replenishing Surgical Tape 2-inch. Days remaining: 5.6,2,1,2026-02-14T00:00:00+00:00,2026-02-09T00:00:00+00:00,2026-02-17T00:00:00+00:00
823,6,2026-02-09T00:00:00+00:00,2026-02-13T00:00:00+00:00,DELIVERED,NORMAL,1,Auto-generated for replenishing D-Dimer Test Kits. Days remaining: 6.3,2,1,2026-02-10T00:00:00+00:00,2026-02-09T00:00:00+00:00,2026-02-13T00:00:00+00:00
824,15,2026-02-10T00:00:00+00:00,2026-02-17T00:00:00+00:00,DELIVERED,NORMAL,1,Auto-generated for replenishing Nitrile Gloves (L). Days remaining: 6.5,2,1,2026-02-14T00:00:00+00:00,2026-02-10T00:00:00+00:00,2026-02-17T00:00:00+00:00
825,8,2026-02-10T00:00:00+00:00,2026-02-18T00:00:00+00:00,DELIVERED,NORMAL,1,Auto-generated for replenishing C-Section Drape. Days remaining: 6.3,2,1,2026-02-15T00:00:00+00:00,2026-02-10T00:00:00+00:00,2026-02-18T00:00:00+00:00
826,5,2026-02-10T00:00:00+00:00,2026-02-19T00:00:00+00:00,DELIVERED,NORMAL,1,Auto-generated for replenishing Pantoprazole 40mg. Days remaining: 6.3,2,1,2026-02-16T00:00:00+00:00,2026-02-10T00:00:00+00:00,2026-02-19T00:00:00+00:00
827,3,2026-02-11T00:00:00+00:00,2026-02-14T00:00:00+00:00,DELIVERED,NORMAL,1,Auto-generated for replenishing Skin Marker Pen. Days remaining: 7.0,2,1,2026-02-11T00:00:00+00:00,2026-02-11T00:00:00+00:00,2026-02-14T00:00:00+00:00
828,9,2026-02-11T00:00:00+00:00,2026-02-18T00:00:00+00:00,DELIVERED,NORMAL,1,Auto-generated for replenishing Hand Sanitizer 500ml. Days remaining: 6.4,2,1,2026-02-15T00:00:00+00:00,2026-02-11T00:00:00+00:00,2026-02-18T00:00:00+00:00
829,10,2026-02-11T00:00:00+00:00,2026-02-19T00:00:00+00:00,DELIVERED,NORMAL,1,Auto-generated for replenishing Troponin I Rapid Kit. Days remaining: 6.2,2,1,2026-02-16T00:00:00+00:00,2026-02-11T00:00:00+00:00,2026-02-19T00:00:00+00:00
830,14,2026-02-11T00:00:00+00:00,2026-02-19T00:00:00+00:00,DELIVERED,NORMAL,1,Auto-generated for replenishing Normal Saline 500ml. Days remaining: 6.7,2,1,2026-02-16T00:00:00+00:00,2026-02-11T00:00:00+00:00,2026-02-19T00:00:00+00:00
831,7,2026-02-12T00:00:00+00:00,2026-02-15T00:00:00+00:00,DELIVERED,NORMAL,1,Auto-generated for replenishing N95 Respirator Mask. Days remaining: 6.1,2,1,2026-02-12T00:00:00+00:00,2026-02-12T00:00:00+00:00,2026-02-15T00:00:00+00:00
832,4,2026-02-12T00:00:00+00:00,2026-02-22T00:00:00+00:00,DELIVERED,NORMAL,1,Auto-generated for replenishing Warfarin 5mg. Days remaining: 6.9,2,1,2026-02-19T00:00:00+00:00,2026-02-12T00:00:00+00:00,2026-02-22T00:00:00+00:00
833,5,2026-02-12T00:00:00+00:00,2026-02-21T00:00:00+00:00,DELIVERED,NORMAL,1,Auto-generated for replenishing 3-Ply Surgical Mask. Days remaining: 6.1,2,1,2026-02-18T00:00:00+00:00,2026-02-12T00:00:00+00:00,2026-02-21T00:00:00+00:00
834,13,2026-02-13T00:00:00+00:00,2026-02-19T00:00:00+00:00,DELIVERED,NORMAL,1,Auto-generated for replenishing Nitrile Gloves (S). Days remaining: 6.8,2,1,2026-02-16T00:00:00+00:00,2026-02-13T00:00:00+00:00,2026-02-19T00:00:00+00:00
835,14,2026-02-13T00:00:00+00:00,2026-02-21T00:00:00+00:00,DELIVERED,NORMAL,1,Auto-generated for replenishing Syringes (5ml). Days remaining: 6.6,2,1,2026-02-18T00:00:00+00:00,2026-02-13T00:00:00+00:00,2026-02-21T00:00:00+00:00
836,11,2026-02-13T00:00:00+00:00,2026-02-17T00:00:00+00:00,DELIVERED,NORMAL,1,Auto-generated for replenishing Biohazard Bags Large. Days remaining: 7.0,2,1,2026-02-14T00:00:00+00:00,2026-02-13T00:00:00+00:00,2026-02-17T00:00:00+00:00
837,10,2026-02-13T00:00:00+00:00,2026-02-21T00:00:00+00:00,DELIVERED,NORMAL,1,Auto-generated for replenishing EDTA Blood Tubes (K2). Days remaining: 6.7,2,1,2026-02-18T00:00:00+00:00,2026-02-13T00:00:00+00:00,2026-02-21T00:00:00+00:00
838,7,2026-02-13T00:00:00+00:00,2026-02-16T00:00:00+00:00,DELIVERED,NORMAL,1,Auto-generated for replenishing Tramadol 50mg. Days remaining: 6.0,2,1,2026-02-13T00:00:00+00:00,2026-02-13T00:00:00+00:00,2026-02-16T00:00:00+00:00
839,13,2026-02-13T00:00:00+00:00,2026-02-19T00:00:00+00:00,DELIVERED,NORMAL,1,Auto-generated for replenishing Vicryl Suture 4-0. Days remaining: 6.2,2,1,2026-02-16T00:00:00+00:00,2026-02-13T00:00:00+00:00,2026-02-19T00:00:00+00:00
840,5,2026-02-13T00:00:00+00:00,2026-02-22T00:00:00+00:00,DELIVERED,NORMAL,1,Auto-generated for replenishing Staple Remover. Days remaining: 6.7,2,1,2026-02-19T00:00:00+00:00,2026-02-13T00:00:00+00:00,2026-02-22T00:00:00+00:00
841,10,2026-02-13T00:00:00+00:00,2026-02-21T00:00:00+00:00,DELIVERED,NORMAL,1,Auto-generated for replenishing Pregnancy Test HCG. Days remaining: 6.2,2,1,2026-02-18T00:00:00+00:00,2026-02-13T00:00:00+00:00,2026-02-21T00:00:00+00:00
842,7,2026-02-14T00:00:00+00:00,2026-02-17T00:00:00+00:00,DELIVERED,NORMAL,1,Auto-generated for replenishing Paracetamol 500mg. Days remaining: 5.9,2,1,2026-02-14T00:00:00+00:00,2026-02-14T00:00:00+00:00,2026-02-17T00:00:00+00:00
843,10,2026-02-14T00:00:00+00:00,2026-02-22T00:00:00+00:00,DELIVERED,NORMAL,1,Auto-generated for replenishing Hand Sanitizer 100ml. Days remaining: 6.8,2,1,2026-02-19T00:00:00+00:00,2026-02-14T00:00:00+00:00,2026-02-22T00:00:00+00:00
844,8,2026-02-15T00:00:00+00:00,2026-02-23T00:00:00+00:00,DELIVERED,NORMAL,1,Auto-generated for replenishing Gauze Swabs 10x10cm. Days remaining: 6.9,2,1,2026-02-20T00:00:00+00:00,2026-02-15T00:00:00+00:00,2026-02-23T00:00:00+00:00
845,3,2026-02-15T00:00:00+00:00,2026-02-18T00:00:00+00:00,DELIVERED,NORMAL,1,Auto-generated for replenishing CRP Latex Slide Kit. Days remaining: 7.0,2,1,2026-02-15T00:00:00+00:00,2026-02-15T00:00:00+00:00,2026-02-18T00:00:00+00:00
846,1,2026-02-15T00:00:00+00:00,2026-02-19T00:00:00+00:00,DELIVERED,NORMAL,1,Auto-generated for replenishing Syphilis Test Kits. Days remaining: 7.0,2,1,2026-02-16T00:00:00+00:00,2026-02-15T00:00:00+00:00,2026-02-19T00:00:00+00:00
847,14,2026-02-15T00:00:00+00:00,2026-02-23T00:00:00+00:00,DELIVERED,NORMAL,1,Auto-generated for replenishing Surgical Blades #10. Days remaining: 6.5,2,1,2026-02-20T00:00:00+00:00,2026-02-15T00:00:00+00:00,2026-02-23T00:00:00+00:00
848,11,2026-02-15T00:00:00+00:00,2026-02-19T00:00:00+00:00,DELIVERED,NORMAL,1,Auto-generated for replenishing Bandage Roll 3-inch. Days remaining: 6.6,2,1,2026-02-16T00:00:00+00:00,2026-02-15T00:00:00+00:00,2026-02-19T00:00:00+00:00
849,2,2026-02-16T00:00:00+00:00,2026-02-20T00:00:00+00:00,DELIVERED,NORMAL,1,Auto-generated for replenishing Atorvastatin 20mg. Days remaining: 6.5,2,1,2026-02-17T00:00:00+00:00,2026-02-16T00:00:00+00:00,2026-02-20T00:00:00+00:00
850,5,2026-02-16T00:00:00+00:00,2026-02-25T00:00:00+00:00,DELIVERED,NORMAL,1,Auto-generated for replenishing Biohazard Bags Medium. Days remaining: 6.4,2,1,2026-02-22T00:00:00+00:00,2026-02-16T00:00:00+00:00,2026-02-25T00:00:00+00:00
851,12,2026-02-16T00:00:00+00:00,2026-02-23T00:00:00+00:00,DELIVERED,NORMAL,1,Auto-generated for replenishing Cetirizine 10mg. Days remaining: 6.5,2,1,2026-02-20T00:00:00+00:00,2026-02-16T00:00:00+00:00,2026-02-23T00:00:00+00:00
852,13,2026-02-17T00:00:00+00:00,2026-02-23T00:00:00+00:00,DELIVERED,NORMAL,1,Auto-generated for replenishing Universal Drape Pack. Days remaining: 6.6,2,1,2026-02-20T00:00:00+00:00,2026-02-17T00:00:00+00:00,2026-02-23T00:00:00+00:00
853,7,2026-02-17T00:00:00+00:00,2026-02-20T00:00:00+00:00,DELIVERED,NORMAL,1,Auto-generated for replenishing Bandage Roll 4-inch. Days remaining: 6.7,2,1,2026-02-17T00:00:00+00:00,2026-02-17T00:00:00+00:00,2026-02-20T00:00:00+00:00
854,2,2026-02-17T00:00:00+00:00,2026-02-21T00:00:00+00:00,DELIVERED,NORMAL,1,Auto-generated for replenishing Prednisone 10mg. Days remaining: 7.0,2,1,2026-02-18T00:00:00+00:00,2026-02-17T00:00:00+00:00,2026-02-21T00:00:00+00:00
855,13,2026-02-17T00:00:00+00:00,2026-02-23T00:00:00+00:00,DELIVERED,NORMAL,1,Auto-generated for replenishing Sodium Citrate Tubes. Days remaining: 6.7,2,1,2026-02-20T00:00:00+00:00,2026-02-17T00:00:00+00:00,2026-02-23T00:00:00+00:00
856,9,2026-02-18T00:00:00+00:00,2026-02-25T00:00:00+00:00,DELIVERED,NORMAL,1,Auto-generated for replenishing Sterile Water 10ml. Days remaining: 5.8,2,1,2026-02-22T00:00:00+00:00,2026-02-18T00:00:00+00:00,2026-02-25T00:00:00+00:00
857,3,2026-02-18T00:00:00+00:00,2026-02-21T00:00:00+00:00,DELIVERED,NORMAL,1,Auto-generated for replenishing Ringer Lactate 500ml. Days remaining: 5.9,2,1,2026-02-18T00:00:00+00:00,2026-02-18T00:00:00+00:00,2026-02-21T00:00:00+00:00
858,10,2026-02-18T00:00:00+00:00,2026-02-26T00:00:00+00:00,DELIVERED,NORMAL,1,Auto-generated for replenishing Amoxicillin 500mg. Days remaining: 6.0,2,1,2026-02-23T00:00:00+00:00,2026-02-18T00:00:00+00:00,2026-02-26T00:00:00+00:00
859,1,2026-02-18T00:00:00+00:00,2026-02-22T00:00:00+00:00,DELIVERED,NORMAL,1,Auto-generated for replenishing Cotton Wool Rolls. Days remaining: 6.8,2,1,2026-02-19T00:00:00+00:00,2026-02-18T00:00:00+00:00,2026-02-22T00:00:00+00:00
860,15,2026-02-19T00:00:00+00:00,2026-02-26T00:00:00+00:00,DELIVERED,NORMAL,1,Auto-generated for replenishing Latex Gloves (S). Days remaining: 6.3,2,1,2026-02-23T00:00:00+00:00,2026-02-19T00:00:00+00:00,2026-02-26T00:00:00+00:00
861,10,2026-02-19T00:00:00+00:00,2026-02-27T00:00:00+00:00,DELIVERED,NORMAL,1,Auto-generated for replenishing Nitrile Gloves (M). Days remaining: 6.4,2,1,2026-02-24T00:00:00+00:00,2026-02-19T00:00:00+00:00,2026-02-27T00:00:00+00:00
862,10,2026-02-19T00:00:00+00:00,2026-02-27T00:00:00+00:00,DELIVERED,NORMAL,1,Auto-generated for replenishing Clopidogrel 75mg. Days remaining: 6.6,2,1,2026-02-24T00:00:00+00:00,2026-02-19T00:00:00+00:00,2026-02-27T00:00:00+00:00
863,13,2026-02-19T00:00:00+00:00,2026-02-25T00:00:00+00:00,DELIVERED,NORMAL,1,Auto-generated for replenishing Malaria Antigen Kit. Days remaining: 6.8,2,1,2026-02-22T00:00:00+00:00,2026-02-19T00:00:00+00:00,2026-02-25T00:00:00+00:00
864,7,2026-02-20T00:00:00+00:00,2026-02-23T00:00:00+00:00,DELIVERED,NORMAL,1,Auto-generated for replenishing IV Cannula 22G. Days remaining: 6.1,2,1,2026-02-20T00:00:00+00:00,2026-02-20T00:00:00+00:00,2026-02-23T00:00:00+00:00
865,13,2026-02-20T00:00:00+00:00,2026-02-26T00:00:00+00:00,DELIVERED,NORMAL,1,Auto-generated for replenishing Silk Suture 2-0. Days remaining: 6.5,2,1,2026-02-23T00:00:00+00:00,2026-02-20T00:00:00+00:00,2026-02-26T00:00:00+00:00
866,1,2026-02-20T00:00:00+00:00,2026-02-24T00:00:00+00:00,DELIVERED,NORMAL,1,Auto-generated for replenishing Disposable Gown Blue. Days remaining: 6.7,2,1,2026-02-21T00:00:00+00:00,2026-02-20T00:00:00+00:00,2026-02-24T00:00:00+00:00
867,12,2026-02-20T00:00:00+00:00,2026-02-27T00:00:00+00:00,DELIVERED,NORMAL,1,Auto-generated for replenishing Bouffant Caps Blue. Days remaining: 6.9,2,1,2026-02-24T00:00:00+00:00,2026-02-20T00:00:00+00:00,2026-02-27T00:00:00+00:00
868,1,2026-02-21T00:00:00+00:00,2026-02-25T00:00:00+00:00,DELIVERED,NORMAL,1,Auto-generated for replenishing Metoprolol 25mg. Days remaining: 6.0,2,1,2026-02-22T00:00:00+00:00,2026-02-21T00:00:00+00:00,2026-02-25T00:00:00+00:00
869,14,2026-02-21T00:00:00+00:00,2026-03-01T00:00:00+00:00,DELIVERED,NORMAL,1,Auto-generated for replenishing Losartan 50mg. Days remaining: 6.5,2,1,2026-02-26T00:00:00+00:00,2026-02-21T00:00:00+00:00,2026-03-01T00:00:00+00:00
870,8,2026-02-21T00:00:00+00:00,2026-03-01T00:00:00+00:00,DELIVERED,NORMAL,1,Auto-generated for replenishing Vicryl Suture 3-0. Days remaining: 6.5,2,1,2026-02-26T00:00:00+00:00,2026-02-21T00:00:00+00:00,2026-03-01T00:00:00+00:00
871,15,2026-02-22T00:00:00+00:00,2026-03-01T00:00:00+00:00,DELIVERED,NORMAL,1,Auto-generated for replenishing Disposable Scalpel #11. Days remaining: 6.9,2,1,2026-02-26T00:00:00+00:00,2026-02-22T00:00:00+00:00,2026-03-01T00:00:00+00:00
872,8,2026-02-22T00:00:00+00:00,2026-03-02T00:00:00+00:00,DELIVERED,NORMAL,1,Auto-generated for replenishing Blood Culture Bottles. Days remaining: 6.7,2,1,2026-02-27T00:00:00+00:00,2026-02-22T00:00:00+00:00,2026-03-02T00:00:00+00:00
873,4,2026-02-22T00:00:00+00:00,2026-03-04T00:00:00+00:00,DELIVERED,NORMAL,1,Auto-generated for replenishing Albuterol Inhaler. Days remaining: 6.2,2,1,2026-03-01T00:00:00+00:00,2026-02-22T00:00:00+00:00,2026-03-04T00:00:00+00:00
874,12,2026-02-22T00:00:00+00:00,2026-03-01T00:00:00+00:00,DELIVERED,NORMAL,1,Auto-generated for replenishing Urine Dipsticks 10T. Days remaining: 6.6,2,1,2026-02-26T00:00:00+00:00,2026-02-22T00:00:00+00:00,2026-03-01T00:00:00+00:00
875,15,2026-02-22T00:00:00+00:00,2026-03-01T00:00:00+00:00,DELIVERED,NORMAL,1,Auto-generated for replenishing Montelukast 10mg. Days remaining: 6.9,2,1,2026-02-26T00:00:00+00:00,2026-02-22T00:00:00+00:00,2026-03-01T00:00:00+00:00
876,10,2026-02-22T00:00:00+00:00,2026-03-02T00:00:00+00:00,DELIVERED,NORMAL,1,Auto-generated for replenishing Azithromycin 250mg. Days remaining: 6.5,2,1,2026-02-27T00:00:00+00:00,2026-02-22T00:00:00+00:00,2026-03-02T00:00:00+00:00
877,6,2026-02-23T00:00:00+00:00,2026-02-27T00:00:00+00:00,DELIVERED,NORMAL,1,Auto-generated for replenishing HCV Rapid Test Kits. Days remaining: 6.5,2,1,2026-02-24T00:00:00+00:00,2026-02-23T00:00:00+00:00,2026-02-27T00:00:00+00:00
878,13,2026-02-23T00:00:00+00:00,2026-03-01T00:00:00+00:00,DELIVERED,NORMAL,1,Auto-generated for replenishing Ibuprofen 400mg. Days remaining: 6.3,2,1,2026-02-26T00:00:00+00:00,2026-02-23T00:00:00+00:00,2026-03-01T00:00:00+00:00
879,15,2026-02-23T00:00:00+00:00,2026-03-02T00:00:00+00:00,DELIVERED,NORMAL,1,Auto-generated for replenishing Epidural Needle 18G. Days remaining: 6.5,2,1,2026-02-27T00:00:00+00:00,2026-02-23T00:00:00+00:00,2026-03-02T00:00:00+00:00
880,5,2026-02-23T00:00:00+00:00,2026-03-04T00:00:00+00:00,DELIVERED,NORMAL,1,Auto-generated for replenishing Face Shield Clear. Days remaining: 6.4,2,1,2026-03-01T00:00:00+00:00,2026-02-23T00:00:00+00:00,2026-03-04T00:00:00+00:00
881,13,2026-02-23T00:00:00+00:00,2026-03-01T00:00:00+00:00,DELIVERED,NORMAL,1,Auto-generated for replenishing Suction Yankauer Tip. Days remaining: 6.1,2,1,2026-02-26T00:00:00+00:00,2026-02-23T00:00:00+00:00,2026-03-01T00:00:00+00:00
882,7,2026-02-24T00:00:00+00:00,2026-02-27T00:00:00+00:00,DELIVERED,NORMAL,1,Auto-generated for replenishing Syringes (10ml). Days remaining: 6.4,2,1,2026-02-24T00:00:00+00:00,2026-02-24T00:00:00+00:00,2026-02-27T00:00:00+00:00
883,2,2026-02-24T00:00:00+00:00,2026-02-28T00:00:00+00:00,DELIVERED,NORMAL,1,Auto-generated for replenishing Latex Gloves (M). Days remaining: 6.5,2,1,2026-02-25T00:00:00+00:00,2026-02-24T00:00:00+00:00,2026-02-28T00:00:00+00:00
884,9,2026-02-24T00:00:00+00:00,2026-03-03T00:00:00+00:00,DELIVERED,NORMAL,1,Auto-generated for replenishing Rheumatoid Factor Kit. Days remaining: 6.5,2,1,2026-02-28T00:00:00+00:00,2026-02-24T00:00:00+00:00,2026-03-03T00:00:00+00:00
885,9,2026-02-25T00:00:00+00:00,2026-03-04T00:00:00+00:00,DELIVERED,NORMAL,1,Auto-generated for replenishing Omeprazole 20mg. Days remaining: 6.4,2,1,2026-03-01T00:00:00+00:00,2026-02-25T00:00:00+00:00,2026-03-04T00:00:00+00:00
886,3,2026-02-26T00:00:00+00:00,2026-03-01T00:00:00+00:00,DELIVERED,NORMAL,1,Auto-generated for replenishing Amlodipine 5mg. Days remaining: 6.8,2,1,2026-02-26T00:00:00+00:00,2026-02-26T00:00:00+00:00,2026-03-01T00:00:00+00:00
887,11,2026-02-26T00:00:00+00:00,2026-03-02T00:00:00+00:00,DELIVERED,NORMAL,1,Auto-generated for replenishing Aprons Waterproof. Days remaining: 7.0,2,1,2026-02-27T00:00:00+00:00,2026-02-26T00:00:00+00:00,2026-03-02T00:00:00+00:00
888,12,2026-02-26T00:00:00+00:00,2026-03-05T00:00:00+00:00,DELIVERED,NORMAL,1,Auto-generated for replenishing Foley Catheter Fr18. Days remaining: 6.1,2,1,2026-03-02T00:00:00+00:00,2026-02-26T00:00:00+00:00,2026-03-05T00:00:00+00:00
889,8,2026-02-26T00:00:00+00:00,2026-03-06T00:00:00+00:00,DELIVERED,NORMAL,1,Auto-generated for replenishing Bone Wax 2.5g. Days remaining: 6.5,2,1,2026-03-03T00:00:00+00:00,2026-02-26T00:00:00+00:00,2026-03-06T00:00:00+00:00
890,2,2026-02-26T00:00:00+00:00,2026-03-02T00:00:00+00:00,DELIVERED,NORMAL,1,Auto-generated for replenishing HIV Rapid Test Kits. Days remaining: 6.6,2,1,2026-02-27T00:00:00+00:00,2026-02-26T00:00:00+00:00,2026-03-02T00:00:00+00:00
891,13,2026-02-26T00:00:00+00:00,2026-03-04T00:00:00+00:00,DELIVERED,NORMAL,1,Auto-generated for replenishing Levothyroxine 50mcg. Days remaining: 6.5,2,1,2026-03-01T00:00:00+00:00,2026-02-26T00:00:00+00:00,2026-03-04T00:00:00+00:00
892,14,2026-02-26T00:00:00+00:00,2026-03-06T00:00:00+00:00,DELIVERED,NORMAL,1,Auto-generated for replenishing Surgical Gown Sterile. Days remaining: 6.5,2,1,2026-03-03T00:00:00+00:00,2026-02-26T00:00:00+00:00,2026-03-06T00:00:00+00:00
893,11,2026-02-26T00:00:00+00:00,2026-03-02T00:00:00+00:00,DELIVERED,NORMAL,1,Auto-generated for replenishing Pipette Tips 200uL. Days remaining: 6.2,2,1,2026-02-27T00:00:00+00:00,2026-02-26T00:00:00+00:00,2026-03-02T00:00:00+00:00
894,11,2026-02-27T00:00:00+00:00,2026-03-03T00:00:00+00:00,DELIVERED,NORMAL,1,Auto-generated for replenishing Syringes (2ml). Days remaining: 6.2,2,1,2026-02-28T00:00:00+00:00,2026-02-27T00:00:00+00:00,2026-03-03T00:00:00+00:00
895,4,2026-02-27T00:00:00+00:00,2026-03-09T00:00:00+00:00,DELIVERED,NORMAL,1,Auto-generated for replenishing Pregnancy Test Cassette. Days remaining: 6.8,2,1,2026-03-06T00:00:00+00:00,2026-02-27T00:00:00+00:00,2026-03-09T00:00:00+00:00
896,10,2026-02-28T00:00:00+00:00,2026-03-08T00:00:00+00:00,DELIVERED,NORMAL,1,Auto-generated for replenishing Foley Catheter Fr16. Days remaining: 6.8,2,1,2026-03-05T00:00:00+00:00,2026-02-28T00:00:00+00:00,2026-03-08T00:00:00+00:00
897,7,2026-02-28T00:00:00+00:00,2026-03-03T00:00:00+00:00,DELIVERED,NORMAL,1,Auto-generated for replenishing Adhesive Plasters. Days remaining: 6.2,2,1,2026-02-28T00:00:00+00:00,2026-02-28T00:00:00+00:00,2026-03-03T00:00:00+00:00
898,8,2026-02-28T00:00:00+00:00,2026-03-08T00:00:00+00:00,DELIVERED,NORMAL,1,Auto-generated for replenishing Serum Sep Tubes (SST). Days remaining: 6.5,2,1,2026-03-05T00:00:00+00:00,2026-02-28T00:00:00+00:00,2026-03-08T00:00:00+00:00
899,11,2026-02-28T00:00:00+00:00,2026-03-04T00:00:00+00:00,DELIVERED,NORMAL,1,Auto-generated for replenishing Metformin 500mg. Days remaining: 6.6,2,1,2026-03-01T00:00:00+00:00,2026-02-28T00:00:00+00:00,2026-03-04T00:00:00+00:00
900,9,2026-02-28T00:00:00+00:00,2026-03-07T00:00:00+00:00,DELIVERED,NORMAL,1,Auto-generated for replenishing Hand Sanitizer 500ml. Days remaining: 6.7,2,1,2026-03-04T00:00:00+00:00,2026-02-28T00:00:00+00:00,2026-03-07T00:00:00+00:00
901,15,2026-03-01T00:00:00+00:00,2026-03-08T00:00:00+00:00,DELIVERED,NORMAL,1,Auto-generated for replenishing Urine Drainage Bag. Days remaining: 6.6,2,1,2026-03-05T00:00:00+00:00,2026-03-01T00:00:00+00:00,2026-03-08T00:00:00+00:00
902,6,2026-03-01T00:00:00+00:00,2026-03-05T00:00:00+00:00,DELIVERED,NORMAL,1,Auto-generated for replenishing Pipette Tips 1000uL. Days remaining: 7.0,2,1,2026-03-02T00:00:00+00:00,2026-03-01T00:00:00+00:00,2026-03-05T00:00:00+00:00
903,4,2026-03-01T00:00:00+00:00,2026-03-11T00:00:00+00:00,DELIVERED,NORMAL,1,Auto-generated for replenishing Gabapentin 300mg. Days remaining: 6.3,2,1,2026-03-08T00:00:00+00:00,2026-03-01T00:00:00+00:00,2026-03-11T00:00:00+00:00
904,6,2026-03-01T00:00:00+00:00,2026-03-05T00:00:00+00:00,DELIVERED,NORMAL,1,Auto-generated for replenishing Protective Goggles. Days remaining: 6.8,2,1,2026-03-02T00:00:00+00:00,2026-03-01T00:00:00+00:00,2026-03-05T00:00:00+00:00
905,14,2026-03-01T00:00:00+00:00,2026-03-09T00:00:00+00:00,DELIVERED,NORMAL,1,Auto-generated for replenishing Surgical Stapler. Days remaining: 6.2,2,1,2026-03-06T00:00:00+00:00,2026-03-01T00:00:00+00:00,2026-03-09T00:00:00+00:00
906,2,2026-03-01T00:00:00+00:00,2026-03-05T00:00:00+00:00,DELIVERED,NORMAL,1,Auto-generated for replenishing Blood Grouping Anti-A. Days remaining: 7.0,2,1,2026-03-02T00:00:00+00:00,2026-03-01T00:00:00+00:00,2026-03-05T00:00:00+00:00
907,5,2026-03-01T00:00:00+00:00,2026-03-10T00:00:00+00:00,DELIVERED,NORMAL,1,Auto-generated for replenishing Disposable Scalpel #15. Days remaining: 7.0,2,1,2026-03-07T00:00:00+00:00,2026-03-01T00:00:00+00:00,2026-03-10T00:00:00+00:00
908,1,2026-03-02T00:00:00+00:00,2026-03-06T00:00:00+00:00,DELIVERED,NORMAL,1,Auto-generated for replenishing Lap Sponge 30x30cm. Days remaining: 6.8,2,1,2026-03-03T00:00:00+00:00,2026-03-02T00:00:00+00:00,2026-03-06T00:00:00+00:00
909,12,2026-03-02T00:00:00+00:00,2026-03-09T00:00:00+00:00,DELIVERED,NORMAL,1,Auto-generated for replenishing Suction Tubing 3m. Days remaining: 6.3,2,1,2026-03-06T00:00:00+00:00,2026-03-02T00:00:00+00:00,2026-03-09T00:00:00+00:00
910,7,2026-03-02T00:00:00+00:00,2026-03-05T00:00:00+00:00,DELIVERED,NORMAL,1,Auto-generated for replenishing N95 Respirator Mask. Days remaining: 6.3,2,1,2026-03-02T00:00:00+00:00,2026-03-02T00:00:00+00:00,2026-03-05T00:00:00+00:00
911,7,2026-03-02T00:00:00+00:00,2026-03-05T00:00:00+00:00,DELIVERED,NORMAL,1,Auto-generated for replenishing Latex Gloves (L). Days remaining: 6.2,2,1,2026-03-02T00:00:00+00:00,2026-03-02T00:00:00+00:00,2026-03-05T00:00:00+00:00
912,6,2026-03-02T00:00:00+00:00,2026-03-06T00:00:00+00:00,DELIVERED,NORMAL,1,Auto-generated for replenishing Microscope Slides. Days remaining: 6.9,2,1,2026-03-03T00:00:00+00:00,2026-03-02T00:00:00+00:00,2026-03-06T00:00:00+00:00
913,6,2026-03-02T00:00:00+00:00,2026-03-06T00:00:00+00:00,DELIVERED,NORMAL,1,Auto-generated for replenishing Shoe Covers Disposable. Days remaining: 6.3,2,1,2026-03-03T00:00:00+00:00,2026-03-02T00:00:00+00:00,2026-03-06T00:00:00+00:00
914,7,2026-03-02T00:00:00+00:00,2026-03-05T00:00:00+00:00,DELIVERED,NORMAL,1,Auto-generated for replenishing Tramadol 50mg. Days remaining: 6.6,2,1,2026-03-02T00:00:00+00:00,2026-03-02T00:00:00+00:00,2026-03-05T00:00:00+00:00
915,7,2026-03-02T00:00:00+00:00,2026-03-05T00:00:00+00:00,DELIVERED,NORMAL,1,Auto-generated for replenishing IV Cannula 20G. Days remaining: 6.9,2,1,2026-03-02T00:00:00+00:00,2026-03-02T00:00:00+00:00,2026-03-05T00:00:00+00:00
916,15,2026-03-03T00:00:00+00:00,2026-03-10T00:00:00+00:00,DELIVERED,NORMAL,1,Auto-generated for replenishing Nitrile Gloves (L). Days remaining: 6.3,2,1,2026-03-07T00:00:00+00:00,2026-03-03T00:00:00+00:00,2026-03-10T00:00:00+00:00
917,13,2026-03-03T00:00:00+00:00,2026-03-09T00:00:00+00:00,DELIVERED,NORMAL,1,Auto-generated for replenishing Vicryl Suture 4-0. Days remaining: 6.5,2,1,2026-03-06T00:00:00+00:00,2026-03-03T00:00:00+00:00,2026-03-09T00:00:00+00:00
918,5,2026-03-03T00:00:00+00:00,2026-03-12T00:00:00+00:00,DELIVERED,NORMAL,1,Auto-generated for replenishing 3-Ply Surgical Mask. Days remaining: 6.7,2,1,2026-03-09T00:00:00+00:00,2026-03-03T00:00:00+00:00,2026-03-12T00:00:00+00:00
919,14,2026-03-04T00:00:00+00:00,2026-03-12T00:00:00+00:00,DELIVERED,NORMAL,1,Auto-generated for replenishing Normal Saline 500ml. Days remaining: 6.6,2,1,2026-03-09T00:00:00+00:00,2026-03-04T00:00:00+00:00,2026-03-12T00:00:00+00:00
920,10,2026-03-04T00:00:00+00:00,2026-03-12T00:00:00+00:00,DELIVERED,NORMAL,1,Auto-generated for replenishing Surgical Tape 2-inch. Days remaining: 6.9,2,1,2026-03-09T00:00:00+00:00,2026-03-04T00:00:00+00:00,2026-03-12T00:00:00+00:00
921,15,2026-03-05T00:00:00+00:00,2026-03-12T00:00:00+00:00,DELIVERED,NORMAL,1,Auto-generated for replenishing Monocryl Suture 4-0. Days remaining: 6.0,2,1,2026-03-09T00:00:00+00:00,2026-03-05T00:00:00+00:00,2026-03-12T00:00:00+00:00
922,7,2026-03-05T00:00:00+00:00,2026-03-08T00:00:00+00:00,DELIVERED,NORMAL,1,Auto-generated for replenishing Paracetamol 500mg. Days remaining: 6.7,2,1,2026-03-05T00:00:00+00:00,2026-03-05T00:00:00+00:00,2026-03-08T00:00:00+00:00
923,13,2026-03-05T00:00:00+00:00,2026-03-11T00:00:00+00:00,DELIVERED,NORMAL,1,Auto-generated for replenishing Nitrile Gloves (S). Days remaining: 6.8,2,1,2026-03-08T00:00:00+00:00,2026-03-05T00:00:00+00:00,2026-03-11T00:00:00+00:00
924,9,2026-03-05T00:00:00+00:00,2026-03-12T00:00:00+00:00,DELIVERED,NORMAL,1,Auto-generated for replenishing Silk Suture 3-0. Days remaining: 6.8,2,1,2026-03-09T00:00:00+00:00,2026-03-05T00:00:00+00:00,2026-03-12T00:00:00+00:00
925,7,2026-03-05T00:00:00+00:00,2026-03-08T00:00:00+00:00,DELIVERED,NORMAL,1,Auto-generated for replenishing Glucose Test Strips. Days remaining: 6.7,2,1,2026-03-05T00:00:00+00:00,2026-03-05T00:00:00+00:00,2026-03-08T00:00:00+00:00
926,8,2026-03-05T00:00:00+00:00,2026-03-13T00:00:00+00:00,DELIVERED,NORMAL,1,Auto-generated for replenishing Vicryl Suture 2-0. Days remaining: 5.8,2,1,2026-03-10T00:00:00+00:00,2026-03-05T00:00:00+00:00,2026-03-13T00:00:00+00:00
927,10,2026-03-05T00:00:00+00:00,2026-03-13T00:00:00+00:00,DELIVERED,NORMAL,1,Auto-generated for replenishing Troponin I Rapid Kit. Days remaining: 6.2,2,1,2026-03-10T00:00:00+00:00,2026-03-05T00:00:00+00:00,2026-03-13T00:00:00+00:00
928,12,2026-03-06T00:00:00+00:00,2026-03-13T00:00:00+00:00,DELIVERED,NORMAL,1,Auto-generated for replenishing Alcohol Prep Pads. Days remaining: 6.3,2,1,2026-03-10T00:00:00+00:00,2026-03-06T00:00:00+00:00,2026-03-13T00:00:00+00:00
929,14,2026-03-06T00:00:00+00:00,2026-03-14T00:00:00+00:00,DELIVERED,NORMAL,1,Auto-generated for replenishing Syringes (5ml). Days remaining: 6.3,2,1,2026-03-11T00:00:00+00:00,2026-03-06T00:00:00+00:00,2026-03-14T00:00:00+00:00
930,2,2026-03-06T00:00:00+00:00,2026-03-10T00:00:00+00:00,DELIVERED,NORMAL,1,Auto-generated for replenishing IV Infusion Set. Days remaining: 6.0,2,1,2026-03-07T00:00:00+00:00,2026-03-06T00:00:00+00:00,2026-03-10T00:00:00+00:00
931,5,2026-03-06T00:00:00+00:00,2026-03-15T00:00:00+00:00,DELIVERED,NORMAL,1,Auto-generated for replenishing Staple Remover. Days remaining: 6.9,2,1,2026-03-12T00:00:00+00:00,2026-03-06T00:00:00+00:00,2026-03-15T00:00:00+00:00
932,3,2026-03-06T00:00:00+00:00,2026-03-09T00:00:00+00:00,DELIVERED,NORMAL,1,Auto-generated for replenishing Ringer Lactate 500ml. Days remaining: 6.3,2,1,2026-03-06T00:00:00+00:00,2026-03-06T00:00:00+00:00,2026-03-09T00:00:00+00:00
933,3,2026-03-06T00:00:00+00:00,2026-03-09T00:00:00+00:00,DELIVERED,NORMAL,1,Auto-generated for replenishing IV Cannula 18G. Days remaining: 6.7,2,1,2026-03-06T00:00:00+00:00,2026-03-06T00:00:00+00:00,2026-03-09T00:00:00+00:00
934,5,2026-03-07T00:00:00+00:00,2026-03-16T00:00:00+00:00,DELIVERED,NORMAL,1,Auto-generated for replenishing Pantoprazole 40mg. Days remaining: 6.0,2,1,2026-03-13T00:00:00+00:00,2026-03-07T00:00:00+00:00,2026-03-16T00:00:00+00:00
935,4,2026-03-07T00:00:00+00:00,2026-03-17T00:00:00+00:00,DELIVERED,NORMAL,1,Auto-generated for replenishing Warfarin 5mg. Days remaining: 6.5,2,1,2026-03-14T00:00:00+00:00,2026-03-07T00:00:00+00:00,2026-03-17T00:00:00+00:00
936,1,2026-03-07T00:00:00+00:00,2026-03-11T00:00:00+00:00,DELIVERED,NORMAL,1,Auto-generated for replenishing Disposable Gown Blue. Days remaining: 6.8,2,1,2026-03-08T00:00:00+00:00,2026-03-07T00:00:00+00:00,2026-03-11T00:00:00+00:00
937,13,2026-03-07T00:00:00+00:00,2026-03-13T00:00:00+00:00,DELIVERED,NORMAL,1,Auto-generated for replenishing Universal Drape Pack. Days remaining: 7.0,2,1,2026-03-10T00:00:00+00:00,2026-03-07T00:00:00+00:00,2026-03-13T00:00:00+00:00
938,14,2026-03-07T00:00:00+00:00,2026-03-15T00:00:00+00:00,DELIVERED,NORMAL,1,Auto-generated for replenishing Surgical Blades #22. Days remaining: 7.0,2,1,2026-03-12T00:00:00+00:00,2026-03-07T00:00:00+00:00,2026-03-15T00:00:00+00:00
939,4,2026-03-08T00:00:00+00:00,2026-03-18T00:00:00+00:00,DELIVERED,NORMAL,1,Auto-generated for replenishing Disinfectant Wipes. Days remaining: 6.5,2,1,2026-03-15T00:00:00+00:00,2026-03-08T00:00:00+00:00,2026-03-18T00:00:00+00:00
940,13,2026-03-08T00:00:00+00:00,2026-03-14T00:00:00+00:00,DELIVERED,NORMAL,1,Auto-generated for replenishing Malaria Antigen Kit. Days remaining: 6.9,2,1,2026-03-11T00:00:00+00:00,2026-03-08T00:00:00+00:00,2026-03-14T00:00:00+00:00
941,12,2026-03-08T00:00:00+00:00,2026-03-15T00:00:00+00:00,DELIVERED,NORMAL,1,Auto-generated for replenishing Cetirizine 10mg. Days remaining: 6.7,2,1,2026-03-12T00:00:00+00:00,2026-03-08T00:00:00+00:00,2026-03-15T00:00:00+00:00
942,1,2026-03-08T00:00:00+00:00,2026-03-12T00:00:00+00:00,DELIVERED,NORMAL,1,Auto-generated for replenishing Syphilis Test Kits. Days remaining: 7.0,2,1,2026-03-09T00:00:00+00:00,2026-03-08T00:00:00+00:00,2026-03-12T00:00:00+00:00
943,10,2026-03-09T00:00:00+00:00,2026-03-17T00:00:00+00:00,DELIVERED,NORMAL,1,Auto-generated for replenishing Clopidogrel 75mg. Days remaining: 6.9,2,1,2026-03-14T00:00:00+00:00,2026-03-09T00:00:00+00:00,2026-03-17T00:00:00+00:00
944,8,2026-03-09T00:00:00+00:00,2026-03-17T00:00:00+00:00,DELIVERED,NORMAL,1,Auto-generated for replenishing C-Section Drape. Days remaining: 6.3,2,1,2026-03-14T00:00:00+00:00,2026-03-09T00:00:00+00:00,2026-03-17T00:00:00+00:00
945,1,2026-03-09T00:00:00+00:00,2026-03-13T00:00:00+00:00,DELIVERED,NORMAL,1,Auto-generated for replenishing Cotton Wool Rolls. Days remaining: 6.8,2,1,2026-03-10T00:00:00+00:00,2026-03-09T00:00:00+00:00,2026-03-13T00:00:00+00:00
946,2,2026-03-09T00:00:00+00:00,2026-03-13T00:00:00+00:00,DELIVERED,NORMAL,1,Auto-generated for replenishing Prednisone 10mg. Days remaining: 6.9,2,1,2026-03-10T00:00:00+00:00,2026-03-09T00:00:00+00:00,2026-03-13T00:00:00+00:00
947,10,2026-03-09T00:00:00+00:00,2026-03-17T00:00:00+00:00,DELIVERED,NORMAL,1,Auto-generated for replenishing Pregnancy Test HCG. Days remaining: 6.1,2,1,2026-03-14T00:00:00+00:00,2026-03-09T00:00:00+00:00,2026-03-17T00:00:00+00:00
948,5,2026-03-10T00:00:00+00:00,2026-03-19T00:00:00+00:00,DELIVERED,NORMAL,1,Auto-generated for replenishing Biohazard Bags Medium. Days remaining: 6.9,2,1,2026-03-16T00:00:00+00:00,2026-03-10T00:00:00+00:00,2026-03-19T00:00:00+00:00
949,3,2026-03-10T00:00:00+00:00,2026-03-13T00:00:00+00:00,DELIVERED,NORMAL,1,Auto-generated for replenishing Skin Marker Pen. Days remaining: 6.5,2,1,2026-03-10T00:00:00+00:00,2026-03-10T00:00:00+00:00,2026-03-13T00:00:00+00:00
950,6,2026-03-10T00:00:00+00:00,2026-03-14T00:00:00+00:00,DELIVERED,NORMAL,1,Auto-generated for replenishing D-Dimer Test Kits. Days remaining: 6.7,2,1,2026-03-11T00:00:00+00:00,2026-03-10T00:00:00+00:00,2026-03-14T00:00:00+00:00
951,10,2026-03-10T00:00:00+00:00,2026-03-18T00:00:00+00:00,DELIVERED,NORMAL,1,Auto-generated for replenishing Hand Sanitizer 100ml. Days remaining: 7.0,2,1,2026-03-15T00:00:00+00:00,2026-03-10T00:00:00+00:00,2026-03-18T00:00:00+00:00
952,11,2026-03-11T00:00:00+00:00,2026-03-15T00:00:00+00:00,DELIVERED,NORMAL,1,Auto-generated for replenishing Bandage Roll 3-inch. Days remaining: 6.3,2,1,2026-03-12T00:00:00+00:00,2026-03-11T00:00:00+00:00,2026-03-15T00:00:00+00:00
953,10,2026-03-11T00:00:00+00:00,2026-03-19T00:00:00+00:00,DELIVERED,NORMAL,1,Auto-generated for replenishing Amoxicillin 500mg. Days remaining: 6.9,2,1,2026-03-16T00:00:00+00:00,2026-03-11T00:00:00+00:00,2026-03-19T00:00:00+00:00
954,8,2026-03-12T00:00:00+00:00,2026-03-20T00:00:00+00:00,DELIVERED,NORMAL,1,Auto-generated for replenishing Gauze Swabs 10x10cm. Days remaining: 6.6,2,1,2026-03-17T00:00:00+00:00,2026-03-12T00:00:00+00:00,2026-03-20T00:00:00+00:00
955,11,2026-03-12T00:00:00+00:00,2026-03-16T00:00:00+00:00,DELIVERED,NORMAL,1,Auto-generated for replenishing Biohazard Bags Large. Days remaining: 6.7,2,1,2026-03-13T00:00:00+00:00,2026-03-12T00:00:00+00:00,2026-03-16T00:00:00+00:00
956,10,2026-03-12T00:00:00+00:00,2026-03-20T00:00:00+00:00,DELIVERED,NORMAL,1,Auto-generated for replenishing Nitrile Gloves (M). Days remaining: 6.9,2,1,2026-03-17T00:00:00+00:00,2026-03-12T00:00:00+00:00,2026-03-20T00:00:00+00:00
957,3,2026-03-13T00:00:00+00:00,2026-03-16T00:00:00+00:00,DELIVERED,NORMAL,1,Auto-generated for replenishing CRP Latex Slide Kit. Days remaining: 7.0,2,1,2026-03-13T00:00:00+00:00,2026-03-13T00:00:00+00:00,2026-03-16T00:00:00+00:00
958,9,2026-03-13T00:00:00+00:00,2026-03-20T00:00:00+00:00,DELIVERED,NORMAL,1,Auto-generated for replenishing Sterile Water 10ml. Days remaining: 6.9,2,1,2026-03-17T00:00:00+00:00,2026-03-13T00:00:00+00:00,2026-03-20T00:00:00+00:00
959,14,2026-03-13T00:00:00+00:00,2026-03-21T00:00:00+00:00,DELIVERED,NORMAL,1,Auto-generated for replenishing Surgical Blades #10. Days remaining: 6.8,2,1,2026-03-18T00:00:00+00:00,2026-03-13T00:00:00+00:00,2026-03-21T00:00:00+00:00
960,10,2026-03-13T00:00:00+00:00,2026-03-21T00:00:00+00:00,DELIVERED,NORMAL,1,Auto-generated for replenishing Azithromycin 250mg. Days remaining: 6.9,2,1,2026-03-18T00:00:00+00:00,2026-03-13T00:00:00+00:00,2026-03-21T00:00:00+00:00
961,7,2026-03-14T00:00:00+00:00,2026-03-17T00:00:00+00:00,DELIVERED,NORMAL,1,Auto-generated for replenishing Bandage Roll 4-inch. Days remaining: 6.1,2,1,2026-03-14T00:00:00+00:00,2026-03-14T00:00:00+00:00,2026-03-17T00:00:00+00:00
962,2,2026-03-14T00:00:00+00:00,2026-03-18T00:00:00+00:00,DELIVERED,NORMAL,1,Auto-generated for replenishing Atorvastatin 20mg. Days remaining: 6.4,2,1,2026-03-15T00:00:00+00:00,2026-03-14T00:00:00+00:00,2026-03-18T00:00:00+00:00
963,8,2026-03-14T00:00:00+00:00,2026-03-22T00:00:00+00:00,DELIVERED,NORMAL,1,Auto-generated for replenishing Blood Culture Bottles. Days remaining: 6.6,2,1,2026-03-19T00:00:00+00:00,2026-03-14T00:00:00+00:00,2026-03-22T00:00:00+00:00
964,2,2026-03-14T00:00:00+00:00,2026-03-18T00:00:00+00:00,DELIVERED,NORMAL,1,Auto-generated for replenishing Latex Gloves (M). Days remaining: 6.7,2,1,2026-03-15T00:00:00+00:00,2026-03-14T00:00:00+00:00,2026-03-18T00:00:00+00:00
965,15,2026-03-14T00:00:00+00:00,2026-03-21T00:00:00+00:00,DELIVERED,NORMAL,1,Auto-generated for replenishing Disposable Scalpel #11. Days remaining: 6.6,2,1,2026-03-18T00:00:00+00:00,2026-03-14T00:00:00+00:00,2026-03-21T00:00:00+00:00
966,7,2026-03-14T00:00:00+00:00,2026-03-17T00:00:00+00:00,DELIVERED,NORMAL,1,Auto-generated for replenishing IV Cannula 22G. Days remaining: 6.7,2,1,2026-03-14T00:00:00+00:00,2026-03-14T00:00:00+00:00,2026-03-17T00:00:00+00:00
967,4,2026-03-14T00:00:00+00:00,2026-03-24T00:00:00+00:00,DELIVERED,NORMAL,1,Auto-generated for replenishing Albuterol Inhaler. Days remaining: 6.8,2,1,2026-03-21T00:00:00+00:00,2026-03-14T00:00:00+00:00,2026-03-24T00:00:00+00:00
968,5,2026-03-15T00:00:00+00:00,2026-03-24T00:00:00+00:00,DELIVERED,NORMAL,1,Auto-generated for replenishing Face Shield Clear. Days remaining: 6.9,2,1,2026-03-21T00:00:00+00:00,2026-03-15T00:00:00+00:00,2026-03-24T00:00:00+00:00
969,1,2026-03-15T00:00:00+00:00,2026-03-19T00:00:00+00:00,DELIVERED,NORMAL,1,Auto-generated for replenishing Metoprolol 25mg. Days remaining: 6.7,2,1,2026-03-16T00:00:00+00:00,2026-03-15T00:00:00+00:00,2026-03-19T00:00:00+00:00
970,13,2026-03-16T00:00:00+00:00,2026-03-22T00:00:00+00:00,DELIVERED,NORMAL,1,Auto-generated for replenishing Suction Yankauer Tip. Days remaining: 6.6,2,1,2026-03-19T00:00:00+00:00,2026-03-16T00:00:00+00:00,2026-03-22T00:00:00+00:00
971,8,2026-03-17T00:00:00+00:00,2026-03-25T00:00:00+00:00,DELIVERED,NORMAL,1,Auto-generated for replenishing Vicryl Suture 3-0. Days remaining: 7.0,2,1,2026-03-22T00:00:00+00:00,2026-03-17T00:00:00+00:00,2026-03-25T00:00:00+00:00
972,11,2026-03-17T00:00:00+00:00,2026-03-21T00:00:00+00:00,DELIVERED,NORMAL,1,Auto-generated for replenishing Aprons Waterproof. Days remaining: 6.2,2,1,2026-03-18T00:00:00+00:00,2026-03-17T00:00:00+00:00,2026-03-21T00:00:00+00:00
973,15,2026-03-18T00:00:00+00:00,2026-03-25T00:00:00+00:00,DELIVERED,NORMAL,1,Auto-generated for replenishing Epidural Needle 18G. Days remaining: 7.0,2,1,2026-03-22T00:00:00+00:00,2026-03-18T00:00:00+00:00,2026-03-25T00:00:00+00:00
974,10,2026-03-18T00:00:00+00:00,2026-03-26T00:00:00+00:00,DELIVERED,NORMAL,1,Auto-generated for replenishing Foley Catheter Fr16. Days remaining: 7.0,2,1,2026-03-23T00:00:00+00:00,2026-03-18T00:00:00+00:00,2026-03-26T00:00:00+00:00
975,13,2026-03-18T00:00:00+00:00,2026-03-24T00:00:00+00:00,DELIVERED,NORMAL,1,Auto-generated for replenishing Sodium Citrate Tubes. Days remaining: 6.1,2,1,2026-03-21T00:00:00+00:00,2026-03-18T00:00:00+00:00,2026-03-24T00:00:00+00:00
976,15,2026-03-18T00:00:00+00:00,2026-03-25T00:00:00+00:00,DELIVERED,NORMAL,1,Auto-generated for replenishing Montelukast 10mg. Days remaining: 6.2,2,1,2026-03-22T00:00:00+00:00,2026-03-18T00:00:00+00:00,2026-03-25T00:00:00+00:00
977,15,2026-03-18T00:00:00+00:00,2026-03-25T00:00:00+00:00,DELIVERED,NORMAL,1,Auto-generated for replenishing Urine Drainage Bag. Days remaining: 6.3,2,1,2026-03-22T00:00:00+00:00,2026-03-18T00:00:00+00:00,2026-03-25T00:00:00+00:00
978,15,2026-03-18T00:00:00+00:00,2026-03-25T00:00:00+00:00,DELIVERED,NORMAL,1,Auto-generated for replenishing Latex Gloves (S). Days remaining: 6.2,2,1,2026-03-22T00:00:00+00:00,2026-03-18T00:00:00+00:00,2026-03-25T00:00:00+00:00
979,12,2026-03-19T00:00:00+00:00,2026-03-26T00:00:00+00:00,DELIVERED,NORMAL,1,Auto-generated for replenishing Urine Dipsticks 10T. Days remaining: 6.6,2,1,2026-03-23T00:00:00+00:00,2026-03-19T00:00:00+00:00,2026-03-26T00:00:00+00:00
980,1,2026-03-19T00:00:00+00:00,2026-03-23T00:00:00+00:00,DELIVERED,NORMAL,1,Auto-generated for replenishing Lap Sponge 30x30cm. Days remaining: 6.9,2,1,2026-03-20T00:00:00+00:00,2026-03-19T00:00:00+00:00,2026-03-23T00:00:00+00:00
981,12,2026-03-19T00:00:00+00:00,2026-03-26T00:00:00+00:00,DELIVERED,NORMAL,1,Auto-generated for replenishing Bouffant Caps Blue. Days remaining: 6.7,2,1,2026-03-23T00:00:00+00:00,2026-03-19T00:00:00+00:00,2026-03-26T00:00:00+00:00
982,11,2026-03-19T00:00:00+00:00,2026-03-23T00:00:00+00:00,DELIVERED,NORMAL,1,Auto-generated for replenishing Syringes (2ml). Days remaining: 6.7,2,1,2026-03-20T00:00:00+00:00,2026-03-19T00:00:00+00:00,2026-03-23T00:00:00+00:00
983,2,2026-03-20T00:00:00+00:00,2026-03-24T00:00:00+00:00,DELIVERED,NORMAL,1,Auto-generated for replenishing HIV Rapid Test Kits. Days remaining: 7.0,2,1,2026-03-21T00:00:00+00:00,2026-03-20T00:00:00+00:00,2026-03-24T00:00:00+00:00
984,13,2026-03-20T00:00:00+00:00,2026-03-26T00:00:00+00:00,DELIVERED,NORMAL,1,Auto-generated for replenishing Levothyroxine 50mcg. Days remaining: 6.9,2,1,2026-03-23T00:00:00+00:00,2026-03-20T00:00:00+00:00,2026-03-26T00:00:00+00:00
985,13,2026-03-20T00:00:00+00:00,2026-03-26T00:00:00+00:00,DELIVERED,NORMAL,1,Auto-generated for replenishing Ibuprofen 400mg. Days remaining: 6.1,2,1,2026-03-23T00:00:00+00:00,2026-03-20T00:00:00+00:00,2026-03-26T00:00:00+00:00
986,6,2026-03-20T00:00:00+00:00,2026-03-24T00:00:00+00:00,DELIVERED,NORMAL,1,Auto-generated for replenishing HCV Rapid Test Kits. Days remaining: 6.8,2,1,2026-03-21T00:00:00+00:00,2026-03-20T00:00:00+00:00,2026-03-24T00:00:00+00:00
987,10,2026-03-20T00:00:00+00:00,2026-03-28T00:00:00+00:00,DELIVERED,NORMAL,1,Auto-generated for replenishing EDTA Blood Tubes (K2). Days remaining: 6.3,2,1,2026-03-25T00:00:00+00:00,2026-03-20T00:00:00+00:00,2026-03-28T00:00:00+00:00
988,8,2026-03-21T00:00:00+00:00,2026-03-29T00:00:00+00:00,DELIVERED,NORMAL,1,Auto-generated for replenishing Serum Sep Tubes (SST). Days remaining: 6.7,2,1,2026-03-26T00:00:00+00:00,2026-03-21T00:00:00+00:00,2026-03-29T00:00:00+00:00
989,3,2026-03-21T00:00:00+00:00,2026-03-24T00:00:00+00:00,DELIVERED,NORMAL,1,Auto-generated for replenishing Amlodipine 5mg. Days remaining: 6.3,2,1,2026-03-21T00:00:00+00:00,2026-03-21T00:00:00+00:00,2026-03-24T00:00:00+00:00
990,12,2026-03-21T00:00:00+00:00,2026-03-28T00:00:00+00:00,DELIVERED,NORMAL,1,Auto-generated for replenishing Suction Tubing 3m. Days remaining: 6.4,2,1,2026-03-25T00:00:00+00:00,2026-03-21T00:00:00+00:00,2026-03-28T00:00:00+00:00
991,11,2026-03-21T00:00:00+00:00,2026-03-25T00:00:00+00:00,DELIVERED,NORMAL,1,Auto-generated for replenishing Pipette Tips 200uL. Days remaining: 6.5,2,1,2026-03-22T00:00:00+00:00,2026-03-21T00:00:00+00:00,2026-03-25T00:00:00+00:00
992,7,2026-03-21T00:00:00+00:00,2026-03-24T00:00:00+00:00,DELIVERED,NORMAL,1,Auto-generated for replenishing Syringes (10ml). Days remaining: 6.7,2,1,2026-03-21T00:00:00+00:00,2026-03-21T00:00:00+00:00,2026-03-24T00:00:00+00:00
993,4,2026-03-21T00:00:00+00:00,2026-03-31T00:00:00+00:00,DELIVERED,NORMAL,1,Auto-generated for replenishing Gabapentin 300mg. Days remaining: 7.0,2,1,2026-03-28T00:00:00+00:00,2026-03-21T00:00:00+00:00,2026-03-31T00:00:00+00:00
994,14,2026-03-22T00:00:00+00:00,2026-03-30T00:00:00+00:00,DELIVERED,NORMAL,1,Auto-generated for replenishing Surgical Gown Sterile. Days remaining: 6.3,2,1,2026-03-27T00:00:00+00:00,2026-03-22T00:00:00+00:00,2026-03-30T00:00:00+00:00
995,9,2026-03-22T00:00:00+00:00,2026-03-29T00:00:00+00:00,DELIVERED,NORMAL,1,Auto-generated for replenishing Rheumatoid Factor Kit. Days remaining: 7.0,2,1,2026-03-26T00:00:00+00:00,2026-03-22T00:00:00+00:00,2026-03-29T00:00:00+00:00
996,13,2026-03-22T00:00:00+00:00,2026-03-28T00:00:00+00:00,DELIVERED,NORMAL,1,Auto-generated for replenishing Silk Suture 2-0. Days remaining: 6.2,2,1,2026-03-25T00:00:00+00:00,2026-03-22T00:00:00+00:00,2026-03-28T00:00:00+00:00
997,4,2026-03-22T00:00:00+00:00,2026-04-01T00:00:00+00:00,DELIVERED,NORMAL,1,Auto-generated for replenishing Pregnancy Test Cassette. Days remaining: 6.7,2,1,2026-03-29T00:00:00+00:00,2026-03-22T00:00:00+00:00,2026-04-01T00:00:00+00:00
998,14,2026-03-22T00:00:00+00:00,2026-03-30T00:00:00+00:00,DELIVERED,NORMAL,1,Auto-generated for replenishing Losartan 50mg. Days remaining: 6.6,2,1,2026-03-27T00:00:00+00:00,2026-03-22T00:00:00+00:00,2026-03-30T00:00:00+00:00
999,6,2026-03-23T00:00:00+00:00,2026-03-27T00:00:00+00:00,DELIVERED,NORMAL,1,Auto-generated for replenishing Pipette Tips 1000uL. Days remaining: 6.5,2,1,2026-03-24T00:00:00+00:00,2026-03-23T00:00:00+00:00,2026-03-27T00:00:00+00:00
1000,11,2026-03-23T00:00:00+00:00,2026-03-27T00:00:00+00:00,DELIVERED,NORMAL,1,Auto-generated for replenishing Metformin 500mg. Days remaining: 6.8,2,1,2026-03-24T00:00:00+00:00,2026-03-23T00:00:00+00:00,2026-03-27T00:00:00+00:00
1001,6,2026-03-24T00:00:00+00:00,2026-03-28T00:00:00+00:00,DELIVERED,NORMAL,1,Auto-generated for replenishing Shoe Covers Disposable. Days remaining: 6.5,2,1,2026-03-25T00:00:00+00:00,2026-03-24T00:00:00+00:00,2026-03-28T00:00:00+00:00
1002,12,2026-03-24T00:00:00+00:00,2026-03-31T00:00:00+00:00,DELIVERED,NORMAL,1,Auto-generated for replenishing Foley Catheter Fr18. Days remaining: 7.0,2,1,2026-03-28T00:00:00+00:00,2026-03-24T00:00:00+00:00,2026-03-31T00:00:00+00:00
1003,14,2026-03-24T00:00:00+00:00,2026-04-01T00:00:00+00:00,DELIVERED,NORMAL,1,Auto-generated for replenishing Surgical Stapler. Days remaining: 6.6,2,1,2026-03-29T00:00:00+00:00,2026-03-24T00:00:00+00:00,2026-04-01T00:00:00+00:00
1004,7,2026-03-24T00:00:00+00:00,2026-03-27T00:00:00+00:00,DELIVERED,NORMAL,1,Auto-generated for replenishing IV Cannula 20G. Days remaining: 6.1,2,1,2026-03-24T00:00:00+00:00,2026-03-24T00:00:00+00:00,2026-03-27T00:00:00+00:00
1005,6,2026-03-24T00:00:00+00:00,2026-03-28T00:00:00+00:00,DELIVERED,NORMAL,1,Auto-generated for replenishing Protective Goggles. Days remaining: 7.0,2,1,2026-03-25T00:00:00+00:00,2026-03-24T00:00:00+00:00,2026-03-28T00:00:00+00:00
1006,9,2026-03-24T00:00:00+00:00,2026-03-31T00:00:00+00:00,DELIVERED,NORMAL,1,Auto-generated for replenishing Omeprazole 20mg. Days remaining: 6.1,2,1,2026-03-28T00:00:00+00:00,2026-03-24T00:00:00+00:00,2026-03-31T00:00:00+00:00
1007,7,2026-03-25T00:00:00+00:00,2026-03-28T00:00:00+00:00,DELIVERED,NORMAL,1,Auto-generated for replenishing Tramadol 50mg. Days remaining: 6.7,2,1,2026-03-25T00:00:00+00:00,2026-03-25T00:00:00+00:00,2026-03-28T00:00:00+00:00
1008,9,2026-03-25T00:00:00+00:00,2026-04-01T00:00:00+00:00,DELIVERED,NORMAL,1,Auto-generated for replenishing Silk Suture 3-0. Days remaining: 6.8,2,1,2026-03-29T00:00:00+00:00,2026-03-25T00:00:00+00:00,2026-04-01T00:00:00+00:00
1009,10,2026-03-25T00:00:00+00:00,2026-04-02T00:00:00+00:00,DELIVERED,NORMAL,1,Auto-generated for replenishing Surgical Tape 2-inch. Days remaining: 6.9,2,1,2026-03-30T00:00:00+00:00,2026-03-25T00:00:00+00:00,2026-04-02T00:00:00+00:00
1010,8,2026-03-26T00:00:00+00:00,2026-04-03T00:00:00+00:00,DELIVERED,NORMAL,1,Auto-generated for replenishing Bone Wax 2.5g. Days remaining: 6.5,2,1,2026-03-31T00:00:00+00:00,2026-03-26T00:00:00+00:00,2026-04-03T00:00:00+00:00
1011,2,2026-03-26T00:00:00+00:00,2026-03-30T00:00:00+00:00,DELIVERED,NORMAL,1,Auto-generated for replenishing IV Infusion Set. Days remaining: 6.9,2,1,2026-03-27T00:00:00+00:00,2026-03-26T00:00:00+00:00,2026-03-30T00:00:00+00:00
1012,2,2026-03-26T00:00:00+00:00,2026-03-30T00:00:00+00:00,DELIVERED,NORMAL,1,Auto-generated for replenishing Blood Grouping Anti-A. Days remaining: 7.0,2,1,2026-03-27T00:00:00+00:00,2026-03-26T00:00:00+00:00,2026-03-30T00:00:00+00:00
1013,14,2026-03-26T00:00:00+00:00,2026-04-03T00:00:00+00:00,DELIVERED,NORMAL,1,Auto-generated for replenishing Normal Saline 500ml. Days remaining: 6.0,2,1,2026-03-31T00:00:00+00:00,2026-03-26T00:00:00+00:00,2026-04-03T00:00:00+00:00
1014,9,2026-03-26T00:00:00+00:00,2026-04-02T00:00:00+00:00,DELIVERED,NORMAL,1,Auto-generated for replenishing Hand Sanitizer 500ml. Days remaining: 7.0,2,1,2026-03-30T00:00:00+00:00,2026-03-26T00:00:00+00:00,2026-04-02T00:00:00+00:00
1015,5,2026-03-26T00:00:00+00:00,2026-04-04T00:00:00+00:00,DELIVERED,NORMAL,1,Auto-generated for replenishing Disposable Scalpel #15. Days remaining: 6.7,2,1,2026-04-01T00:00:00+00:00,2026-03-26T00:00:00+00:00,2026-04-04T00:00:00+00:00
1016,7,2026-03-26T00:00:00+00:00,2026-03-29T00:00:00+00:00,DELIVERED,NORMAL,1,Auto-generated for replenishing Latex Gloves (L). Days remaining: 6.6,2,1,2026-03-26T00:00:00+00:00,2026-03-26T00:00:00+00:00,2026-03-29T00:00:00+00:00
1017,8,2026-03-26T00:00:00+00:00,2026-04-03T00:00:00+00:00,DELIVERED,NORMAL,1,Auto-generated for replenishing Vicryl Suture 2-0. Days remaining: 6.8,2,1,2026-03-31T00:00:00+00:00,2026-03-26T00:00:00+00:00,2026-04-03T00:00:00+00:00
1018,7,2026-03-26T00:00:00+00:00,2026-03-29T00:00:00+00:00,DELIVERED,NORMAL,1,Auto-generated for replenishing Adhesive Plasters. Days remaining: 6.4,2,1,2026-03-26T00:00:00+00:00,2026-03-26T00:00:00+00:00,2026-03-29T00:00:00+00:00
1019,10,2026-03-27T00:00:00+00:00,2026-04-04T00:00:00+00:00,DELIVERED,NORMAL,1,Auto-generated for replenishing Clopidogrel 75mg. Days remaining: 6.0,2,1,2026-04-01T00:00:00+00:00,2026-03-27T00:00:00+00:00,2026-04-04T00:00:00+00:00
1020,5,2026-03-27T00:00:00+00:00,2026-04-05T00:00:00+00:00,DELIVERED,NORMAL,1,Auto-generated for replenishing Pantoprazole 40mg. Days remaining: 6.7,2,1,2026-04-02T00:00:00+00:00,2026-03-27T00:00:00+00:00,2026-04-05T00:00:00+00:00
1021,13,2026-03-27T00:00:00+00:00,2026-04-02T00:00:00+00:00,DELIVERED,NORMAL,1,Auto-generated for replenishing Universal Drape Pack. Days remaining: 6.9,2,1,2026-03-30T00:00:00+00:00,2026-03-27T00:00:00+00:00,2026-04-02T00:00:00+00:00
1022,15,2026-03-27T00:00:00+00:00,2026-04-03T00:00:00+00:00,DELIVERED,NORMAL,1,Auto-generated for replenishing Monocryl Suture 4-0. Days remaining: 6.7,2,1,2026-03-31T00:00:00+00:00,2026-03-27T00:00:00+00:00,2026-04-03T00:00:00+00:00
1023,1,2026-03-27T00:00:00+00:00,2026-03-31T00:00:00+00:00,DELIVERED,NORMAL,1,Auto-generated for replenishing Disposable Gown Blue. Days remaining: 6.3,2,1,2026-03-28T00:00:00+00:00,2026-03-27T00:00:00+00:00,2026-03-31T00:00:00+00:00
1024,8,2026-03-28T00:00:00+00:00,2026-04-05T00:00:00+00:00,DELIVERED,NORMAL,1,Auto-generated for replenishing C-Section Drape. Days remaining: 6.8,2,1,2026-04-02T00:00:00+00:00,2026-03-28T00:00:00+00:00,2026-04-05T00:00:00+00:00
1025,7,2026-03-28T00:00:00+00:00,2026-03-31T00:00:00+00:00,DELIVERED,NORMAL,1,Auto-generated for replenishing Glucose Test Strips. Days remaining: 6.9,2,1,2026-03-28T00:00:00+00:00,2026-03-28T00:00:00+00:00,2026-03-31T00:00:00+00:00
1026,13,2026-03-28T00:00:00+00:00,2026-04-03T00:00:00+00:00,DELIVERED,NORMAL,1,Auto-generated for replenishing Vicryl Suture 4-0. Days remaining: 6.8,2,1,2026-03-31T00:00:00+00:00,2026-03-28T00:00:00+00:00,2026-04-03T00:00:00+00:00
1027,11,2026-03-28T00:00:00+00:00,2026-04-01T00:00:00+00:00,DELIVERED,NORMAL,1,Auto-generated for replenishing Bandage Roll 3-inch. Days remaining: 6.3,2,1,2026-03-29T00:00:00+00:00,2026-03-28T00:00:00+00:00,2026-04-01T00:00:00+00:00
1028,15,2026-03-28T00:00:00+00:00,2026-04-04T00:00:00+00:00,DELIVERED,NORMAL,1,Auto-generated for replenishing Nitrile Gloves (L). Days remaining: 6.4,2,1,2026-04-01T00:00:00+00:00,2026-03-28T00:00:00+00:00,2026-04-04T00:00:00+00:00
1029,12,2026-03-28T00:00:00+00:00,2026-04-04T00:00:00+00:00,DELIVERED,NORMAL,1,Auto-generated for replenishing Alcohol Prep Pads. Days remaining: 6.2,2,1,2026-04-01T00:00:00+00:00,2026-03-28T00:00:00+00:00,2026-04-04T00:00:00+00:00
1030,7,2026-03-28T00:00:00+00:00,2026-03-31T00:00:00+00:00,DELIVERED,NORMAL,1,Auto-generated for replenishing Paracetamol 500mg. Days remaining: 5.8,2,1,2026-03-28T00:00:00+00:00,2026-03-28T00:00:00+00:00,2026-03-31T00:00:00+00:00
1031,3,2026-03-28T00:00:00+00:00,2026-03-31T00:00:00+00:00,DELIVERED,NORMAL,1,Auto-generated for replenishing Ringer Lactate 500ml. Days remaining: 6.4,2,1,2026-03-28T00:00:00+00:00,2026-03-28T00:00:00+00:00,2026-03-31T00:00:00+00:00
1032,2,2026-03-28T00:00:00+00:00,2026-04-01T00:00:00+00:00,DELIVERED,NORMAL,1,Auto-generated for replenishing Prednisone 10mg. Days remaining: 6.3,2,1,2026-03-29T00:00:00+00:00,2026-03-28T00:00:00+00:00,2026-04-01T00:00:00+00:00
1033,3,2026-03-29T00:00:00+00:00,2026-04-01T00:00:00+00:00,DELIVERED,NORMAL,1,Auto-generated for replenishing IV Cannula 18G. Days remaining: 7.0,2,1,2026-03-29T00:00:00+00:00,2026-03-29T00:00:00+00:00,2026-04-01T00:00:00+00:00
1034,7,2026-03-29T00:00:00+00:00,2026-04-01T00:00:00+00:00,DELIVERED,NORMAL,1,Auto-generated for replenishing N95 Respirator Mask. Days remaining: 6.6,2,1,2026-03-29T00:00:00+00:00,2026-03-29T00:00:00+00:00,2026-04-01T00:00:00+00:00
1035,12,2026-03-29T00:00:00+00:00,2026-04-05T00:00:00+00:00,DELIVERED,NORMAL,1,Auto-generated for replenishing Cetirizine 10mg. Days remaining: 6.3,2,1,2026-04-02T00:00:00+00:00,2026-03-29T00:00:00+00:00,2026-04-05T00:00:00+00:00
1036,5,2026-03-29T00:00:00+00:00,2026-04-07T00:00:00+00:00,DELIVERED,NORMAL,1,Auto-generated for replenishing 3-Ply Surgical Mask. Days remaining: 6.9,2,1,2026-04-04T00:00:00+00:00,2026-03-29T00:00:00+00:00,2026-04-07T00:00:00+00:00
1037,6,2026-03-29T00:00:00+00:00,2026-04-02T00:00:00+00:00,DELIVERED,NORMAL,1,Auto-generated for replenishing Microscope Slides. Days remaining: 6.3,2,1,2026-03-30T00:00:00+00:00,2026-03-29T00:00:00+00:00,2026-04-02T00:00:00+00:00
1038,14,2026-03-29T00:00:00+00:00,2026-04-06T00:00:00+00:00,DELIVERED,NORMAL,1,Auto-generated for replenishing Syringes (5ml). Days remaining: 6.8,2,1,2026-04-03T00:00:00+00:00,2026-03-29T00:00:00+00:00,2026-04-06T00:00:00+00:00
1039,11,2026-03-29T00:00:00+00:00,2026-04-02T00:00:00+00:00,DELIVERED,NORMAL,1,Auto-generated for replenishing Biohazard Bags Large. Days remaining: 6.8,2,1,2026-03-30T00:00:00+00:00,2026-03-29T00:00:00+00:00,2026-04-02T00:00:00+00:00
1040,10,2026-03-30T00:00:00+00:00,2026-04-07T00:00:00+00:00,DELIVERED,NORMAL,1,Auto-generated for replenishing Troponin I Rapid Kit. Days remaining: 6.2,2,1,2026-04-04T00:00:00+00:00,2026-03-30T00:00:00+00:00,2026-04-07T00:00:00+00:00
1041,5,2026-03-30T00:00:00+00:00,2026-04-08T00:00:00+00:00,DELIVERED,NORMAL,1,Auto-generated for replenishing Staple Remover. Days remaining: 6.3,2,1,2026-04-05T00:00:00+00:00,2026-03-30T00:00:00+00:00,2026-04-08T00:00:00+00:00
1042,1,2026-03-30T00:00:00+00:00,2026-04-03T00:00:00+00:00,DELIVERED,NORMAL,1,Auto-generated for replenishing Cotton Wool Rolls. Days remaining: 6.2,2,1,2026-03-31T00:00:00+00:00,2026-03-30T00:00:00+00:00,2026-04-03T00:00:00+00:00
1043,4,2026-03-30T00:00:00+00:00,2026-04-09T00:00:00+00:00,DELIVERED,NORMAL,1,Auto-generated for replenishing Disinfectant Wipes. Days remaining: 6.3,2,1,2026-04-06T00:00:00+00:00,2026-03-30T00:00:00+00:00,2026-04-09T00:00:00+00:00
1044,3,2026-03-31T00:00:00+00:00,2026-04-03T00:00:00+00:00,DELIVERED,NORMAL,1,Auto-generated for replenishing Skin Marker Pen. Days remaining: 6.1,2,1,2026-03-31T00:00:00+00:00,2026-03-31T00:00:00+00:00,2026-04-03T00:00:00+00:00
1045,6,2026-03-31T00:00:00+00:00,2026-04-04T00:00:00+00:00,DELIVERED,NORMAL,1,Auto-generated for replenishing D-Dimer Test Kits. Days remaining: 6.7,2,1,2026-04-01T00:00:00+00:00,2026-03-31T00:00:00+00:00,2026-04-04T00:00:00+00:00
1046,4,2026-03-31T00:00:00+00:00,2026-04-10T00:00:00+00:00,DELIVERED,NORMAL,1,Auto-generated for replenishing Warfarin 5mg. Days remaining: 7.0,2,1,2026-04-07T00:00:00+00:00,2026-03-31T00:00:00+00:00,2026-04-10T00:00:00+00:00
1047,1,2026-03-31T00:00:00+00:00,2026-04-04T00:00:00+00:00,DELIVERED,NORMAL,1,Auto-generated for replenishing Metoprolol 25mg. Days remaining: 6.8,2,1,2026-04-01T00:00:00+00:00,2026-03-31T00:00:00+00:00,2026-04-04T00:00:00+00:00
1048,5,2026-03-31T00:00:00+00:00,2026-04-09T00:00:00+00:00,DELIVERED,NORMAL,1,Auto-generated for replenishing Biohazard Bags Medium. Days remaining: 6.8,2,1,2026-04-06T00:00:00+00:00,2026-03-31T00:00:00+00:00,2026-04-09T00:00:00+00:00
1049,8,2026-04-01T00:00:00+00:00,2026-04-09T00:00:00+00:00,DELIVERED,NORMAL,1,Auto-generated for replenishing Blood Culture Bottles. Days remaining: 6.7,2,1,2026-04-06T00:00:00+00:00,2026-04-01T00:00:00+00:00,2026-04-09T00:00:00+00:00
1050,10,2026-04-02T00:00:00+00:00,2026-04-10T00:00:00+00:00,DELIVERED,NORMAL,1,Auto-generated for replenishing Nitrile Gloves (M). Days remaining: 6.6,2,1,2026-04-07T00:00:00+00:00,2026-04-02T00:00:00+00:00,2026-04-10T00:00:00+00:00
1051,13,2026-04-02T00:00:00+00:00,2026-04-08T00:00:00+00:00,DELIVERED,NORMAL,1,Auto-generated for replenishing Nitrile Gloves (S). Days remaining: 6.7,2,1,2026-04-05T00:00:00+00:00,2026-04-02T00:00:00+00:00,2026-04-08T00:00:00+00:00
1052,8,2026-04-02T00:00:00+00:00,2026-04-10T00:00:00+00:00,DELIVERED,NORMAL,1,Auto-generated for replenishing Gauze Swabs 10x10cm. Days remaining: 6.6,2,1,2026-04-07T00:00:00+00:00,2026-04-02T00:00:00+00:00,2026-04-10T00:00:00+00:00
1053,7,2026-04-03T00:00:00+00:00,2026-04-06T00:00:00+00:00,DELIVERED,NORMAL,1,Auto-generated for replenishing IV Cannula 22G. Days remaining: 7.0,2,1,2026-04-03T00:00:00+00:00,2026-04-03T00:00:00+00:00,2026-04-06T00:00:00+00:00
1054,10,2026-04-03T00:00:00+00:00,2026-04-11T00:00:00+00:00,DELIVERED,NORMAL,1,Auto-generated for replenishing Azithromycin 250mg. Days remaining: 6.1,2,1,2026-04-08T00:00:00+00:00,2026-04-03T00:00:00+00:00,2026-04-11T00:00:00+00:00
1055,7,2026-04-03T00:00:00+00:00,2026-04-06T00:00:00+00:00,DELIVERED,NORMAL,1,Auto-generated for replenishing Bandage Roll 4-inch. Days remaining: 6.6,2,1,2026-04-03T00:00:00+00:00,2026-04-03T00:00:00+00:00,2026-04-06T00:00:00+00:00
1056,10,2026-04-03T00:00:00+00:00,2026-04-11T00:00:00+00:00,DELIVERED,NORMAL,1,Auto-generated for replenishing Hand Sanitizer 100ml. Days remaining: 6.2,2,1,2026-04-08T00:00:00+00:00,2026-04-03T00:00:00+00:00,2026-04-11T00:00:00+00:00
1057,13,2026-04-04T00:00:00+00:00,2026-04-10T00:00:00+00:00,DELIVERED,NORMAL,1,Auto-generated for replenishing Malaria Antigen Kit. Days remaining: 6.8,2,1,2026-04-07T00:00:00+00:00,2026-04-04T00:00:00+00:00,2026-04-10T00:00:00+00:00
1058,5,2026-04-04T00:00:00+00:00,2026-04-13T00:00:00+00:00,DELIVERED,NORMAL,1,Auto-generated for replenishing Face Shield Clear. Days remaining: 6.9,2,1,2026-04-10T00:00:00+00:00,2026-04-04T00:00:00+00:00,2026-04-13T00:00:00+00:00
1059,9,2026-04-04T00:00:00+00:00,2026-04-11T00:00:00+00:00,DELIVERED,NORMAL,1,Auto-generated for replenishing Sterile Water 10ml. Days remaining: 6.5,2,1,2026-04-08T00:00:00+00:00,2026-04-04T00:00:00+00:00,2026-04-11T00:00:00+00:00
1060,10,2026-04-04T00:00:00+00:00,2026-04-12T00:00:00+00:00,DELIVERED,NORMAL,1,Auto-generated for replenishing Pregnancy Test HCG. Days remaining: 6.3,2,1,2026-04-09T00:00:00+00:00,2026-04-04T00:00:00+00:00,2026-04-12T00:00:00+00:00
1061,10,2026-04-04T00:00:00+00:00,2026-04-12T00:00:00+00:00,DELIVERED,NORMAL,1,Auto-generated for replenishing Amoxicillin 500mg. Days remaining: 6.9,2,1,2026-04-09T00:00:00+00:00,2026-04-04T00:00:00+00:00,2026-04-12T00:00:00+00:00
1062,1,2026-04-05T00:00:00+00:00,2026-04-09T00:00:00+00:00,DELIVERED,NORMAL,1,Auto-generated for replenishing Syphilis Test Kits. Days remaining: 7.0,2,1,2026-04-06T00:00:00+00:00,2026-04-05T00:00:00+00:00,2026-04-09T00:00:00+00:00
1063,4,2026-04-05T00:00:00+00:00,2026-04-15T00:00:00+00:00,DELIVERED,NORMAL,1,Auto-generated for replenishing Albuterol Inhaler. Days remaining: 6.1,2,1,2026-04-12T00:00:00+00:00,2026-04-05T00:00:00+00:00,2026-04-15T00:00:00+00:00
1064,2,2026-04-06T00:00:00+00:00,2026-04-10T00:00:00+00:00,DELIVERED,NORMAL,1,Auto-generated for replenishing Latex Gloves (M). Days remaining: 6.8,2,1,2026-04-07T00:00:00+00:00,2026-04-06T00:00:00+00:00,2026-04-10T00:00:00+00:00
1065,15,2026-04-06T00:00:00+00:00,2026-04-13T00:00:00+00:00,DELIVERED,NORMAL,1,Auto-generated for replenishing Disposable Scalpel #11. Days remaining: 7.0,2,1,2026-04-10T00:00:00+00:00,2026-04-06T00:00:00+00:00,2026-04-13T00:00:00+00:00
1066,11,2026-04-06T00:00:00+00:00,2026-04-10T00:00:00+00:00,DELIVERED,NORMAL,1,Auto-generated for replenishing Aprons Waterproof. Days remaining: 6.5,2,1,2026-04-07T00:00:00+00:00,2026-04-06T00:00:00+00:00,2026-04-10T00:00:00+00:00
1067,2,2026-04-07T00:00:00+00:00,2026-04-11T00:00:00+00:00,DELIVERED,NORMAL,1,Auto-generated for replenishing Atorvastatin 20mg. Days remaining: 6.5,2,1,2026-04-08T00:00:00+00:00,2026-04-07T00:00:00+00:00,2026-04-11T00:00:00+00:00
1068,14,2026-04-07T00:00:00+00:00,2026-04-15T00:00:00+00:00,DELIVERED,NORMAL,1,Auto-generated for replenishing Surgical Blades #10. Days remaining: 6.8,2,1,2026-04-12T00:00:00+00:00,2026-04-07T00:00:00+00:00,2026-04-15T00:00:00+00:00
1069,12,2026-04-07T00:00:00+00:00,2026-04-14T00:00:00+00:00,DELIVERED,NORMAL,1,Auto-generated for replenishing Urine Dipsticks 10T. Days remaining: 6.6,2,1,2026-04-11T00:00:00+00:00,2026-04-07T00:00:00+00:00,2026-04-14T00:00:00+00:00
1070,14,2026-04-07T00:00:00+00:00,2026-04-15T00:00:00+00:00,DELIVERED,NORMAL,1,Auto-generated for replenishing Surgical Gown Sterile. Days remaining: 6.4,2,1,2026-04-12T00:00:00+00:00,2026-04-07T00:00:00+00:00,2026-04-15T00:00:00+00:00
1071,15,2026-04-08T00:00:00+00:00,2026-04-15T00:00:00+00:00,DELIVERED,NORMAL,1,Auto-generated for replenishing Epidural Needle 18G. Days remaining: 6.7,2,1,2026-04-12T00:00:00+00:00,2026-04-08T00:00:00+00:00,2026-04-15T00:00:00+00:00
1072,11,2026-04-09T00:00:00+00:00,2026-04-13T00:00:00+00:00,DELIVERED,NORMAL,1,Auto-generated for replenishing Syringes (2ml). Days remaining: 6.2,2,1,2026-04-10T00:00:00+00:00,2026-04-09T00:00:00+00:00,2026-04-13T00:00:00+00:00
1073,12,2026-04-09T00:00:00+00:00,2026-04-16T00:00:00+00:00,DELIVERED,NORMAL,1,Auto-generated for replenishing Suction Tubing 3m. Days remaining: 6.5,2,1,2026-04-13T00:00:00+00:00,2026-04-09T00:00:00+00:00,2026-04-16T00:00:00+00:00
1074,13,2026-04-10T00:00:00+00:00,2026-04-16T00:00:00+00:00,DELIVERED,NORMAL,1,Auto-generated for replenishing Levothyroxine 50mcg. Days remaining: 6.7,2,1,2026-04-13T00:00:00+00:00,2026-04-10T00:00:00+00:00,2026-04-16T00:00:00+00:00
1075,13,2026-04-10T00:00:00+00:00,2026-04-16T00:00:00+00:00,DELIVERED,NORMAL,1,Auto-generated for replenishing Ibuprofen 400mg. Days remaining: 6.5,2,1,2026-04-13T00:00:00+00:00,2026-04-10T00:00:00+00:00,2026-04-16T00:00:00+00:00
1076,15,2026-04-10T00:00:00+00:00,2026-04-17T00:00:00+00:00,DELIVERED,NORMAL,1,Auto-generated for replenishing Urine Drainage Bag. Days remaining: 6.4,2,1,2026-04-14T00:00:00+00:00,2026-04-10T00:00:00+00:00,2026-04-17T00:00:00+00:00
1077,4,2026-04-11T00:00:00+00:00,2026-04-21T00:00:00+00:00,DELIVERED,NORMAL,1,Auto-generated for replenishing Pregnancy Test Cassette. Days remaining: 6.8,2,1,2026-04-18T00:00:00+00:00,2026-04-11T00:00:00+00:00,2026-04-21T00:00:00+00:00
1078,14,2026-04-11T00:00:00+00:00,2026-04-19T00:00:00+00:00,DELIVERED,NORMAL,1,Auto-generated for replenishing Surgical Blades #22. Days remaining: 7.0,2,1,2026-04-16T00:00:00+00:00,2026-04-11T00:00:00+00:00,2026-04-19T00:00:00+00:00
1079,7,2026-04-12T00:00:00+00:00,2026-04-15T00:00:00+00:00,DELIVERED,NORMAL,1,Auto-generated for replenishing Syringes (10ml). Days remaining: 6.3,2,1,2026-04-12T00:00:00+00:00,2026-04-12T00:00:00+00:00,2026-04-15T00:00:00+00:00
1080,9,2026-04-12T00:00:00+00:00,2026-04-19T00:00:00+00:00,DELIVERED,NORMAL,1,Auto-generated for replenishing Omeprazole 20mg. Days remaining: 6.6,2,1,2026-04-16T00:00:00+00:00,2026-04-12T00:00:00+00:00,2026-04-19T00:00:00+00:00
1081,15,2026-04-12T00:00:00+00:00,2026-04-19T00:00:00+00:00,DELIVERED,NORMAL,1,Auto-generated for replenishing Latex Gloves (S). Days remaining: 6.9,2,1,2026-04-16T00:00:00+00:00,2026-04-12T00:00:00+00:00,2026-04-19T00:00:00+00:00
1082,4,2026-04-12T00:00:00+00:00,2026-04-22T00:00:00+00:00,DELIVERED,NORMAL,1,Auto-generated for replenishing Gabapentin 300mg. Days remaining: 6.2,2,1,2026-04-19T00:00:00+00:00,2026-04-12T00:00:00+00:00,2026-04-22T00:00:00+00:00
1083,13,2026-04-12T00:00:00+00:00,2026-04-18T00:00:00+00:00,DELIVERED,NORMAL,1,Auto-generated for replenishing Suction Yankauer Tip. Days remaining: 6.7,2,1,2026-04-15T00:00:00+00:00,2026-04-12T00:00:00+00:00,2026-04-18T00:00:00+00:00
1084,13,2026-04-12T00:00:00+00:00,2026-04-18T00:00:00+00:00,DELIVERED,NORMAL,1,Auto-generated for replenishing Sodium Citrate Tubes. Days remaining: 6.4,2,1,2026-04-15T00:00:00+00:00,2026-04-12T00:00:00+00:00,2026-04-18T00:00:00+00:00
1085,10,2026-04-12T00:00:00+00:00,2026-04-20T00:00:00+00:00,DELIVERED,NORMAL,1,Auto-generated for replenishing Foley Catheter Fr16. Days remaining: 6.7,2,1,2026-04-17T00:00:00+00:00,2026-04-12T00:00:00+00:00,2026-04-20T00:00:00+00:00
1086,14,2026-04-13T00:00:00+00:00,2026-04-21T00:00:00+00:00,DELIVERED,NORMAL,1,Auto-generated for replenishing Losartan 50mg. Days remaining: 7.0,2,1,2026-04-18T00:00:00+00:00,2026-04-13T00:00:00+00:00,2026-04-21T00:00:00+00:00
1087,3,2026-04-13T00:00:00+00:00,2026-04-16T00:00:00+00:00,DELIVERED,NORMAL,1,Auto-generated for replenishing CRP Latex Slide Kit. Days remaining: 7.0,2,1,2026-04-13T00:00:00+00:00,2026-04-13T00:00:00+00:00,2026-04-16T00:00:00+00:00
1088,7,2026-04-13T00:00:00+00:00,2026-04-16T00:00:00+00:00,DELIVERED,NORMAL,1,Auto-generated for replenishing IV Cannula 20G. Days remaining: 5.8,2,1,2026-04-13T00:00:00+00:00,2026-04-13T00:00:00+00:00,2026-04-16T00:00:00+00:00
1089,11,2026-04-13T00:00:00+00:00,2026-04-17T00:00:00+00:00,DELIVERED,NORMAL,1,Auto-generated for replenishing Metformin 500mg. Days remaining: 6.4,2,1,2026-04-14T00:00:00+00:00,2026-04-13T00:00:00+00:00,2026-04-17T00:00:00+00:00
1090,13,2026-04-14T00:00:00+00:00,2026-04-20T00:00:00+00:00,DELIVERED,NORMAL,1,Auto-generated for replenishing Silk Suture 2-0. Days remaining: 6.5,2,1,2026-04-17T00:00:00+00:00,2026-04-14T00:00:00+00:00,2026-04-20T00:00:00+00:00
1091,10,2026-04-14T00:00:00+00:00,2026-04-22T00:00:00+00:00,DELIVERED,NORMAL,1,Auto-generated for replenishing EDTA Blood Tubes (K2). Days remaining: 6.5,2,1,2026-04-19T00:00:00+00:00,2026-04-14T00:00:00+00:00,2026-04-22T00:00:00+00:00
1092,9,2026-04-14T00:00:00+00:00,2026-04-21T00:00:00+00:00,DELIVERED,NORMAL,1,Auto-generated for replenishing Rheumatoid Factor Kit. Days remaining: 7.0,2,1,2026-04-18T00:00:00+00:00,2026-04-14T00:00:00+00:00,2026-04-21T00:00:00+00:00
1093,8,2026-04-14T00:00:00+00:00,2026-04-22T00:00:00+00:00,DELIVERED,NORMAL,1,Auto-generated for replenishing Serum Sep Tubes (SST). Days remaining: 6.3,2,1,2026-04-19T00:00:00+00:00,2026-04-14T00:00:00+00:00,2026-04-22T00:00:00+00:00
1094,2,2026-04-15T00:00:00+00:00,2026-04-19T00:00:00+00:00,DELIVERED,NORMAL,1,Auto-generated for replenishing IV Infusion Set. Days remaining: 6.8,2,1,2026-04-16T00:00:00+00:00,2026-04-15T00:00:00+00:00,2026-04-19T00:00:00+00:00
1095,7,2026-04-15T00:00:00+00:00,2026-04-18T00:00:00+00:00,DELIVERED,NORMAL,1,Auto-generated for replenishing Adhesive Plasters. Days remaining: 6.9,2,1,2026-04-15T00:00:00+00:00,2026-04-15T00:00:00+00:00,2026-04-18T00:00:00+00:00
1096,1,2026-04-15T00:00:00+00:00,2026-04-19T00:00:00+00:00,DELIVERED,NORMAL,1,Auto-generated for replenishing Metoprolol 25mg. Days remaining: 6.6,2,1,2026-04-16T00:00:00+00:00,2026-04-15T00:00:00+00:00,2026-04-19T00:00:00+00:00
1097,12,2026-04-15T00:00:00+00:00,2026-04-22T00:00:00+00:00,DELIVERED,NORMAL,1,Auto-generated for replenishing Foley Catheter Fr18. Days remaining: 6.3,2,1,2026-04-19T00:00:00+00:00,2026-04-15T00:00:00+00:00,2026-04-22T00:00:00+00:00
1098,6,2026-04-16T00:00:00+00:00,2026-04-20T00:00:00+00:00,DELIVERED,NORMAL,1,Auto-generated for replenishing Shoe Covers Disposable. Days remaining: 6.7,2,1,2026-04-17T00:00:00+00:00,2026-04-16T00:00:00+00:00,2026-04-20T00:00:00+00:00
1099,14,2026-04-16T00:00:00+00:00,2026-04-24T00:00:00+00:00,DELIVERED,NORMAL,1,Auto-generated for replenishing Surgical Stapler. Days remaining: 6.8,2,1,2026-04-21T00:00:00+00:00,2026-04-16T00:00:00+00:00,2026-04-24T00:00:00+00:00
1100,5,2026-04-16T00:00:00+00:00,2026-04-25T00:00:00+00:00,DELIVERED,NORMAL,1,Auto-generated for replenishing Staple Remover. Days remaining: 6.8,2,1,2026-04-22T00:00:00+00:00,2026-04-16T00:00:00+00:00,2026-04-25T00:00:00+00:00
1101,15,2026-04-16T00:00:00+00:00,2026-04-23T00:00:00+00:00,DELIVERED,NORMAL,1,Auto-generated for replenishing Montelukast 10mg. Days remaining: 6.3,2,1,2026-04-20T00:00:00+00:00,2026-04-16T00:00:00+00:00,2026-04-23T00:00:00+00:00
1102,3,2026-04-16T00:00:00+00:00,2026-04-19T00:00:00+00:00,DELIVERED,NORMAL,1,Auto-generated for replenishing Amlodipine 5mg. Days remaining: 6.6,2,1,2026-04-16T00:00:00+00:00,2026-04-16T00:00:00+00:00,2026-04-19T00:00:00+00:00
1103,10,2026-04-16T00:00:00+00:00,2026-04-24T00:00:00+00:00,DELIVERED,NORMAL,1,Auto-generated for replenishing Surgical Tape 2-inch. Days remaining: 6.3,2,1,2026-04-21T00:00:00+00:00,2026-04-16T00:00:00+00:00,2026-04-24T00:00:00+00:00
1104,12,2026-04-16T00:00:00+00:00,2026-04-23T00:00:00+00:00,DELIVERED,NORMAL,1,Auto-generated for replenishing Bouffant Caps Blue. Days remaining: 6.1,2,1,2026-04-20T00:00:00+00:00,2026-04-16T00:00:00+00:00,2026-04-23T00:00:00+00:00
1105,7,2026-04-16T00:00:00+00:00,2026-04-19T00:00:00+00:00,DELIVERED,NORMAL,1,Auto-generated for replenishing Latex Gloves (L). Days remaining: 6.5,2,1,2026-04-16T00:00:00+00:00,2026-04-16T00:00:00+00:00,2026-04-19T00:00:00+00:00
1106,1,2026-04-16T00:00:00+00:00,2026-04-20T00:00:00+00:00,DELIVERED,NORMAL,1,Auto-generated for replenishing Lap Sponge 30x30cm. Days remaining: 6.4,2,1,2026-04-17T00:00:00+00:00,2026-04-16T00:00:00+00:00,2026-04-20T00:00:00+00:00
1107,2,2026-04-16T00:00:00+00:00,2026-04-20T00:00:00+00:00,DELIVERED,NORMAL,1,Auto-generated for replenishing HIV Rapid Test Kits. Days remaining: 7.0,2,1,2026-04-17T00:00:00+00:00,2026-04-16T00:00:00+00:00,2026-04-20T00:00:00+00:00
1108,1,2026-04-17T00:00:00+00:00,2026-04-21T00:00:00+00:00,DELIVERED,NORMAL,1,Auto-generated for replenishing Cotton Wool Rolls. Days remaining: 6.5,2,1,2026-04-18T00:00:00+00:00,2026-04-17T00:00:00+00:00,2026-04-21T00:00:00+00:00
1109,10,2026-04-17T00:00:00+00:00,2026-04-25T00:00:00+00:00,DELIVERED,NORMAL,1,Auto-generated for replenishing Troponin I Rapid Kit. Days remaining: 7.0,2,1,2026-04-22T00:00:00+00:00,2026-04-17T00:00:00+00:00,2026-04-25T00:00:00+00:00
1110,2,2026-04-17T00:00:00+00:00,2026-04-21T00:00:00+00:00,DELIVERED,NORMAL,1,Auto-generated for replenishing Prednisone 10mg. Days remaining: 7.0,2,1,2026-04-18T00:00:00+00:00,2026-04-17T00:00:00+00:00,2026-04-21T00:00:00+00:00
1111,7,2026-04-17T00:00:00+00:00,2026-04-20T00:00:00+00:00,DELIVERED,NORMAL,1,Auto-generated for replenishing N95 Respirator Mask. Days remaining: 6.4,2,1,2026-04-17T00:00:00+00:00,2026-04-17T00:00:00+00:00,2026-04-20T00:00:00+00:00
1112,8,2026-04-17T00:00:00+00:00,2026-04-25T00:00:00+00:00,DELIVERED,NORMAL,1,Auto-generated for replenishing Vicryl Suture 3-0. Days remaining: 6.3,2,1,2026-04-22T00:00:00+00:00,2026-04-17T00:00:00+00:00,2026-04-25T00:00:00+00:00
1113,14,2026-04-17T00:00:00+00:00,2026-04-25T00:00:00+00:00,DELIVERED,NORMAL,1,Auto-generated for replenishing Normal Saline 500ml. Days remaining: 6.3,2,1,2026-04-22T00:00:00+00:00,2026-04-17T00:00:00+00:00,2026-04-25T00:00:00+00:00
1114,5,2026-04-18T00:00:00+00:00,2026-04-27T00:00:00+00:00,DELIVERED,NORMAL,1,Auto-generated for replenishing Pantoprazole 40mg. Days remaining: 6.2,2,1,2026-04-24T00:00:00+00:00,2026-04-18T00:00:00+00:00,2026-04-27T00:00:00+00:00
1115,15,2026-04-18T00:00:00+00:00,2026-04-25T00:00:00+00:00,DELIVERED,NORMAL,1,Auto-generated for replenishing Nitrile Gloves (L). Days remaining: 6.9,2,1,2026-04-22T00:00:00+00:00,2026-04-18T00:00:00+00:00,2026-04-25T00:00:00+00:00
1116,7,2026-04-18T00:00:00+00:00,2026-04-21T00:00:00+00:00,DELIVERED,NORMAL,1,Auto-generated for replenishing Paracetamol 500mg. Days remaining: 6.4,2,1,2026-04-18T00:00:00+00:00,2026-04-18T00:00:00+00:00,2026-04-21T00:00:00+00:00
1117,11,2026-04-18T00:00:00+00:00,2026-04-22T00:00:00+00:00,DELIVERED,NORMAL,1,Auto-generated for replenishing Pipette Tips 200uL. Days remaining: 6.5,2,1,2026-04-19T00:00:00+00:00,2026-04-18T00:00:00+00:00,2026-04-22T00:00:00+00:00
1118,6,2026-04-18T00:00:00+00:00,2026-04-22T00:00:00+00:00,DELIVERED,NORMAL,1,Auto-generated for replenishing HCV Rapid Test Kits. Days remaining: 7.0,2,1,2026-04-19T00:00:00+00:00,2026-04-18T00:00:00+00:00,2026-04-22T00:00:00+00:00
1119,8,2026-04-19T00:00:00+00:00,2026-04-27T00:00:00+00:00,DELIVERED,NORMAL,1,Auto-generated for replenishing C-Section Drape. Days remaining: 6.7,2,1,2026-04-24T00:00:00+00:00,2026-04-19T00:00:00+00:00,2026-04-27T00:00:00+00:00
1120,9,2026-04-19T00:00:00+00:00,2026-04-26T00:00:00+00:00,DELIVERED,NORMAL,1,Auto-generated for replenishing Hand Sanitizer 500ml. Days remaining: 6.4,2,1,2026-04-23T00:00:00+00:00,2026-04-19T00:00:00+00:00,2026-04-26T00:00:00+00:00
1121,13,2026-04-19T00:00:00+00:00,2026-04-25T00:00:00+00:00,DELIVERED,NORMAL,1,Auto-generated for replenishing Vicryl Suture 4-0. Days remaining: 6.2,2,1,2026-04-22T00:00:00+00:00,2026-04-19T00:00:00+00:00,2026-04-25T00:00:00+00:00
1122,11,2026-04-20T00:00:00+00:00,2026-04-24T00:00:00+00:00,DELIVERED,NORMAL,1,Auto-generated for replenishing Biohazard Bags Large. Days remaining: 6.8,2,1,2026-04-21T00:00:00+00:00,2026-04-20T00:00:00+00:00,2026-04-24T00:00:00+00:00
1123,9,2026-04-20T00:00:00+00:00,2026-04-27T00:00:00+00:00,DELIVERED,NORMAL,1,Auto-generated for replenishing Silk Suture 3-0. Days remaining: 6.6,2,1,2026-04-24T00:00:00+00:00,2026-04-20T00:00:00+00:00,2026-04-27T00:00:00+00:00
1124,11,2026-04-20T00:00:00+00:00,2026-04-24T00:00:00+00:00,DELIVERED,NORMAL,1,Auto-generated for replenishing Bandage Roll 3-inch. Days remaining: 6.7,2,1,2026-04-21T00:00:00+00:00,2026-04-20T00:00:00+00:00,2026-04-24T00:00:00+00:00
1125,6,2026-04-20T00:00:00+00:00,2026-04-24T00:00:00+00:00,DELIVERED,NORMAL,1,Auto-generated for replenishing Protective Goggles. Days remaining: 6.8,2,1,2026-04-21T00:00:00+00:00,2026-04-20T00:00:00+00:00,2026-04-24T00:00:00+00:00
1126,2,2026-04-20T00:00:00+00:00,2026-04-24T00:00:00+00:00,DELIVERED,NORMAL,1,Auto-generated for replenishing Blood Grouping Anti-A. Days remaining: 7.0,2,1,2026-04-21T00:00:00+00:00,2026-04-20T00:00:00+00:00,2026-04-24T00:00:00+00:00
1127,12,2026-04-20T00:00:00+00:00,2026-04-27T00:00:00+00:00,DELIVERED,NORMAL,1,Auto-generated for replenishing Alcohol Prep Pads. Days remaining: 7.0,2,1,2026-04-24T00:00:00+00:00,2026-04-20T00:00:00+00:00,2026-04-27T00:00:00+00:00
1128,4,2026-04-20T00:00:00+00:00,2026-04-30T00:00:00+00:00,DELIVERED,NORMAL,1,Auto-generated for replenishing Disinfectant Wipes. Days remaining: 7.0,2,1,2026-04-27T00:00:00+00:00,2026-04-20T00:00:00+00:00,2026-04-30T00:00:00+00:00
1129,8,2026-04-20T00:00:00+00:00,2026-04-28T00:00:00+00:00,DELIVERED,NORMAL,1,Auto-generated for replenishing Vicryl Suture 2-0. Days remaining: 6.8,2,1,2026-04-25T00:00:00+00:00,2026-04-20T00:00:00+00:00,2026-04-28T00:00:00+00:00
1130,8,2026-04-21T00:00:00+00:00,2026-04-29T00:00:00+00:00,DELIVERED,NORMAL,1,Auto-generated for replenishing Blood Culture Bottles. Days remaining: 6.8,2,1,2026-04-26T00:00:00+00:00,2026-04-21T00:00:00+00:00,2026-04-29T00:00:00+00:00
1131,6,2026-04-21T00:00:00+00:00,2026-04-25T00:00:00+00:00,DELIVERED,NORMAL,1,Auto-generated for replenishing Pipette Tips 1000uL. Days remaining: 6.5,2,1,2026-04-22T00:00:00+00:00,2026-04-21T00:00:00+00:00,2026-04-25T00:00:00+00:00
1132,6,2026-04-21T00:00:00+00:00,2026-04-25T00:00:00+00:00,DELIVERED,NORMAL,1,Auto-generated for replenishing Microscope Slides. Days remaining: 6.7,2,1,2026-04-22T00:00:00+00:00,2026-04-21T00:00:00+00:00,2026-04-25T00:00:00+00:00
1133,1,2026-04-21T00:00:00+00:00,2026-04-25T00:00:00+00:00,DELIVERED,NORMAL,1,Auto-generated for replenishing Disposable Gown Blue. Days remaining: 6.8,2,1,2026-04-22T00:00:00+00:00,2026-04-21T00:00:00+00:00,2026-04-25T00:00:00+00:00
1134,5,2026-04-21T00:00:00+00:00,2026-04-30T00:00:00+00:00,DELIVERED,NORMAL,1,Auto-generated for replenishing Disposable Scalpel #15. Days remaining: 5.9,2,1,2026-04-27T00:00:00+00:00,2026-04-21T00:00:00+00:00,2026-04-30T00:00:00+00:00
1135,10,2026-04-22T00:00:00+00:00,2026-04-30T00:00:00+00:00,DELIVERED,NORMAL,1,Auto-generated for replenishing Clopidogrel 75mg. Days remaining: 6.9,2,1,2026-04-27T00:00:00+00:00,2026-04-22T00:00:00+00:00,2026-04-30T00:00:00+00:00
1136,10,2026-04-22T00:00:00+00:00,2026-04-30T00:00:00+00:00,DELIVERED,NORMAL,1,Auto-generated for replenishing Pregnancy Test HCG. Days remaining: 6.9,2,1,2026-04-27T00:00:00+00:00,2026-04-22T00:00:00+00:00,2026-04-30T00:00:00+00:00
1137,4,2026-04-22T00:00:00+00:00,2026-05-02T00:00:00+00:00,DELIVERED,NORMAL,1,Auto-generated for replenishing Warfarin 5mg. Days remaining: 6.5,2,1,2026-04-29T00:00:00+00:00,2026-04-22T00:00:00+00:00,2026-05-02T00:00:00+00:00
1138,3,2026-04-22T00:00:00+00:00,2026-04-25T00:00:00+00:00,DELIVERED,NORMAL,1,Auto-generated for replenishing Ringer Lactate 500ml. Days remaining: 6.4,2,1,2026-04-22T00:00:00+00:00,2026-04-22T00:00:00+00:00,2026-04-25T00:00:00+00:00
1139,15,2026-04-22T00:00:00+00:00,2026-04-29T00:00:00+00:00,DELIVERED,NORMAL,1,Auto-generated for replenishing Monocryl Suture 4-0. Days remaining: 7.0,2,1,2026-04-26T00:00:00+00:00,2026-04-22T00:00:00+00:00,2026-04-29T00:00:00+00:00
1140,3,2026-04-22T00:00:00+00:00,2026-04-25T00:00:00+00:00,DELIVERED,NORMAL,1,Auto-generated for replenishing Skin Marker Pen. Days remaining: 7.0,2,1,2026-04-22T00:00:00+00:00,2026-04-22T00:00:00+00:00,2026-04-25T00:00:00+00:00
1141,7,2026-04-23T00:00:00+00:00,2026-04-26T00:00:00+00:00,DELIVERED,NORMAL,1,Auto-generated for replenishing IV Cannula 22G. Days remaining: 5.9,2,1,2026-04-23T00:00:00+00:00,2026-04-23T00:00:00+00:00,2026-04-26T00:00:00+00:00
1142,7,2026-04-23T00:00:00+00:00,2026-04-26T00:00:00+00:00,DELIVERED,NORMAL,1,Auto-generated for replenishing Glucose Test Strips. Days remaining: 6.7,2,1,2026-04-23T00:00:00+00:00,2026-04-23T00:00:00+00:00,2026-04-26T00:00:00+00:00
1143,8,2026-04-23T00:00:00+00:00,2026-05-01T00:00:00+00:00,DELIVERED,NORMAL,1,Auto-generated for replenishing Gauze Swabs 10x10cm. Days remaining: 6.6,2,1,2026-04-28T00:00:00+00:00,2026-04-23T00:00:00+00:00,2026-05-01T00:00:00+00:00
1144,10,2026-04-23T00:00:00+00:00,2026-05-01T00:00:00+00:00,DELIVERED,NORMAL,1,Auto-generated for replenishing Azithromycin 250mg. Days remaining: 6.1,2,1,2026-04-28T00:00:00+00:00,2026-04-23T00:00:00+00:00,2026-05-01T00:00:00+00:00
1145,13,2026-04-23T00:00:00+00:00,2026-04-29T00:00:00+00:00,DELIVERED,NORMAL,1,Auto-generated for replenishing Universal Drape Pack. Days remaining: 6.4,2,1,2026-04-26T00:00:00+00:00,2026-04-23T00:00:00+00:00,2026-04-29T00:00:00+00:00
1146,5,2026-04-23T00:00:00+00:00,2026-05-02T00:00:00+00:00,DELIVERED,NORMAL,1,Auto-generated for replenishing 3-Ply Surgical Mask. Days remaining: 6.0,2,1,2026-04-29T00:00:00+00:00,2026-04-23T00:00:00+00:00,2026-05-02T00:00:00+00:00
1147,2,2026-04-24T00:00:00+00:00,2026-04-28T00:00:00+00:00,DELIVERED,NORMAL,1,Auto-generated for replenishing Latex Gloves (M). Days remaining: 6.0,2,1,2026-04-25T00:00:00+00:00,2026-04-24T00:00:00+00:00,2026-04-28T00:00:00+00:00
1148,6,2026-04-24T00:00:00+00:00,2026-04-28T00:00:00+00:00,DELIVERED,NORMAL,1,Auto-generated for replenishing D-Dimer Test Kits. Days remaining: 6.7,2,1,2026-04-25T00:00:00+00:00,2026-04-24T00:00:00+00:00,2026-04-28T00:00:00+00:00
1149,13,2026-04-24T00:00:00+00:00,2026-04-30T00:00:00+00:00,DELIVERED,NORMAL,1,Auto-generated for replenishing Malaria Antigen Kit. Days remaining: 6.9,2,1,2026-04-27T00:00:00+00:00,2026-04-24T00:00:00+00:00,2026-04-30T00:00:00+00:00
1150,12,2026-04-24T00:00:00+00:00,2026-05-01T00:00:00+00:00,DELIVERED,NORMAL,1,Auto-generated for replenishing Cetirizine 10mg. Days remaining: 6.3,2,1,2026-04-28T00:00:00+00:00,2026-04-24T00:00:00+00:00,2026-05-01T00:00:00+00:00
1151,11,2026-04-25T00:00:00+00:00,2026-04-29T00:00:00+00:00,DELIVERED,NORMAL,1,Auto-generated for replenishing Aprons Waterproof. Days remaining: 6.5,2,1,2026-04-26T00:00:00+00:00,2026-04-25T00:00:00+00:00,2026-04-29T00:00:00+00:00
1152,5,2026-04-25T00:00:00+00:00,2026-05-04T00:00:00+00:00,DELIVERED,NORMAL,1,Auto-generated for replenishing Biohazard Bags Medium. Days remaining: 6.5,2,1,2026-05-01T00:00:00+00:00,2026-04-25T00:00:00+00:00,2026-05-04T00:00:00+00:00
1153,8,2026-04-25T00:00:00+00:00,2026-05-03T00:00:00+00:00,DELIVERED,NORMAL,1,Auto-generated for replenishing Bone Wax 2.5g. Days remaining: 7.0,2,1,2026-04-30T00:00:00+00:00,2026-04-25T00:00:00+00:00,2026-05-03T00:00:00+00:00
1154,3,2026-04-26T00:00:00+00:00,2026-04-29T00:00:00+00:00,DELIVERED,NORMAL,1,Auto-generated for replenishing IV Cannula 18G. Days remaining: 6.6,2,1,2026-04-26T00:00:00+00:00,2026-04-26T00:00:00+00:00,2026-04-29T00:00:00+00:00
1155,13,2026-04-26T00:00:00+00:00,2026-05-02T00:00:00+00:00,DELIVERED,NORMAL,1,Auto-generated for replenishing Ibuprofen 400mg. Days remaining: 6.4,2,1,2026-04-29T00:00:00+00:00,2026-04-26T00:00:00+00:00,2026-05-02T00:00:00+00:00
1156,14,2026-04-26T00:00:00+00:00,2026-05-04T00:00:00+00:00,DELIVERED,NORMAL,1,Auto-generated for replenishing Syringes (5ml). Days remaining: 6.4,2,1,2026-05-01T00:00:00+00:00,2026-04-26T00:00:00+00:00,2026-05-04T00:00:00+00:00
1157,10,2026-04-26T00:00:00+00:00,2026-05-04T00:00:00+00:00,DELIVERED,NORMAL,1,Auto-generated for replenishing Nitrile Gloves (M). Days remaining: 6.5,2,1,2026-05-01T00:00:00+00:00,2026-04-26T00:00:00+00:00,2026-05-04T00:00:00+00:00
1158,12,2026-04-27T00:00:00+00:00,2026-05-04T00:00:00+00:00,DELIVERED,NORMAL,1,Auto-generated for replenishing Suction Tubing 3m. Days remaining: 6.3,2,1,2026-05-01T00:00:00+00:00,2026-04-27T00:00:00+00:00,2026-05-04T00:00:00+00:00
1159,2,2026-04-27T00:00:00+00:00,2026-05-01T00:00:00+00:00,DELIVERED,NORMAL,1,Auto-generated for replenishing Atorvastatin 20mg. Days remaining: 6.6,2,1,2026-04-28T00:00:00+00:00,2026-04-27T00:00:00+00:00,2026-05-01T00:00:00+00:00
1160,7,2026-04-27T00:00:00+00:00,2026-04-30T00:00:00+00:00,DELIVERED,NORMAL,1,Auto-generated for replenishing Tramadol 50mg. Days remaining: 6.8,2,1,2026-04-27T00:00:00+00:00,2026-04-27T00:00:00+00:00,2026-04-30T00:00:00+00:00
1161,15,2026-04-27T00:00:00+00:00,2026-05-04T00:00:00+00:00,DELIVERED,NORMAL,1,Auto-generated for replenishing Disposable Scalpel #11. Days remaining: 7.0,2,1,2026-05-01T00:00:00+00:00,2026-04-27T00:00:00+00:00,2026-05-04T00:00:00+00:00
1162,7,2026-04-27T00:00:00+00:00,2026-04-30T00:00:00+00:00,DELIVERED,NORMAL,1,Auto-generated for replenishing Bandage Roll 4-inch. Days remaining: 5.9,2,1,2026-04-27T00:00:00+00:00,2026-04-27T00:00:00+00:00,2026-04-30T00:00:00+00:00
1163,4,2026-04-28T00:00:00+00:00,2026-05-08T00:00:00+00:00,DELIVERED,NORMAL,1,Auto-generated for replenishing Albuterol Inhaler. Days remaining: 6.4,2,1,2026-05-05T00:00:00+00:00,2026-04-28T00:00:00+00:00,2026-05-08T00:00:00+00:00
1164,14,2026-04-28T00:00:00+00:00,2026-05-06T00:00:00+00:00,DELIVERED,NORMAL,1,Auto-generated for replenishing Surgical Gown Sterile. Days remaining: 6.9,2,1,2026-05-03T00:00:00+00:00,2026-04-28T00:00:00+00:00,2026-05-06T00:00:00+00:00
1165,9,2026-04-28T00:00:00+00:00,2026-05-05T00:00:00+00:00,DELIVERED,NORMAL,1,Auto-generated for replenishing Sterile Water 10ml. Days remaining: 6.0,2,1,2026-05-02T00:00:00+00:00,2026-04-28T00:00:00+00:00,2026-05-05T00:00:00+00:00
1166,15,2026-04-29T00:00:00+00:00,2026-05-06T00:00:00+00:00,DELIVERED,NORMAL,1,Auto-generated for replenishing Epidural Needle 18G. Days remaining: 6.8,2,1,2026-05-03T00:00:00+00:00,2026-04-29T00:00:00+00:00,2026-05-06T00:00:00+00:00
1167,1,2026-04-29T00:00:00+00:00,2026-05-03T00:00:00+00:00,DELIVERED,NORMAL,1,Auto-generated for replenishing Syphilis Test Kits. Days remaining: 6.5,2,1,2026-04-30T00:00:00+00:00,2026-04-29T00:00:00+00:00,2026-05-03T00:00:00+00:00
1168,10,2026-04-30T00:00:00+00:00,2026-05-08T00:00:00+00:00,DELIVERED,NORMAL,1,Auto-generated for replenishing Amoxicillin 500mg. Days remaining: 6.7,2,1,2026-05-05T00:00:00+00:00,2026-04-30T00:00:00+00:00,2026-05-08T00:00:00+00:00
1169,10,2026-04-30T00:00:00+00:00,2026-05-08T00:00:00+00:00,DELIVERED,NORMAL,1,Auto-generated for replenishing Hand Sanitizer 100ml. Days remaining: 7.0,2,1,2026-05-05T00:00:00+00:00,2026-04-30T00:00:00+00:00,2026-05-08T00:00:00+00:00
1170,13,2026-04-30T00:00:00+00:00,2026-05-06T00:00:00+00:00,DELIVERED,NORMAL,1,Auto-generated for replenishing Levothyroxine 50mcg. Days remaining: 6.7,2,1,2026-05-03T00:00:00+00:00,2026-04-30T00:00:00+00:00,2026-05-06T00:00:00+00:00
1171,7,2026-05-01T00:00:00+00:00,2026-05-04T00:00:00+00:00,DELIVERED,NORMAL,1,Auto-generated for replenishing IV Cannula 20G. Days remaining: 6.8,2,1,2026-05-01T00:00:00+00:00,2026-05-01T00:00:00+00:00,2026-05-04T00:00:00+00:00
1172,4,2026-05-02T00:00:00+00:00,2026-05-12T00:00:00+00:00,DELIVERED,NORMAL,1,Auto-generated for replenishing Gabapentin 300mg. Days remaining: 6.9,2,1,2026-05-09T00:00:00+00:00,2026-05-02T00:00:00+00:00,2026-05-12T00:00:00+00:00
1173,14,2026-05-02T00:00:00+00:00,2026-05-10T00:00:00+00:00,DELIVERED,NORMAL,1,Auto-generated for replenishing Surgical Blades #10. Days remaining: 6.8,2,1,2026-05-07T00:00:00+00:00,2026-05-02T00:00:00+00:00,2026-05-10T00:00:00+00:00
1174,11,2026-05-02T00:00:00+00:00,2026-05-06T00:00:00+00:00,DELIVERED,NORMAL,1,Auto-generated for replenishing Syringes (2ml). Days remaining: 6.6,2,1,2026-05-03T00:00:00+00:00,2026-05-02T00:00:00+00:00,2026-05-06T00:00:00+00:00
1175,8,2026-05-03T00:00:00+00:00,2026-05-11T00:00:00+00:00,DELIVERED,NORMAL,1,Auto-generated for replenishing Serum Sep Tubes (SST). Days remaining: 6.9,2,1,2026-05-08T00:00:00+00:00,2026-05-03T00:00:00+00:00,2026-05-11T00:00:00+00:00
1176,13,2026-05-03T00:00:00+00:00,2026-05-09T00:00:00+00:00,DELIVERED,NORMAL,1,Auto-generated for replenishing Nitrile Gloves (S). Days remaining: 6.5,2,1,2026-05-06T00:00:00+00:00,2026-05-03T00:00:00+00:00,2026-05-09T00:00:00+00:00
1177,4,2026-05-04T00:00:00+00:00,2026-05-14T00:00:00+00:00,DELIVERED,NORMAL,1,Auto-generated for replenishing Pregnancy Test Cassette. Days remaining: 6.4,2,1,2026-05-11T00:00:00+00:00,2026-05-04T00:00:00+00:00,2026-05-14T00:00:00+00:00
1178,14,2026-05-04T00:00:00+00:00,2026-05-12T00:00:00+00:00,DELIVERED,NORMAL,1,Auto-generated for replenishing Normal Saline 500ml. Days remaining: 6.8,2,1,2026-05-09T00:00:00+00:00,2026-05-04T00:00:00+00:00,2026-05-12T00:00:00+00:00
1179,15,2026-05-04T00:00:00+00:00,2026-05-11T00:00:00+00:00,DELIVERED,NORMAL,1,Auto-generated for replenishing Latex Gloves (S). Days remaining: 6.0,2,1,2026-05-08T00:00:00+00:00,2026-05-04T00:00:00+00:00,2026-05-11T00:00:00+00:00
1180,2,2026-05-05T00:00:00+00:00,2026-05-09T00:00:00+00:00,DELIVERED,NORMAL,1,Auto-generated for replenishing IV Infusion Set. Days remaining: 6.0,2,1,2026-05-06T00:00:00+00:00,2026-05-05T00:00:00+00:00,2026-05-09T00:00:00+00:00
1181,12,2026-05-05T00:00:00+00:00,2026-05-12T00:00:00+00:00,DELIVERED,NORMAL,1,Auto-generated for replenishing Bouffant Caps Blue. Days remaining: 6.5,2,1,2026-05-09T00:00:00+00:00,2026-05-05T00:00:00+00:00,2026-05-12T00:00:00+00:00
1182,7,2026-05-05T00:00:00+00:00,2026-05-08T00:00:00+00:00,DELIVERED,NORMAL,1,Auto-generated for replenishing Adhesive Plasters. Days remaining: 7.0,2,1,2026-05-05T00:00:00+00:00,2026-05-05T00:00:00+00:00,2026-05-08T00:00:00+00:00
1183,2,2026-05-05T00:00:00+00:00,2026-05-09T00:00:00+00:00,DELIVERED,NORMAL,1,Auto-generated for replenishing Prednisone 10mg. Days remaining: 7.0,2,1,2026-05-06T00:00:00+00:00,2026-05-05T00:00:00+00:00,2026-05-09T00:00:00+00:00
1184,15,2026-05-05T00:00:00+00:00,2026-05-12T00:00:00+00:00,DELIVERED,NORMAL,1,Auto-generated for replenishing Urine Drainage Bag. Days remaining: 6.7,2,1,2026-05-09T00:00:00+00:00,2026-05-05T00:00:00+00:00,2026-05-12T00:00:00+00:00
1185,12,2026-05-05T00:00:00+00:00,2026-05-12T00:00:00+00:00,DELIVERED,NORMAL,1,Auto-generated for replenishing Foley Catheter Fr18. Days remaining: 6.7,2,1,2026-05-09T00:00:00+00:00,2026-05-05T00:00:00+00:00,2026-05-12T00:00:00+00:00
1186,13,2026-05-05T00:00:00+00:00,2026-05-11T00:00:00+00:00,DELIVERED,NORMAL,1,Auto-generated for replenishing Sodium Citrate Tubes. Days remaining: 6.4,2,1,2026-05-08T00:00:00+00:00,2026-05-05T00:00:00+00:00,2026-05-11T00:00:00+00:00
1187,15,2026-05-05T00:00:00+00:00,2026-05-12T00:00:00+00:00,DELIVERED,NORMAL,1,Auto-generated for replenishing Nitrile Gloves (L). Days remaining: 7.0,2,1,2026-05-09T00:00:00+00:00,2026-05-05T00:00:00+00:00,2026-05-12T00:00:00+00:00
1188,14,2026-05-06T00:00:00+00:00,2026-05-14T00:00:00+00:00,DELIVERED,NORMAL,1,Auto-generated for replenishing Surgical Stapler. Days remaining: 6.9,2,1,2026-05-11T00:00:00+00:00,2026-05-06T00:00:00+00:00,2026-05-14T00:00:00+00:00
1189,10,2026-05-06T00:00:00+00:00,2026-05-14T00:00:00+00:00,DELIVERED,NORMAL,1,Auto-generated for replenishing Surgical Tape 2-inch. Days remaining: 6.6,2,1,2026-05-11T00:00:00+00:00,2026-05-06T00:00:00+00:00,2026-05-14T00:00:00+00:00
1190,8,2026-05-06T00:00:00+00:00,2026-05-14T00:00:00+00:00,DELIVERED,NORMAL,1,Auto-generated for replenishing C-Section Drape. Days remaining: 6.8,2,1,2026-05-11T00:00:00+00:00,2026-05-06T00:00:00+00:00,2026-05-14T00:00:00+00:00
1191,13,2026-05-06T00:00:00+00:00,2026-05-12T00:00:00+00:00,DELIVERED,NORMAL,1,Auto-generated for replenishing Silk Suture 2-0. Days remaining: 6.5,2,1,2026-05-09T00:00:00+00:00,2026-05-06T00:00:00+00:00,2026-05-12T00:00:00+00:00
1192,10,2026-05-06T00:00:00+00:00,2026-05-14T00:00:00+00:00,DELIVERED,NORMAL,1,Auto-generated for replenishing EDTA Blood Tubes (K2). Days remaining: 6.0,2,1,2026-05-11T00:00:00+00:00,2026-05-06T00:00:00+00:00,2026-05-14T00:00:00+00:00
1193,5,2026-05-06T00:00:00+00:00,2026-05-15T00:00:00+00:00,DELIVERED,NORMAL,1,Auto-generated for replenishing Staple Remover. Days remaining: 6.8,2,1,2026-05-12T00:00:00+00:00,2026-05-06T00:00:00+00:00,2026-05-15T00:00:00+00:00
1194,11,2026-05-06T00:00:00+00:00,2026-05-10T00:00:00+00:00,DELIVERED,NORMAL,1,Auto-generated for replenishing Metformin 500mg. Days remaining: 6.5,2,1,2026-05-07T00:00:00+00:00,2026-05-06T00:00:00+00:00,2026-05-10T00:00:00+00:00
1195,14,2026-05-06T00:00:00+00:00,2026-05-14T00:00:00+00:00,DELIVERED,NORMAL,1,Auto-generated for replenishing Losartan 50mg. Days remaining: 6.8,2,1,2026-05-11T00:00:00+00:00,2026-05-06T00:00:00+00:00,2026-05-14T00:00:00+00:00
1196,12,2026-05-06T00:00:00+00:00,2026-05-13T00:00:00+00:00,DELIVERED,NORMAL,1,Auto-generated for replenishing Urine Dipsticks 10T. Days remaining: 6.0,2,1,2026-05-10T00:00:00+00:00,2026-05-06T00:00:00+00:00,2026-05-13T00:00:00+00:00
1197,13,2026-05-07T00:00:00+00:00,2026-05-13T00:00:00+00:00,DELIVERED,NORMAL,1,Auto-generated for replenishing Suction Yankauer Tip. Days remaining: 6.9,2,1,2026-05-10T00:00:00+00:00,2026-05-07T00:00:00+00:00,2026-05-13T00:00:00+00:00
1198,15,2026-05-07T00:00:00+00:00,2026-05-14T00:00:00+00:00,DELIVERED,NORMAL,1,Auto-generated for replenishing Montelukast 10mg. Days remaining: 6.3,2,1,2026-05-11T00:00:00+00:00,2026-05-07T00:00:00+00:00,2026-05-14T00:00:00+00:00
1199,5,2026-05-07T00:00:00+00:00,2026-05-16T00:00:00+00:00,DELIVERED,NORMAL,1,Auto-generated for replenishing Face Shield Clear. Days remaining: 6.8,2,1,2026-05-13T00:00:00+00:00,2026-05-07T00:00:00+00:00,2026-05-16T00:00:00+00:00
1200,3,2026-05-07T00:00:00+00:00,2026-05-10T00:00:00+00:00,DELIVERED,NORMAL,1,Auto-generated for replenishing Amlodipine 5mg. Days remaining: 6.5,2,1,2026-05-07T00:00:00+00:00,2026-05-07T00:00:00+00:00,2026-05-10T00:00:00+00:00
1201,2,2026-05-07T00:00:00+00:00,2026-05-11T00:00:00+00:00,DELIVERED,NORMAL,1,Auto-generated for replenishing HIV Rapid Test Kits. Days remaining: 6.8,2,1,2026-05-08T00:00:00+00:00,2026-05-07T00:00:00+00:00,2026-05-11T00:00:00+00:00
1202,10,2026-05-08T00:00:00+00:00,2026-05-16T00:00:00+00:00,DELIVERED,NORMAL,1,Auto-generated for replenishing Troponin I Rapid Kit. Days remaining: 6.7,2,1,2026-05-13T00:00:00+00:00,2026-05-08T00:00:00+00:00,2026-05-16T00:00:00+00:00
1203,1,2026-05-08T00:00:00+00:00,2026-05-12T00:00:00+00:00,DELIVERED,NORMAL,1,Auto-generated for replenishing Metoprolol 25mg. Days remaining: 6.5,2,1,2026-05-09T00:00:00+00:00,2026-05-08T00:00:00+00:00,2026-05-12T00:00:00+00:00
1204,7,2026-05-08T00:00:00+00:00,2026-05-11T00:00:00+00:00,DELIVERED,NORMAL,1,Auto-generated for replenishing Syringes (10ml). Days remaining: 6.6,2,1,2026-05-08T00:00:00+00:00,2026-05-08T00:00:00+00:00,2026-05-11T00:00:00+00:00
1205,8,2026-05-08T00:00:00+00:00,2026-05-16T00:00:00+00:00,DELIVERED,NORMAL,1,Auto-generated for replenishing Blood Culture Bottles. Days remaining: 6.7,2,1,2026-05-13T00:00:00+00:00,2026-05-08T00:00:00+00:00,2026-05-16T00:00:00+00:00
1206,1,2026-05-08T00:00:00+00:00,2026-05-12T00:00:00+00:00,DELIVERED,NORMAL,1,Auto-generated for replenishing Cotton Wool Rolls. Days remaining: 6.6,2,1,2026-05-09T00:00:00+00:00,2026-05-08T00:00:00+00:00,2026-05-12T00:00:00+00:00
1207,7,2026-05-09T00:00:00+00:00,2026-05-12T00:00:00+00:00,DELIVERED,NORMAL,1,Auto-generated for replenishing Paracetamol 500mg. Days remaining: 6.3,2,1,2026-05-09T00:00:00+00:00,2026-05-09T00:00:00+00:00,2026-05-12T00:00:00+00:00
1208,13,2026-05-09T00:00:00+00:00,2026-05-15T00:00:00+00:00,DELIVERED,NORMAL,1,Auto-generated for replenishing Universal Drape Pack. Days remaining: 6.7,2,1,2026-05-12T00:00:00+00:00,2026-05-09T00:00:00+00:00,2026-05-15T00:00:00+00:00
1209,10,2026-05-09T00:00:00+00:00,2026-05-17T00:00:00+00:00,DELIVERED,NORMAL,1,Auto-generated for replenishing Foley Catheter Fr16. Days remaining: 6.0,2,1,2026-05-14T00:00:00+00:00,2026-05-09T00:00:00+00:00,2026-05-17T00:00:00+00:00
1210,5,2026-05-10T00:00:00+00:00,2026-05-19T00:00:00+00:00,DELIVERED,NORMAL,1,Auto-generated for replenishing Pantoprazole 40mg. Days remaining: 6.7,2,1,2026-05-16T00:00:00+00:00,2026-05-10T00:00:00+00:00,2026-05-19T00:00:00+00:00
1211,10,2026-05-10T00:00:00+00:00,2026-05-18T00:00:00+00:00,DELIVERED,NORMAL,1,Auto-generated for replenishing Clopidogrel 75mg. Days remaining: 6.4,2,1,2026-05-15T00:00:00+00:00,2026-05-10T00:00:00+00:00,2026-05-18T00:00:00+00:00
1212,9,2026-05-10T00:00:00+00:00,2026-05-17T00:00:00+00:00,DELIVERED,NORMAL,1,Auto-generated for replenishing Omeprazole 20mg. Days remaining: 6.9,2,1,2026-05-14T00:00:00+00:00,2026-05-10T00:00:00+00:00,2026-05-17T00:00:00+00:00
1213,6,2026-05-11T00:00:00+00:00,2026-05-15T00:00:00+00:00,DELIVERED,NORMAL,1,Auto-generated for replenishing Shoe Covers Disposable. Days remaining: 7.0,2,1,2026-05-12T00:00:00+00:00,2026-05-11T00:00:00+00:00,2026-05-15T00:00:00+00:00
1214,7,2026-05-11T00:00:00+00:00,2026-05-14T00:00:00+00:00,DELIVERED,NORMAL,1,Auto-generated for replenishing Latex Gloves (L). Days remaining: 6.6,2,1,2026-05-11T00:00:00+00:00,2026-05-11T00:00:00+00:00,2026-05-14T00:00:00+00:00
1215,10,2026-05-11T00:00:00+00:00,2026-05-19T00:00:00+00:00,DELIVERED,NORMAL,1,Auto-generated for replenishing Azithromycin 250mg. Days remaining: 6.2,2,1,2026-05-16T00:00:00+00:00,2026-05-11T00:00:00+00:00,2026-05-19T00:00:00+00:00
1216,8,2026-05-11T00:00:00+00:00,2026-05-19T00:00:00+00:00,DELIVERED,NORMAL,1,Auto-generated for replenishing Vicryl Suture 3-0. Days remaining: 6.3,2,1,2026-05-16T00:00:00+00:00,2026-05-11T00:00:00+00:00,2026-05-19T00:00:00+00:00
1217,11,2026-05-12T00:00:00+00:00,2026-05-16T00:00:00+00:00,DELIVERED,NORMAL,1,Auto-generated for replenishing Pipette Tips 200uL. Days remaining: 6.8,2,1,2026-05-13T00:00:00+00:00,2026-05-12T00:00:00+00:00,2026-05-16T00:00:00+00:00
1218,7,2026-05-12T00:00:00+00:00,2026-05-15T00:00:00+00:00,DELIVERED,NORMAL,1,Auto-generated for replenishing N95 Respirator Mask. Days remaining: 6.9,2,1,2026-05-12T00:00:00+00:00,2026-05-12T00:00:00+00:00,2026-05-15T00:00:00+00:00
1219,4,2026-05-12T00:00:00+00:00,2026-05-22T00:00:00+00:00,DELIVERED,NORMAL,1,Auto-generated for replenishing Disinfectant Wipes. Days remaining: 7.0,2,1,2026-05-19T00:00:00+00:00,2026-05-12T00:00:00+00:00,2026-05-22T00:00:00+00:00
1220,8,2026-05-12T00:00:00+00:00,2026-05-20T00:00:00+00:00,DELIVERED,NORMAL,1,Auto-generated for replenishing Vicryl Suture 2-0. Days remaining: 6.6,2,1,2026-05-17T00:00:00+00:00,2026-05-12T00:00:00+00:00,2026-05-20T00:00:00+00:00
1221,15,2026-05-12T00:00:00+00:00,2026-05-19T00:00:00+00:00,DELIVERED,NORMAL,1,Auto-generated for replenishing Monocryl Suture 4-0. Days remaining: 6.3,2,1,2026-05-16T00:00:00+00:00,2026-05-12T00:00:00+00:00,2026-05-19T00:00:00+00:00
1222,5,2026-05-12T00:00:00+00:00,2026-05-21T00:00:00+00:00,DELIVERED,NORMAL,1,Auto-generated for replenishing Disposable Scalpel #15. Days remaining: 6.2,2,1,2026-05-18T00:00:00+00:00,2026-05-12T00:00:00+00:00,2026-05-21T00:00:00+00:00
1223,6,2026-05-12T00:00:00+00:00,2026-05-16T00:00:00+00:00,DELIVERED,NORMAL,1,Auto-generated for replenishing Microscope Slides. Days remaining: 6.5,2,1,2026-05-13T00:00:00+00:00,2026-05-12T00:00:00+00:00,2026-05-16T00:00:00+00:00
1224,9,2026-05-13T00:00:00+00:00,2026-05-20T00:00:00+00:00,DELIVERED,NORMAL,1,Auto-generated for replenishing Hand Sanitizer 500ml. Days remaining: 5.9,2,1,2026-05-17T00:00:00+00:00,2026-05-13T00:00:00+00:00,2026-05-20T00:00:00+00:00
1225,14,2026-05-13T00:00:00+00:00,2026-05-21T00:00:00+00:00,DELIVERED,NORMAL,1,Auto-generated for replenishing Surgical Blades #22. Days remaining: 6.5,2,1,2026-05-18T00:00:00+00:00,2026-05-13T00:00:00+00:00,2026-05-21T00:00:00+00:00
1226,1,2026-05-13T00:00:00+00:00,2026-05-17T00:00:00+00:00,DELIVERED,NORMAL,1,Auto-generated for replenishing Disposable Gown Blue. Days remaining: 7.0,2,1,2026-05-14T00:00:00+00:00,2026-05-13T00:00:00+00:00,2026-05-17T00:00:00+00:00
1227,9,2026-05-14T00:00:00+00:00,2026-05-21T00:00:00+00:00,DELIVERED,NORMAL,1,Auto-generated for replenishing Silk Suture 3-0. Days remaining: 6.4,2,1,2026-05-18T00:00:00+00:00,2026-05-14T00:00:00+00:00,2026-05-21T00:00:00+00:00
1228,13,2026-05-14T00:00:00+00:00,2026-05-20T00:00:00+00:00,DELIVERED,NORMAL,1,Auto-generated for replenishing Vicryl Suture 4-0. Days remaining: 7.0,2,1,2026-05-17T00:00:00+00:00,2026-05-14T00:00:00+00:00,2026-05-20T00:00:00+00:00
1229,6,2026-05-14T00:00:00+00:00,2026-05-18T00:00:00+00:00,DELIVERED,NORMAL,1,Auto-generated for replenishing HCV Rapid Test Kits. Days remaining: 6.2,2,1,2026-05-15T00:00:00+00:00,2026-05-14T00:00:00+00:00,2026-05-18T00:00:00+00:00
1230,3,2026-05-14T00:00:00+00:00,2026-05-17T00:00:00+00:00,DELIVERED,NORMAL,1,Auto-generated for replenishing Ringer Lactate 500ml. Days remaining: 7.0,2,1,2026-05-14T00:00:00+00:00,2026-05-14T00:00:00+00:00,2026-05-17T00:00:00+00:00
1231,8,2026-05-15T00:00:00+00:00,2026-05-23T00:00:00+00:00,DELIVERED,NORMAL,1,Auto-generated for replenishing Gauze Swabs 10x10cm. Days remaining: 6.3,2,1,2026-05-20T00:00:00+00:00,2026-05-15T00:00:00+00:00,2026-05-23T00:00:00+00:00
1232,1,2026-05-16T00:00:00+00:00,2026-05-20T00:00:00+00:00,DELIVERED,NORMAL,1,Auto-generated for replenishing Lap Sponge 30x30cm. Days remaining: 6.5,2,1,2026-05-17T00:00:00+00:00,2026-05-16T00:00:00+00:00,2026-05-20T00:00:00+00:00
1233,13,2026-05-16T00:00:00+00:00,2026-05-22T00:00:00+00:00,DELIVERED,NORMAL,1,Auto-generated for replenishing Ibuprofen 400mg. Days remaining: 6.7,2,1,2026-05-19T00:00:00+00:00,2026-05-16T00:00:00+00:00,2026-05-22T00:00:00+00:00
1234,7,2026-05-16T00:00:00+00:00,2026-05-19T00:00:00+00:00,DELIVERED,NORMAL,1,Auto-generated for replenishing IV Cannula 22G. Days remaining: 6.5,2,1,2026-05-16T00:00:00+00:00,2026-05-16T00:00:00+00:00,2026-05-19T00:00:00+00:00
1235,3,2026-05-16T00:00:00+00:00,2026-05-19T00:00:00+00:00,DELIVERED,NORMAL,1,Auto-generated for replenishing Skin Marker Pen. Days remaining: 6.2,2,1,2026-05-16T00:00:00+00:00,2026-05-16T00:00:00+00:00,2026-05-19T00:00:00+00:00
1236,12,2026-05-16T00:00:00+00:00,2026-05-23T00:00:00+00:00,DELIVERED,NORMAL,1,Auto-generated for replenishing Suction Tubing 3m. Days remaining: 6.4,2,1,2026-05-20T00:00:00+00:00,2026-05-16T00:00:00+00:00,2026-05-23T00:00:00+00:00
1237,10,2026-05-16T00:00:00+00:00,2026-05-24T00:00:00+00:00,DELIVERED,NORMAL,1,Auto-generated for replenishing Pregnancy Test HCG. Days remaining: 6.6,2,1,2026-05-21T00:00:00+00:00,2026-05-16T00:00:00+00:00,2026-05-24T00:00:00+00:00
1238,11,2026-05-16T00:00:00+00:00,2026-05-20T00:00:00+00:00,DELIVERED,NORMAL,1,Auto-generated for replenishing Bandage Roll 3-inch. Days remaining: 6.5,2,1,2026-05-17T00:00:00+00:00,2026-05-16T00:00:00+00:00,2026-05-20T00:00:00+00:00
1239,7,2026-05-16T00:00:00+00:00,2026-05-19T00:00:00+00:00,DELIVERED,NORMAL,1,Auto-generated for replenishing Glucose Test Strips. Days remaining: 6.6,2,1,2026-05-16T00:00:00+00:00,2026-05-16T00:00:00+00:00,2026-05-19T00:00:00+00:00
1240,5,2026-05-17T00:00:00+00:00,2026-05-26T00:00:00+00:00,DELIVERED,NORMAL,1,Auto-generated for replenishing Biohazard Bags Medium. Days remaining: 6.3,2,1,2026-05-23T00:00:00+00:00,2026-05-17T00:00:00+00:00,2026-05-26T00:00:00+00:00
1241,6,2026-05-17T00:00:00+00:00,2026-05-21T00:00:00+00:00,DELIVERED,NORMAL,1,Auto-generated for replenishing Pipette Tips 1000uL. Days remaining: 7.0,2,1,2026-05-18T00:00:00+00:00,2026-05-17T00:00:00+00:00,2026-05-21T00:00:00+00:00
1242,3,2026-05-17T00:00:00+00:00,2026-05-20T00:00:00+00:00,DELIVERED,NORMAL,1,Auto-generated for replenishing CRP Latex Slide Kit. Days remaining: 7.0,2,1,2026-05-17T00:00:00+00:00,2026-05-17T00:00:00+00:00,2026-05-20T00:00:00+00:00
1243,7,2026-05-17T00:00:00+00:00,2026-05-20T00:00:00+00:00,DELIVERED,NORMAL,1,Auto-generated for replenishing Bandage Roll 4-inch. Days remaining: 6.2,2,1,2026-05-17T00:00:00+00:00,2026-05-17T00:00:00+00:00,2026-05-20T00:00:00+00:00
1244,12,2026-05-18T00:00:00+00:00,2026-05-25T00:00:00+00:00,DELIVERED,NORMAL,1,Auto-generated for replenishing Cetirizine 10mg. Days remaining: 6.4,2,1,2026-05-22T00:00:00+00:00,2026-05-18T00:00:00+00:00,2026-05-25T00:00:00+00:00
1245,2,2026-05-18T00:00:00+00:00,2026-05-22T00:00:00+00:00,DELIVERED,NORMAL,1,Auto-generated for replenishing Latex Gloves (M). Days remaining: 6.7,2,1,2026-05-19T00:00:00+00:00,2026-05-18T00:00:00+00:00,2026-05-22T00:00:00+00:00
1246,14,2026-05-18T00:00:00+00:00,2026-05-26T00:00:00+00:00,DELIVERED,NORMAL,1,Auto-generated for replenishing Syringes (5ml). Days remaining: 6.6,2,1,2026-05-23T00:00:00+00:00,2026-05-18T00:00:00+00:00,2026-05-26T00:00:00+00:00
1247,5,2026-05-18T00:00:00+00:00,2026-05-27T00:00:00+00:00,DELIVERED,NORMAL,1,Auto-generated for replenishing 3-Ply Surgical Mask. Days remaining: 6.3,2,1,2026-05-24T00:00:00+00:00,2026-05-18T00:00:00+00:00,2026-05-27T00:00:00+00:00
1248,4,2026-05-18T00:00:00+00:00,2026-05-28T00:00:00+00:00,DELIVERED,NORMAL,1,Auto-generated for replenishing Warfarin 5mg. Days remaining: 6.2,2,1,2026-05-25T00:00:00+00:00,2026-05-18T00:00:00+00:00,2026-05-28T00:00:00+00:00
1249,6,2026-05-18T00:00:00+00:00,2026-05-22T00:00:00+00:00,DELIVERED,NORMAL,1,Auto-generated for replenishing Protective Goggles. Days remaining: 7.0,2,1,2026-05-19T00:00:00+00:00,2026-05-18T00:00:00+00:00,2026-05-22T00:00:00+00:00
1250,13,2026-05-18T00:00:00+00:00,2026-05-24T00:00:00+00:00,DELIVERED,NORMAL,1,Auto-generated for replenishing Levothyroxine 50mcg. Days remaining: 6.0,2,1,2026-05-21T00:00:00+00:00,2026-05-18T00:00:00+00:00,2026-05-24T00:00:00+00:00
1251,4,2026-05-18T00:00:00+00:00,2026-05-28T00:00:00+00:00,DELIVERED,NORMAL,1,Auto-generated for replenishing Albuterol Inhaler. Days remaining: 6.6,2,1,2026-05-25T00:00:00+00:00,2026-05-18T00:00:00+00:00,2026-05-28T00:00:00+00:00
1252,10,2026-05-19T00:00:00+00:00,2026-05-27T00:00:00+00:00,DELIVERED,NORMAL,1,Auto-generated for replenishing Nitrile Gloves (M). Days remaining: 5.8,2,1,2026-05-24T00:00:00+00:00,2026-05-19T00:00:00+00:00,2026-05-27T00:00:00+00:00
1253,3,2026-05-19T00:00:00+00:00,2026-05-22T00:00:00+00:00,DELIVERED,NORMAL,1,Auto-generated for replenishing IV Cannula 18G. Days remaining: 6.1,2,1,2026-05-19T00:00:00+00:00,2026-05-19T00:00:00+00:00,2026-05-22T00:00:00+00:00
1254,6,2026-05-19T00:00:00+00:00,2026-05-23T00:00:00+00:00,DELIVERED,NORMAL,1,Auto-generated for replenishing D-Dimer Test Kits. Days remaining: 7.0,2,1,2026-05-20T00:00:00+00:00,2026-05-19T00:00:00+00:00,2026-05-23T00:00:00+00:00
1255,15,2026-05-19T00:00:00+00:00,2026-05-26T00:00:00+00:00,DELIVERED,NORMAL,1,Auto-generated for replenishing Disposable Scalpel #11. Days remaining: 6.2,2,1,2026-05-23T00:00:00+00:00,2026-05-19T00:00:00+00:00,2026-05-26T00:00:00+00:00
1256,11,2026-05-19T00:00:00+00:00,2026-05-23T00:00:00+00:00,DELIVERED,NORMAL,1,Auto-generated for replenishing Aprons Waterproof. Days remaining: 6.5,2,1,2026-05-20T00:00:00+00:00,2026-05-19T00:00:00+00:00,2026-05-23T00:00:00+00:00
1257,10,2026-05-19T00:00:00+00:00,2026-05-27T00:00:00+00:00,DELIVERED,NORMAL,1,Auto-generated for replenishing Hand Sanitizer 100ml. Days remaining: 7.0,2,1,2026-05-24T00:00:00+00:00,2026-05-19T00:00:00+00:00,2026-05-27T00:00:00+00:00
1258,10,2026-05-20T00:00:00+00:00,2026-05-28T00:00:00+00:00,DELIVERED,NORMAL,1,Auto-generated for replenishing Amoxicillin 500mg. Days remaining: 6.9,2,1,2026-05-25T00:00:00+00:00,2026-05-20T00:00:00+00:00,2026-05-28T00:00:00+00:00
1259,1,2026-05-20T00:00:00+00:00,2026-05-24T00:00:00+00:00,DELIVERED,NORMAL,1,Auto-generated for replenishing Syphilis Test Kits. Days remaining: 7.0,2,1,2026-05-21T00:00:00+00:00,2026-05-20T00:00:00+00:00,2026-05-24T00:00:00+00:00
1260,7,2026-05-20T00:00:00+00:00,2026-05-23T00:00:00+00:00,DELIVERED,NORMAL,1,Auto-generated for replenishing IV Cannula 20G. Days remaining: 6.4,2,1,2026-05-20T00:00:00+00:00,2026-05-20T00:00:00+00:00,2026-05-23T00:00:00+00:00
1261,14,2026-05-21T00:00:00+00:00,2026-05-29T00:00:00+00:00,DELIVERED,NORMAL,1,Auto-generated for replenishing Surgical Gown Sterile. Days remaining: 6.3,2,1,2026-05-26T00:00:00+00:00,2026-05-21T00:00:00+00:00,2026-05-29T00:00:00+00:00
1262,12,2026-05-21T00:00:00+00:00,2026-05-28T00:00:00+00:00,DELIVERED,NORMAL,1,Auto-generated for replenishing Alcohol Prep Pads. Days remaining: 6.5,2,1,2026-05-25T00:00:00+00:00,2026-05-21T00:00:00+00:00,2026-05-28T00:00:00+00:00
1263,15,2026-05-22T00:00:00+00:00,2026-05-29T00:00:00+00:00,DELIVERED,NORMAL,1,Auto-generated for replenishing Epidural Needle 18G. Days remaining: 6.3,2,1,2026-05-26T00:00:00+00:00,2026-05-22T00:00:00+00:00,2026-05-29T00:00:00+00:00
1264,9,2026-05-22T00:00:00+00:00,2026-05-29T00:00:00+00:00,DELIVERED,NORMAL,1,Auto-generated for replenishing Sterile Water 10ml. Days remaining: 6.7,2,1,2026-05-26T00:00:00+00:00,2026-05-22T00:00:00+00:00,2026-05-29T00:00:00+00:00
1265,14,2026-05-22T00:00:00+00:00,2026-05-30T00:00:00+00:00,DELIVERED,NORMAL,1,Auto-generated for replenishing Normal Saline 500ml. Days remaining: 6.8,2,1,2026-05-27T00:00:00+00:00,2026-05-22T00:00:00+00:00,2026-05-30T00:00:00+00:00
1266,15,2026-05-22T00:00:00+00:00,2026-05-29T00:00:00+00:00,DELIVERED,NORMAL,1,Auto-generated for replenishing Urine Drainage Bag. Days remaining: 6.4,2,1,2026-05-26T00:00:00+00:00,2026-05-22T00:00:00+00:00,2026-05-29T00:00:00+00:00
1267,2,2026-05-22T00:00:00+00:00,2026-05-26T00:00:00+00:00,DELIVERED,NORMAL,1,Auto-generated for replenishing Blood Grouping Anti-A. Days remaining: 7.0,2,1,2026-05-23T00:00:00+00:00,2026-05-22T00:00:00+00:00,2026-05-26T00:00:00+00:00
1268,2,2026-05-23T00:00:00+00:00,2026-05-27T00:00:00+00:00,DELIVERED,NORMAL,1,Auto-generated for replenishing Atorvastatin 20mg. Days remaining: 6.8,2,1,2026-05-24T00:00:00+00:00,2026-05-23T00:00:00+00:00,2026-05-27T00:00:00+00:00
1269,13,2026-05-23T00:00:00+00:00,2026-05-29T00:00:00+00:00,DELIVERED,NORMAL,1,Auto-generated for replenishing Malaria Antigen Kit. Days remaining: 6.3,2,1,2026-05-26T00:00:00+00:00,2026-05-23T00:00:00+00:00,2026-05-29T00:00:00+00:00
1270,11,2026-05-23T00:00:00+00:00,2026-05-27T00:00:00+00:00,DELIVERED,NORMAL,1,Auto-generated for replenishing Biohazard Bags Large. Days remaining: 6.3,2,1,2026-05-24T00:00:00+00:00,2026-05-23T00:00:00+00:00,2026-05-27T00:00:00+00:00
1271,10,2026-05-23T00:00:00+00:00,2026-05-31T00:00:00+00:00,DELIVERED,NORMAL,1,Auto-generated for replenishing Surgical Tape 2-inch. Days remaining: 6.1,2,1,2026-05-28T00:00:00+00:00,2026-05-23T00:00:00+00:00,2026-05-31T00:00:00+00:00
1272,11,2026-05-24T00:00:00+00:00,2026-05-28T00:00:00+00:00,DELIVERED,NORMAL,1,Auto-generated for replenishing Syringes (2ml). Days remaining: 6.3,2,1,2026-05-25T00:00:00+00:00,2026-05-24T00:00:00+00:00,2026-05-28T00:00:00+00:00
1273,2,2026-05-24T00:00:00+00:00,2026-05-28T00:00:00+00:00,DELIVERED,NORMAL,1,Auto-generated for replenishing IV Infusion Set. Days remaining: 6.8,2,1,2026-05-25T00:00:00+00:00,2026-05-24T00:00:00+00:00,2026-05-28T00:00:00+00:00
1274,9,2026-05-24T00:00:00+00:00,2026-05-31T00:00:00+00:00,DELIVERED,NORMAL,1,Auto-generated for replenishing Rheumatoid Factor Kit. Days remaining: 6.5,2,1,2026-05-28T00:00:00+00:00,2026-05-24T00:00:00+00:00,2026-05-31T00:00:00+00:00
1275,11,2026-05-24T00:00:00+00:00,2026-05-28T00:00:00+00:00,DELIVERED,NORMAL,1,Auto-generated for replenishing Metformin 500mg. Days remaining: 6.8,2,1,2026-05-25T00:00:00+00:00,2026-05-24T00:00:00+00:00,2026-05-28T00:00:00+00:00
1276,7,2026-05-25T00:00:00+00:00,2026-05-28T00:00:00+00:00,DELIVERED,NORMAL,1,Auto-generated for replenishing Adhesive Plasters. Days remaining: 6.6,2,1,2026-05-25T00:00:00+00:00,2026-05-25T00:00:00+00:00,2026-05-28T00:00:00+00:00
1277,15,2026-05-25T00:00:00+00:00,2026-06-01T00:00:00+00:00,DELIVERED,NORMAL,1,Auto-generated for replenishing Montelukast 10mg. Days remaining: 6.2,2,1,2026-05-29T00:00:00+00:00,2026-05-25T00:00:00+00:00,2026-06-01T00:00:00+00:00
1278,8,2026-05-25T00:00:00+00:00,2026-06-02T00:00:00+00:00,DELIVERED,NORMAL,1,Auto-generated for replenishing Serum Sep Tubes (SST). Days remaining: 6.4,2,1,2026-05-30T00:00:00+00:00,2026-05-25T00:00:00+00:00,2026-06-02T00:00:00+00:00
1279,12,2026-05-26T00:00:00+00:00,2026-06-02T00:00:00+00:00,DELIVERED,NORMAL,1,Auto-generated for replenishing Foley Catheter Fr18. Days remaining: 6.3,2,1,2026-05-30T00:00:00+00:00,2026-05-26T00:00:00+00:00,2026-06-02T00:00:00+00:00
1280,14,2026-05-26T00:00:00+00:00,2026-06-03T00:00:00+00:00,DELIVERED,NORMAL,1,Auto-generated for replenishing Surgical Blades #10. Days remaining: 6.5,2,1,2026-05-31T00:00:00+00:00,2026-05-26T00:00:00+00:00,2026-06-03T00:00:00+00:00
1281,13,2026-05-26T00:00:00+00:00,2026-06-01T00:00:00+00:00,DELIVERED,NORMAL,1,Auto-generated for replenishing Nitrile Gloves (S). Days remaining: 6.4,2,1,2026-05-29T00:00:00+00:00,2026-05-26T00:00:00+00:00,2026-06-01T00:00:00+00:00
1282,8,2026-05-26T00:00:00+00:00,2026-06-03T00:00:00+00:00,DELIVERED,NORMAL,1,Auto-generated for replenishing C-Section Drape. Days remaining: 6.7,2,1,2026-05-31T00:00:00+00:00,2026-05-26T00:00:00+00:00,2026-06-03T00:00:00+00:00
1283,7,2026-05-27T00:00:00+00:00,2026-05-30T00:00:00+00:00,DELIVERED,NORMAL,1,Auto-generated for replenishing Latex Gloves (L). Days remaining: 6.9,2,1,2026-05-27T00:00:00+00:00,2026-05-27T00:00:00+00:00,2026-05-30T00:00:00+00:00
1284,7,2026-05-27T00:00:00+00:00,2026-05-30T00:00:00+00:00,DELIVERED,NORMAL,1,Auto-generated for replenishing Tramadol 50mg. Days remaining: 6.6,2,1,2026-05-27T00:00:00+00:00,2026-05-27T00:00:00+00:00,2026-05-30T00:00:00+00:00
1285,5,2026-05-27T00:00:00+00:00,2026-06-05T00:00:00+00:00,DELIVERED,NORMAL,1,Auto-generated for replenishing Face Shield Clear. Days remaining: 6.5,2,1,2026-06-02T00:00:00+00:00,2026-05-27T00:00:00+00:00,2026-06-05T00:00:00+00:00
1286,13,2026-05-27T00:00:00+00:00,2026-06-02T00:00:00+00:00,DELIVERED,NORMAL,1,Auto-generated for replenishing Sodium Citrate Tubes. Days remaining: 6.8,2,1,2026-05-30T00:00:00+00:00,2026-05-27T00:00:00+00:00,2026-06-02T00:00:00+00:00
1287,12,2026-05-27T00:00:00+00:00,2026-06-03T00:00:00+00:00,DELIVERED,NORMAL,1,Auto-generated for replenishing Bouffant Caps Blue. Days remaining: 6.1,2,1,2026-05-31T00:00:00+00:00,2026-05-27T00:00:00+00:00,2026-06-03T00:00:00+00:00
1288,8,2026-05-27T00:00:00+00:00,2026-06-04T00:00:00+00:00,DELIVERED,NORMAL,1,Auto-generated for replenishing Bone Wax 2.5g. Days remaining: 7.0,2,1,2026-06-01T00:00:00+00:00,2026-05-27T00:00:00+00:00,2026-06-04T00:00:00+00:00
1289,10,2026-05-27T00:00:00+00:00,2026-06-04T00:00:00+00:00,DELIVERED,NORMAL,1,Auto-generated for replenishing Troponin I Rapid Kit. Days remaining: 6.3,2,1,2026-06-01T00:00:00+00:00,2026-05-27T00:00:00+00:00,2026-06-04T00:00:00+00:00
1290,1,2026-05-27T00:00:00+00:00,2026-05-31T00:00:00+00:00,DELIVERED,NORMAL,1,Auto-generated for replenishing Metoprolol 25mg. Days remaining: 6.1,2,1,2026-05-28T00:00:00+00:00,2026-05-27T00:00:00+00:00,2026-05-31T00:00:00+00:00
1291,8,2026-05-28T00:00:00+00:00,2026-06-05T00:00:00+00:00,DELIVERED,NORMAL,1,Auto-generated for replenishing Vicryl Suture 3-0. Days remaining: 6.5,2,1,2026-06-02T00:00:00+00:00,2026-05-28T00:00:00+00:00,2026-06-05T00:00:00+00:00
1292,10,2026-05-28T00:00:00+00:00,2026-06-05T00:00:00+00:00,DELIVERED,NORMAL,1,Auto-generated for replenishing EDTA Blood Tubes (K2). Days remaining: 6.1,2,1,2026-06-02T00:00:00+00:00,2026-05-28T00:00:00+00:00,2026-06-05T00:00:00+00:00
1293,4,2026-05-28T00:00:00+00:00,2026-06-07T00:00:00+00:00,DELIVERED,NORMAL,1,Auto-generated for replenishing Pregnancy Test Cassette. Days remaining: 6.9,2,1,2026-06-04T00:00:00+00:00,2026-05-28T00:00:00+00:00,2026-06-07T00:00:00+00:00
1294,14,2026-05-28T00:00:00+00:00,2026-06-05T00:00:00+00:00,DELIVERED,NORMAL,1,Auto-generated for replenishing Losartan 50mg. Days remaining: 6.6,2,1,2026-06-02T00:00:00+00:00,2026-05-28T00:00:00+00:00,2026-06-05T00:00:00+00:00
1295,7,2026-05-28T00:00:00+00:00,2026-05-31T00:00:00+00:00,DELIVERED,NORMAL,1,Auto-generated for replenishing Paracetamol 500mg. Days remaining: 7.0,2,1,2026-05-28T00:00:00+00:00,2026-05-28T00:00:00+00:00,2026-05-31T00:00:00+00:00
1296,15,2026-05-28T00:00:00+00:00,2026-06-04T00:00:00+00:00,DELIVERED,NORMAL,1,Auto-generated for replenishing Nitrile Gloves (L). Days remaining: 6.2,2,1,2026-06-01T00:00:00+00:00,2026-05-28T00:00:00+00:00,2026-06-04T00:00:00+00:00
1297,10,2026-05-29T00:00:00+00:00,2026-06-06T00:00:00+00:00,DELIVERED,NORMAL,1,Auto-generated for replenishing Foley Catheter Fr16. Days remaining: 6.0,2,1,2026-06-03T00:00:00+00:00,2026-05-29T00:00:00+00:00,2026-06-06T00:00:00+00:00
1298,14,2026-05-30T00:00:00+00:00,2026-06-07T00:00:00+00:00,DELIVERED,NORMAL,1,Auto-generated for replenishing Surgical Stapler. Days remaining: 6.9,2,1,2026-06-04T00:00:00+00:00,2026-05-30T00:00:00+00:00,2026-06-07T00:00:00+00:00
1299,13,2026-05-30T00:00:00+00:00,2026-06-05T00:00:00+00:00,DELIVERED,NORMAL,1,Auto-generated for replenishing Silk Suture 2-0. Days remaining: 6.8,2,1,2026-06-02T00:00:00+00:00,2026-05-30T00:00:00+00:00,2026-06-05T00:00:00+00:00
1300,9,2026-05-31T00:00:00+00:00,2026-06-07T00:00:00+00:00,DELIVERED,NORMAL,1,Auto-generated for replenishing Omeprazole 20mg. Days remaining: 6.3,2,1,2026-06-04T00:00:00+00:00,2026-05-31T00:00:00+00:00,2026-06-07T00:00:00+00:00
1301,15,2026-05-31T00:00:00+00:00,2026-06-07T00:00:00+00:00,DELIVERED,NORMAL,1,Auto-generated for replenishing Latex Gloves (S). Days remaining: 6.9,2,1,2026-06-04T00:00:00+00:00,2026-05-31T00:00:00+00:00,2026-06-07T00:00:00+00:00
1302,2,2026-05-31T00:00:00+00:00,2026-06-04T00:00:00+00:00,DELIVERED,NORMAL,1,Auto-generated for replenishing Prednisone 10mg. Days remaining: 6.2,2,1,2026-06-01T00:00:00+00:00,2026-05-31T00:00:00+00:00,2026-06-04T00:00:00+00:00
1303,5,2026-05-31T00:00:00+00:00,2026-06-09T00:00:00+00:00,DELIVERED,NORMAL,1,Auto-generated for replenishing Pantoprazole 40mg. Days remaining: 6.9,2,1,2026-06-06T00:00:00+00:00,2026-05-31T00:00:00+00:00,2026-06-09T00:00:00+00:00
1304,4,2026-05-31T00:00:00+00:00,2026-06-10T00:00:00+00:00,DELIVERED,NORMAL,1,Auto-generated for replenishing Gabapentin 300mg. Days remaining: 6.5,2,1,2026-06-07T00:00:00+00:00,2026-05-31T00:00:00+00:00,2026-06-10T00:00:00+00:00
1305,2,2026-05-31T00:00:00+00:00,2026-06-04T00:00:00+00:00,DELIVERED,NORMAL,1,Auto-generated for replenishing HIV Rapid Test Kits. Days remaining: 6.8,2,1,2026-06-01T00:00:00+00:00,2026-05-31T00:00:00+00:00,2026-06-04T00:00:00+00:00
1306,12,2026-05-31T00:00:00+00:00,2026-06-07T00:00:00+00:00,DELIVERED,NORMAL,1,Auto-generated for replenishing Urine Dipsticks 10T. Days remaining: 6.2,2,1,2026-06-04T00:00:00+00:00,2026-05-31T00:00:00+00:00,2026-06-07T00:00:00+00:00
1307,3,2026-06-01T00:00:00+00:00,2026-06-04T00:00:00+00:00,DELIVERED,NORMAL,1,Auto-generated for replenishing Amlodipine 5mg. Days remaining: 7.0,2,1,2026-06-01T00:00:00+00:00,2026-06-01T00:00:00+00:00,2026-06-04T00:00:00+00:00
1308,7,2026-06-01T00:00:00+00:00,2026-06-04T00:00:00+00:00,DELIVERED,NORMAL,1,Auto-generated for replenishing N95 Respirator Mask. Days remaining: 6.2,2,1,2026-06-01T00:00:00+00:00,2026-06-01T00:00:00+00:00,2026-06-04T00:00:00+00:00
1309,6,2026-06-01T00:00:00+00:00,2026-06-05T00:00:00+00:00,DELIVERED,NORMAL,1,Auto-generated for replenishing HCV Rapid Test Kits. Days remaining: 7.0,2,1,2026-06-02T00:00:00+00:00,2026-06-01T00:00:00+00:00,2026-06-05T00:00:00+00:00
1310,13,2026-06-01T00:00:00+00:00,2026-06-07T00:00:00+00:00,DELIVERED,NORMAL,1,Auto-generated for replenishing Suction Yankauer Tip. Days remaining: 6.6,2,1,2026-06-04T00:00:00+00:00,2026-06-01T00:00:00+00:00,2026-06-07T00:00:00+00:00
1311,7,2026-06-01T00:00:00+00:00,2026-06-04T00:00:00+00:00,DELIVERED,NORMAL,1,Auto-generated for replenishing Syringes (10ml). Days remaining: 6.5,2,1,2026-06-01T00:00:00+00:00,2026-06-01T00:00:00+00:00,2026-06-04T00:00:00+00:00
1312,8,2026-06-01T00:00:00+00:00,2026-06-09T00:00:00+00:00,DELIVERED,NORMAL,1,Auto-generated for replenishing Blood Culture Bottles. Days remaining: 6.4,2,1,2026-06-06T00:00:00+00:00,2026-06-01T00:00:00+00:00,2026-06-09T00:00:00+00:00
1313,15,2026-06-02T00:00:00+00:00,2026-06-09T00:00:00+00:00,DELIVERED,NORMAL,1,Auto-generated for replenishing Monocryl Suture 4-0. Days remaining: 7.0,2,1,2026-06-06T00:00:00+00:00,2026-06-02T00:00:00+00:00,2026-06-09T00:00:00+00:00
1314,6,2026-06-02T00:00:00+00:00,2026-06-06T00:00:00+00:00,DELIVERED,NORMAL,1,Auto-generated for replenishing Shoe Covers Disposable. Days remaining: 7.0,2,1,2026-06-03T00:00:00+00:00,2026-06-02T00:00:00+00:00,2026-06-06T00:00:00+00:00
1315,4,2026-06-03T00:00:00+00:00,2026-06-13T00:00:00+00:00,DELIVERED,NORMAL,1,Auto-generated for replenishing Disinfectant Wipes. Days remaining: 6.4,2,1,2026-06-10T00:00:00+00:00,2026-06-03T00:00:00+00:00,2026-06-13T00:00:00+00:00
1316,5,2026-06-03T00:00:00+00:00,2026-06-12T00:00:00+00:00,DELIVERED,NORMAL,1,Auto-generated for replenishing Staple Remover. Days remaining: 6.9,2,1,2026-06-09T00:00:00+00:00,2026-06-03T00:00:00+00:00,2026-06-12T00:00:00+00:00
1317,14,2026-06-03T00:00:00+00:00,2026-06-11T00:00:00+00:00,DELIVERED,NORMAL,1,Auto-generated for replenishing Syringes (5ml). Days remaining: 6.9,2,1,2026-06-08T00:00:00+00:00,2026-06-03T00:00:00+00:00,2026-06-11T00:00:00+00:00
1318,3,2026-06-03T00:00:00+00:00,2026-06-06T00:00:00+00:00,DELIVERED,NORMAL,1,Auto-generated for replenishing Ringer Lactate 500ml. Days remaining: 7.0,2,1,2026-06-03T00:00:00+00:00,2026-06-03T00:00:00+00:00,2026-06-06T00:00:00+00:00
1319,6,2026-06-03T00:00:00+00:00,2026-06-07T00:00:00+00:00,DELIVERED,NORMAL,1,Auto-generated for replenishing Microscope Slides. Days remaining: 6.9,2,1,2026-06-04T00:00:00+00:00,2026-06-03T00:00:00+00:00,2026-06-07T00:00:00+00:00
1320,3,2026-06-04T00:00:00+00:00,2026-06-07T00:00:00+00:00,DELIVERED,NORMAL,1,Auto-generated for replenishing Skin Marker Pen. Days remaining: 6.4,2,1,2026-06-04T00:00:00+00:00,2026-06-04T00:00:00+00:00,2026-06-07T00:00:00+00:00
1321,11,2026-06-04T00:00:00+00:00,2026-06-08T00:00:00+00:00,DELIVERED,NORMAL,1,Auto-generated for replenishing Pipette Tips 200uL. Days remaining: 6.2,2,1,2026-06-05T00:00:00+00:00,2026-06-04T00:00:00+00:00,2026-06-08T00:00:00+00:00
1322,10,2026-06-04T00:00:00+00:00,2026-06-12T00:00:00+00:00,DELIVERED,NORMAL,1,Auto-generated for replenishing Clopidogrel 75mg. Days remaining: 7.0,2,1,2026-06-09T00:00:00+00:00,2026-06-04T00:00:00+00:00,2026-06-12T00:00:00+00:00
1323,10,2026-06-04T00:00:00+00:00,2026-06-12T00:00:00+00:00,DELIVERED,NORMAL,1,Auto-generated for replenishing Azithromycin 250mg. Days remaining: 6.6,2,1,2026-06-09T00:00:00+00:00,2026-06-04T00:00:00+00:00,2026-06-12T00:00:00+00:00
1324,8,2026-06-04T00:00:00+00:00,2026-06-12T00:00:00+00:00,DELIVERED,NORMAL,1,Auto-generated for replenishing Gauze Swabs 10x10cm. Days remaining: 6.7,2,1,2026-06-09T00:00:00+00:00,2026-06-04T00:00:00+00:00,2026-06-12T00:00:00+00:00
1325,13,2026-06-05T00:00:00+00:00,2026-06-11T00:00:00+00:00,DELIVERED,NORMAL,1,Auto-generated for replenishing Universal Drape Pack. Days remaining: 6.7,2,1,2026-06-08T00:00:00+00:00,2026-06-05T00:00:00+00:00,2026-06-11T00:00:00+00:00
1326,10,2026-06-05T00:00:00+00:00,2026-06-13T00:00:00+00:00,DELIVERED,NORMAL,1,Auto-generated for replenishing Pregnancy Test HCG. Days remaining: 6.0,2,1,2026-06-10T00:00:00+00:00,2026-06-05T00:00:00+00:00,2026-06-13T00:00:00+00:00
1327,5,2026-06-05T00:00:00+00:00,2026-06-14T00:00:00+00:00,DELIVERED,NORMAL,1,Auto-generated for replenishing Disposable Scalpel #15. Days remaining: 7.0,2,1,2026-06-11T00:00:00+00:00,2026-06-05T00:00:00+00:00,2026-06-14T00:00:00+00:00
1328,13,2026-06-05T00:00:00+00:00,2026-06-11T00:00:00+00:00,DELIVERED,NORMAL,1,Auto-generated for replenishing Vicryl Suture 4-0. Days remaining: 7.0,2,1,2026-06-08T00:00:00+00:00,2026-06-05T00:00:00+00:00,2026-06-11T00:00:00+00:00
1329,10,2026-06-05T00:00:00+00:00,2026-06-13T00:00:00+00:00,DELIVERED,NORMAL,1,Auto-generated for replenishing Nitrile Gloves (M). Days remaining: 6.5,2,1,2026-06-10T00:00:00+00:00,2026-06-05T00:00:00+00:00,2026-06-13T00:00:00+00:00
1330,8,2026-06-05T00:00:00+00:00,2026-06-13T00:00:00+00:00,DELIVERED,NORMAL,1,Auto-generated for replenishing Vicryl Suture 2-0. Days remaining: 6.4,2,1,2026-06-10T00:00:00+00:00,2026-06-05T00:00:00+00:00,2026-06-13T00:00:00+00:00
1331,7,2026-06-06T00:00:00+00:00,2026-06-09T00:00:00+00:00,DELIVERED,NORMAL,1,Auto-generated for replenishing Glucose Test Strips. Days remaining: 6.6,2,1,2026-06-06T00:00:00+00:00,2026-06-06T00:00:00+00:00,2026-06-09T00:00:00+00:00
1332,4,2026-06-06T00:00:00+00:00,2026-06-16T00:00:00+00:00,DELIVERED,NORMAL,1,Auto-generated for replenishing Warfarin 5mg. Days remaining: 6.0,2,1,2026-06-13T00:00:00+00:00,2026-06-06T00:00:00+00:00,2026-06-16T00:00:00+00:00
1333,7,2026-06-07T00:00:00+00:00,2026-06-10T00:00:00+00:00,DELIVERED,NORMAL,1,Auto-generated for replenishing Bandage Roll 4-inch. Days remaining: 6.3,2,1,2026-06-07T00:00:00+00:00,2026-06-07T00:00:00+00:00,2026-06-10T00:00:00+00:00
1334,12,2026-06-07T00:00:00+00:00,2026-06-14T00:00:00+00:00,DELIVERED,NORMAL,1,Auto-generated for replenishing Suction Tubing 3m. Days remaining: 6.9,2,1,2026-06-11T00:00:00+00:00,2026-06-07T00:00:00+00:00,2026-06-14T00:00:00+00:00
1335,1,2026-06-07T00:00:00+00:00,2026-06-11T00:00:00+00:00,DELIVERED,NORMAL,1,Auto-generated for replenishing Lap Sponge 30x30cm. Days remaining: 7.0,2,1,2026-06-08T00:00:00+00:00,2026-06-07T00:00:00+00:00,2026-06-11T00:00:00+00:00
1336,13,2026-06-07T00:00:00+00:00,2026-06-13T00:00:00+00:00,DELIVERED,NORMAL,1,Auto-generated for replenishing Ibuprofen 400mg. Days remaining: 6.1,2,1,2026-06-10T00:00:00+00:00,2026-06-07T00:00:00+00:00,2026-06-13T00:00:00+00:00
1337,11,2026-06-07T00:00:00+00:00,2026-06-11T00:00:00+00:00,DELIVERED,NORMAL,1,Auto-generated for replenishing Aprons Waterproof. Days remaining: 7.0,2,1,2026-06-08T00:00:00+00:00,2026-06-07T00:00:00+00:00,2026-06-11T00:00:00+00:00
1338,1,2026-06-07T00:00:00+00:00,2026-06-11T00:00:00+00:00,DELIVERED,NORMAL,1,Auto-generated for replenishing Disposable Gown Blue. Days remaining: 6.3,2,1,2026-06-08T00:00:00+00:00,2026-06-07T00:00:00+00:00,2026-06-11T00:00:00+00:00
1339,9,2026-06-07T00:00:00+00:00,2026-06-14T00:00:00+00:00,DELIVERED,NORMAL,1,Auto-generated for replenishing Silk Suture 3-0. Days remaining: 6.6,2,1,2026-06-11T00:00:00+00:00,2026-06-07T00:00:00+00:00,2026-06-14T00:00:00+00:00
1340,1,2026-06-07T00:00:00+00:00,2026-06-11T00:00:00+00:00,DELIVERED,NORMAL,1,Auto-generated for replenishing Cotton Wool Rolls. Days remaining: 6.3,2,1,2026-06-08T00:00:00+00:00,2026-06-07T00:00:00+00:00,2026-06-11T00:00:00+00:00
1341,12,2026-06-08T00:00:00+00:00,2026-06-15T00:00:00+00:00,DELIVERED,NORMAL,1,Auto-generated for replenishing Cetirizine 10mg. Days remaining: 6.6,2,1,2026-06-12T00:00:00+00:00,2026-06-08T00:00:00+00:00,2026-06-15T00:00:00+00:00
1342,5,2026-06-08T00:00:00+00:00,2026-06-17T00:00:00+00:00,DELIVERED,NORMAL,1,Auto-generated for replenishing Biohazard Bags Medium. Days remaining: 6.8,2,1,2026-06-14T00:00:00+00:00,2026-06-08T00:00:00+00:00,2026-06-17T00:00:00+00:00
1343,7,2026-06-08T00:00:00+00:00,2026-06-11T00:00:00+00:00,DELIVERED,NORMAL,1,Auto-generated for replenishing IV Cannula 22G. Days remaining: 6.7,2,1,2026-06-08T00:00:00+00:00,2026-06-08T00:00:00+00:00,2026-06-11T00:00:00+00:00
1344,15,2026-06-09T00:00:00+00:00,2026-06-16T00:00:00+00:00,DELIVERED,NORMAL,1,Auto-generated for replenishing Epidural Needle 18G. Days remaining: 6.3,2,1,2026-06-13T00:00:00+00:00,2026-06-09T00:00:00+00:00,2026-06-16T00:00:00+00:00
1345,15,2026-06-09T00:00:00+00:00,2026-06-16T00:00:00+00:00,DELIVERED,NORMAL,1,Auto-generated for replenishing Disposable Scalpel #11. Days remaining: 7.0,2,1,2026-06-13T00:00:00+00:00,2026-06-09T00:00:00+00:00,2026-06-16T00:00:00+00:00
1346,10,2026-06-10T00:00:00+00:00,2026-06-18T00:00:00+00:00,DELIVERED,NORMAL,1,Auto-generated for replenishing Amoxicillin 500mg. Days remaining: 6.9,2,1,2026-06-15T00:00:00+00:00,2026-06-10T00:00:00+00:00,2026-06-18T00:00:00+00:00
1347,5,2026-06-10T00:00:00+00:00,2026-06-19T00:00:00+00:00,DELIVERED,NORMAL,1,Auto-generated for replenishing 3-Ply Surgical Mask. Days remaining: 6.2,2,1,2026-06-16T00:00:00+00:00,2026-06-10T00:00:00+00:00,2026-06-19T00:00:00+00:00
1348,12,2026-06-10T00:00:00+00:00,2026-06-17T00:00:00+00:00,DELIVERED,NORMAL,1,Auto-generated for replenishing Alcohol Prep Pads. Days remaining: 6.8,2,1,2026-06-14T00:00:00+00:00,2026-06-10T00:00:00+00:00,2026-06-17T00:00:00+00:00
1349,11,2026-06-10T00:00:00+00:00,2026-06-14T00:00:00+00:00,DELIVERED,NORMAL,1,Auto-generated for replenishing Biohazard Bags Large. Days remaining: 6.8,2,1,2026-06-11T00:00:00+00:00,2026-06-10T00:00:00+00:00,2026-06-14T00:00:00+00:00
1350,2,2026-06-10T00:00:00+00:00,2026-06-14T00:00:00+00:00,DELIVERED,NORMAL,1,Auto-generated for replenishing IV Infusion Set. Days remaining: 6.9,2,1,2026-06-11T00:00:00+00:00,2026-06-10T00:00:00+00:00,2026-06-14T00:00:00+00:00
1351,7,2026-06-10T00:00:00+00:00,2026-06-13T00:00:00+00:00,DELIVERED,NORMAL,1,Auto-generated for replenishing IV Cannula 20G. Days remaining: 6.2,2,1,2026-06-10T00:00:00+00:00,2026-06-10T00:00:00+00:00,2026-06-13T00:00:00+00:00
1352,1,2026-06-11T00:00:00+00:00,2026-06-15T00:00:00+00:00,DELIVERED,NORMAL,1,Auto-generated for replenishing Syphilis Test Kits. Days remaining: 6.8,2,1,2026-06-12T00:00:00+00:00,2026-06-11T00:00:00+00:00,2026-06-15T00:00:00+00:00
1353,3,2026-06-11T00:00:00+00:00,2026-06-14T00:00:00+00:00,DELIVERED,NORMAL,1,Auto-generated for replenishing IV Cannula 18G. Days remaining: 6.2,2,1,2026-06-11T00:00:00+00:00,2026-06-11T00:00:00+00:00,2026-06-14T00:00:00+00:00
1354,15,2026-06-11T00:00:00+00:00,2026-06-18T00:00:00+00:00,DELIVERED,NORMAL,1,Auto-generated for replenishing Montelukast 10mg. Days remaining: 6.8,2,1,2026-06-15T00:00:00+00:00,2026-06-11T00:00:00+00:00,2026-06-18T00:00:00+00:00
1355,9,2026-06-11T00:00:00+00:00,2026-06-18T00:00:00+00:00,DELIVERED,NORMAL,1,Auto-generated for replenishing Hand Sanitizer 500ml. Days remaining: 7.0,2,1,2026-06-15T00:00:00+00:00,2026-06-11T00:00:00+00:00,2026-06-18T00:00:00+00:00
1356,10,2026-06-12T00:00:00+00:00,2026-06-20T00:00:00+00:00,DELIVERED,NORMAL,1,Auto-generated for replenishing Surgical Tape 2-inch. Days remaining: 6.3,2,1,2026-06-17T00:00:00+00:00,2026-06-12T00:00:00+00:00,2026-06-20T00:00:00+00:00
1357,13,2026-06-12T00:00:00+00:00,2026-06-18T00:00:00+00:00,DELIVERED,NORMAL,1,Auto-generated for replenishing Levothyroxine 50mcg. Days remaining: 6.7,2,1,2026-06-15T00:00:00+00:00,2026-06-12T00:00:00+00:00,2026-06-18T00:00:00+00:00
1358,14,2026-06-12T00:00:00+00:00,2026-06-20T00:00:00+00:00,DELIVERED,NORMAL,1,Auto-generated for replenishing Surgical Blades #22. Days remaining: 6.5,2,1,2026-06-17T00:00:00+00:00,2026-06-12T00:00:00+00:00,2026-06-20T00:00:00+00:00
1359,8,2026-06-13T00:00:00+00:00,2026-06-21T00:00:00+00:00,DELIVERED,NORMAL,1,Auto-generated for replenishing Serum Sep Tubes (SST). Days remaining: 6.6,2,1,2026-06-18T00:00:00+00:00,2026-06-13T00:00:00+00:00,2026-06-21T00:00:00+00:00
1360,15,2026-06-13T00:00:00+00:00,2026-06-20T00:00:00+00:00,DELIVERED,NORMAL,1,Auto-generated for replenishing Urine Drainage Bag. Days remaining: 6.9,2,1,2026-06-17T00:00:00+00:00,2026-06-13T00:00:00+00:00,2026-06-20T00:00:00+00:00
1361,13,2026-06-13T00:00:00+00:00,2026-06-19T00:00:00+00:00,DELIVERED,NORMAL,1,Auto-generated for replenishing Nitrile Gloves (S). Days remaining: 6.4,2,1,2026-06-16T00:00:00+00:00,2026-06-13T00:00:00+00:00,2026-06-19T00:00:00+00:00
1362,14,2026-06-13T00:00:00+00:00,2026-06-21T00:00:00+00:00,DELIVERED,NORMAL,1,Auto-generated for replenishing Surgical Gown Sterile. Days remaining: 6.4,2,1,2026-06-18T00:00:00+00:00,2026-06-13T00:00:00+00:00,2026-06-21T00:00:00+00:00
1363,6,2026-06-14T00:00:00+00:00,2026-06-18T00:00:00+00:00,DELIVERED,NORMAL,1,Auto-generated for replenishing Protective Goggles. Days remaining: 6.6,2,1,2026-06-15T00:00:00+00:00,2026-06-14T00:00:00+00:00,2026-06-18T00:00:00+00:00
1364,11,2026-06-14T00:00:00+00:00,2026-06-18T00:00:00+00:00,DELIVERED,NORMAL,1,Auto-generated for replenishing Bandage Roll 3-inch. Days remaining: 5.9,2,1,2026-06-15T00:00:00+00:00,2026-06-14T00:00:00+00:00,2026-06-18T00:00:00+00:00
1365,10,2026-06-14T00:00:00+00:00,2026-06-22T00:00:00+00:00,DELIVERED,NORMAL,1,Auto-generated for replenishing Hand Sanitizer 100ml. Days remaining: 7.0,2,1,2026-06-19T00:00:00+00:00,2026-06-14T00:00:00+00:00,2026-06-22T00:00:00+00:00
1366,5,2026-06-15T00:00:00+00:00,2026-06-24T00:00:00+00:00,DELIVERED,NORMAL,1,Auto-generated for replenishing Face Shield Clear. Days remaining: 6.1,2,1,2026-06-21T00:00:00+00:00,2026-06-15T00:00:00+00:00,2026-06-24T00:00:00+00:00
1367,2,2026-06-15T00:00:00+00:00,2026-06-19T00:00:00+00:00,DELIVERED,NORMAL,1,Auto-generated for replenishing Latex Gloves (M). Days remaining: 6.5,2,1,2026-06-16T00:00:00+00:00,2026-06-15T00:00:00+00:00,2026-06-19T00:00:00+00:00
1368,10,2026-06-15T00:00:00+00:00,2026-06-23T00:00:00+00:00,DELIVERED,NORMAL,1,Auto-generated for replenishing EDTA Blood Tubes (K2). Days remaining: 6.2,2,1,2026-06-20T00:00:00+00:00,2026-06-15T00:00:00+00:00,2026-06-23T00:00:00+00:00
1369,2,2026-06-16T00:00:00+00:00,2026-06-20T00:00:00+00:00,DELIVERED,NORMAL,1,Auto-generated for replenishing Atorvastatin 20mg. Days remaining: 6.9,2,1,2026-06-17T00:00:00+00:00,2026-06-16T00:00:00+00:00,2026-06-20T00:00:00+00:00
1370,11,2026-06-16T00:00:00+00:00,2026-06-20T00:00:00+00:00,DELIVERED,NORMAL,1,Auto-generated for replenishing Metformin 500mg. Days remaining: 6.7,2,1,2026-06-17T00:00:00+00:00,2026-06-16T00:00:00+00:00,2026-06-20T00:00:00+00:00
1371,6,2026-06-16T00:00:00+00:00,2026-06-20T00:00:00+00:00,DELIVERED,NORMAL,1,Auto-generated for replenishing D-Dimer Test Kits. Days remaining: 6.3,2,1,2026-06-17T00:00:00+00:00,2026-06-16T00:00:00+00:00,2026-06-20T00:00:00+00:00
1372,12,2026-06-16T00:00:00+00:00,2026-06-23T00:00:00+00:00,DELIVERED,NORMAL,1,Auto-generated for replenishing Bouffant Caps Blue. Days remaining: 6.9,2,1,2026-06-20T00:00:00+00:00,2026-06-16T00:00:00+00:00,2026-06-23T00:00:00+00:00
1373,6,2026-06-16T00:00:00+00:00,2026-06-20T00:00:00+00:00,DELIVERED,NORMAL,1,Auto-generated for replenishing Pipette Tips 1000uL. Days remaining: 6.5,2,1,2026-06-17T00:00:00+00:00,2026-06-16T00:00:00+00:00,2026-06-20T00:00:00+00:00
1374,8,2026-06-16T00:00:00+00:00,2026-06-24T00:00:00+00:00,DELIVERED,NORMAL,1,Auto-generated for replenishing Vicryl Suture 3-0. Days remaining: 6.2,2,1,2026-06-21T00:00:00+00:00,2026-06-16T00:00:00+00:00,2026-06-24T00:00:00+00:00
1375,14,2026-06-16T00:00:00+00:00,2026-06-24T00:00:00+00:00,DELIVERED,NORMAL,1,Auto-generated for replenishing Normal Saline 500ml. Days remaining: 6.7,2,1,2026-06-21T00:00:00+00:00,2026-06-16T00:00:00+00:00,2026-06-24T00:00:00+00:00
1376,9,2026-06-16T00:00:00+00:00,2026-06-23T00:00:00+00:00,DELIVERED,NORMAL,1,Auto-generated for replenishing Sterile Water 10ml. Days remaining: 6.4,2,1,2026-06-20T00:00:00+00:00,2026-06-16T00:00:00+00:00,2026-06-23T00:00:00+00:00
1377,4,2026-06-16T00:00:00+00:00,2026-06-26T00:00:00+00:00,DELIVERED,NORMAL,1,Auto-generated for replenishing Albuterol Inhaler. Days remaining: 6.9,2,1,2026-06-23T00:00:00+00:00,2026-06-16T00:00:00+00:00,2026-06-26T00:00:00+00:00
1378,9,2026-06-17T00:00:00+00:00,2026-06-24T00:00:00+00:00,DELIVERED,NORMAL,1,Auto-generated for replenishing Rheumatoid Factor Kit. Days remaining: 7.0,2,1,2026-06-21T00:00:00+00:00,2026-06-17T00:00:00+00:00,2026-06-24T00:00:00+00:00
1379,1,2026-06-17T00:00:00+00:00,2026-06-21T00:00:00+00:00,DELIVERED,NORMAL,1,Auto-generated for replenishing Metoprolol 25mg. Days remaining: 6.5,2,1,2026-06-18T00:00:00+00:00,2026-06-17T00:00:00+00:00,2026-06-21T00:00:00+00:00
1380,14,2026-06-17T00:00:00+00:00,2026-06-25T00:00:00+00:00,DELIVERED,NORMAL,1,Auto-generated for replenishing Surgical Blades #10. Days remaining: 6.5,2,1,2026-06-22T00:00:00+00:00,2026-06-17T00:00:00+00:00,2026-06-25T00:00:00+00:00
1381,13,2026-06-17T00:00:00+00:00,2026-06-23T00:00:00+00:00,DELIVERED,NORMAL,1,Auto-generated for replenishing Malaria Antigen Kit. Days remaining: 6.0,2,1,2026-06-20T00:00:00+00:00,2026-06-17T00:00:00+00:00,2026-06-23T00:00:00+00:00
1382,9,2026-06-17T00:00:00+00:00,2026-06-24T00:00:00+00:00,DELIVERED,NORMAL,1,Auto-generated for replenishing Omeprazole 20mg. Days remaining: 5.9,2,1,2026-06-21T00:00:00+00:00,2026-06-17T00:00:00+00:00,2026-06-24T00:00:00+00:00
1383,13,2026-06-17T00:00:00+00:00,2026-06-23T00:00:00+00:00,DELIVERED,NORMAL,1,Auto-generated for replenishing Sodium Citrate Tubes. Days remaining: 6.7,2,1,2026-06-20T00:00:00+00:00,2026-06-17T00:00:00+00:00,2026-06-23T00:00:00+00:00
1384,11,2026-06-17T00:00:00+00:00,2026-06-21T00:00:00+00:00,DELIVERED,NORMAL,1,Auto-generated for replenishing Syringes (2ml). Days remaining: 6.2,2,1,2026-06-18T00:00:00+00:00,2026-06-17T00:00:00+00:00,2026-06-21T00:00:00+00:00
1385,12,2026-06-18T00:00:00+00:00,2026-06-25T00:00:00+00:00,DELIVERED,NORMAL,1,Auto-generated for replenishing Foley Catheter Fr18. Days remaining: 7.0,2,1,2026-06-22T00:00:00+00:00,2026-06-18T00:00:00+00:00,2026-06-25T00:00:00+00:00
1386,4,2026-06-18T00:00:00+00:00,2026-06-28T00:00:00+00:00,DELIVERED,NORMAL,1,Auto-generated for replenishing Pregnancy Test Cassette. Days remaining: 6.5,2,1,2026-06-25T00:00:00+00:00,2026-06-18T00:00:00+00:00,2026-06-28T00:00:00+00:00
1387,2,2026-06-18T00:00:00+00:00,2026-06-22T00:00:00+00:00,DELIVERED,NORMAL,1,Auto-generated for replenishing Blood Grouping Anti-A. Days remaining: 7.0,2,1,2026-06-19T00:00:00+00:00,2026-06-18T00:00:00+00:00,2026-06-22T00:00:00+00:00
1388,4,2026-06-19T00:00:00+00:00,2026-06-29T00:00:00+00:00,DELIVERED,NORMAL,1,Auto-generated for replenishing Gabapentin 300mg. Days remaining: 6.8,2,1,2026-06-26T00:00:00+00:00,2026-06-19T00:00:00+00:00,2026-06-29T00:00:00+00:00
1389,7,2026-06-19T00:00:00+00:00,2026-06-22T00:00:00+00:00,DELIVERED,NORMAL,1,Auto-generated for replenishing Paracetamol 500mg. Days remaining: 6.4,2,1,2026-06-19T00:00:00+00:00,2026-06-19T00:00:00+00:00,2026-06-22T00:00:00+00:00
1390,7,2026-06-19T00:00:00+00:00,2026-06-22T00:00:00+00:00,DELIVERED,NORMAL,1,Auto-generated for replenishing Adhesive Plasters. Days remaining: 6.1,2,1,2026-06-19T00:00:00+00:00,2026-06-19T00:00:00+00:00,2026-06-22T00:00:00+00:00
1391,3,2026-06-19T00:00:00+00:00,2026-06-22T00:00:00+00:00,DELIVERED,NORMAL,1,Auto-generated for replenishing CRP Latex Slide Kit. Days remaining: 7.0,2,1,2026-06-19T00:00:00+00:00,2026-06-19T00:00:00+00:00,2026-06-22T00:00:00+00:00
1392,14,2026-06-20T00:00:00+00:00,2026-06-28T00:00:00+00:00,DELIVERED,NORMAL,1,Auto-generated for replenishing Surgical Stapler. Days remaining: 6.4,2,1,2026-06-25T00:00:00+00:00,2026-06-20T00:00:00+00:00,2026-06-28T00:00:00+00:00
1393,3,2026-06-20T00:00:00+00:00,2026-06-23T00:00:00+00:00,DELIVERED,NORMAL,1,Auto-generated for replenishing Ringer Lactate 500ml. Days remaining: 6.9,2,1,2026-06-20T00:00:00+00:00,2026-06-20T00:00:00+00:00,2026-06-23T00:00:00+00:00
1394,15,2026-06-21T00:00:00+00:00,2026-06-28T00:00:00+00:00,DELIVERED,NORMAL,1,Auto-generated for replenishing Latex Gloves (S). Days remaining: 6.8,2,1,2026-06-25T00:00:00+00:00,2026-06-21T00:00:00+00:00,2026-06-28T00:00:00+00:00
1395,14,2026-06-21T00:00:00+00:00,2026-06-29T00:00:00+00:00,DELIVERED,NORMAL,1,Auto-generated for replenishing Losartan 50mg. Days remaining: 6.4,2,1,2026-06-26T00:00:00+00:00,2026-06-21T00:00:00+00:00,2026-06-29T00:00:00+00:00
1396,10,2026-06-21T00:00:00+00:00,2026-06-29T00:00:00+00:00,DELIVERED,NORMAL,1,Auto-generated for replenishing Foley Catheter Fr16. Days remaining: 6.8,2,1,2026-06-26T00:00:00+00:00,2026-06-21T00:00:00+00:00,2026-06-29T00:00:00+00:00
1397,7,2026-06-21T00:00:00+00:00,2026-06-24T00:00:00+00:00,DELIVERED,NORMAL,1,Auto-generated for replenishing Latex Gloves (L). Days remaining: 6.5,2,1,2026-06-21T00:00:00+00:00,2026-06-21T00:00:00+00:00,2026-06-24T00:00:00+00:00
1398,8,2026-06-21T00:00:00+00:00,2026-06-29T00:00:00+00:00,DELIVERED,NORMAL,1,Auto-generated for replenishing C-Section Drape. Days remaining: 7.0,2,1,2026-06-26T00:00:00+00:00,2026-06-21T00:00:00+00:00,2026-06-29T00:00:00+00:00
1399,5,2026-06-21T00:00:00+00:00,2026-06-30T00:00:00+00:00,DELIVERED,NORMAL,1,Auto-generated for replenishing Pantoprazole 40mg. Days remaining: 6.1,2,1,2026-06-27T00:00:00+00:00,2026-06-21T00:00:00+00:00,2026-06-30T00:00:00+00:00
1400,10,2026-06-22T00:00:00+00:00,2026-06-30T00:00:00+00:00,DELIVERED,NORMAL,1,Auto-generated for replenishing Nitrile Gloves (M). Days remaining: 6.8,2,1,2026-06-27T00:00:00+00:00,2026-06-22T00:00:00+00:00,2026-06-30T00:00:00+00:00
1401,2,2026-06-22T00:00:00+00:00,2026-06-26T00:00:00+00:00,DELIVERED,NORMAL,1,Auto-generated for replenishing Prednisone 10mg. Days remaining: 6.6,2,1,2026-06-23T00:00:00+00:00,2026-06-22T00:00:00+00:00,2026-06-26T00:00:00+00:00
1402,8,2026-06-23T00:00:00+00:00,2026-07-01T00:00:00+00:00,DELIVERED,NORMAL,1,Auto-generated for replenishing Blood Culture Bottles. Days remaining: 6.4,2,1,2026-06-28T00:00:00+00:00,2026-06-23T00:00:00+00:00,2026-07-01T00:00:00+00:00
1403,13,2026-06-23T00:00:00+00:00,2026-06-29T00:00:00+00:00,DELIVERED,NORMAL,1,Auto-generated for replenishing Suction Yankauer Tip. Days remaining: 6.7,2,1,2026-06-26T00:00:00+00:00,2026-06-23T00:00:00+00:00,2026-06-29T00:00:00+00:00
1404,7,2026-06-23T00:00:00+00:00,2026-06-26T00:00:00+00:00,DELIVERED,NORMAL,1,Auto-generated for replenishing N95 Respirator Mask. Days remaining: 6.1,2,1,2026-06-23T00:00:00+00:00,2026-06-23T00:00:00+00:00,2026-06-26T00:00:00+00:00
1405,7,2026-06-23T00:00:00+00:00,2026-06-26T00:00:00+00:00,DELIVERED,NORMAL,1,Auto-generated for replenishing Syringes (10ml). Days remaining: 5.9,2,1,2026-06-23T00:00:00+00:00,2026-06-23T00:00:00+00:00,2026-06-26T00:00:00+00:00
1406,15,2026-06-23T00:00:00+00:00,2026-06-30T00:00:00+00:00,DELIVERED,NORMAL,1,Auto-generated for replenishing Nitrile Gloves (L). Days remaining: 6.5,2,1,2026-06-27T00:00:00+00:00,2026-06-23T00:00:00+00:00,2026-06-30T00:00:00+00:00
1407,6,2026-06-23T00:00:00+00:00,2026-06-27T00:00:00+00:00,DELIVERED,NORMAL,1,Auto-generated for replenishing Shoe Covers Disposable. Days remaining: 6.3,2,1,2026-06-24T00:00:00+00:00,2026-06-23T00:00:00+00:00,2026-06-27T00:00:00+00:00
1408,12,2026-06-24T00:00:00+00:00,2026-07-01T00:00:00+00:00,DELIVERED,NORMAL,1,Auto-generated for replenishing Urine Dipsticks 10T. Days remaining: 6.1,2,1,2026-06-28T00:00:00+00:00,2026-06-24T00:00:00+00:00,2026-07-01T00:00:00+00:00
1409,10,2026-06-24T00:00:00+00:00,2026-07-02T00:00:00+00:00,DELIVERED,NORMAL,1,Auto-generated for replenishing Troponin I Rapid Kit. Days remaining: 7.0,2,1,2026-06-29T00:00:00+00:00,2026-06-24T00:00:00+00:00,2026-07-02T00:00:00+00:00
1410,2,2026-06-24T00:00:00+00:00,2026-06-28T00:00:00+00:00,DELIVERED,NORMAL,1,Auto-generated for replenishing HIV Rapid Test Kits. Days remaining: 7.0,2,1,2026-06-25T00:00:00+00:00,2026-06-24T00:00:00+00:00,2026-06-28T00:00:00+00:00
1411,4,2026-06-25T00:00:00+00:00,2026-07-05T00:00:00+00:00,DELIVERED,NORMAL,1,Auto-generated for replenishing Disinfectant Wipes. Days remaining: 6.9,2,1,2026-07-02T00:00:00+00:00,2026-06-25T00:00:00+00:00,2026-07-05T00:00:00+00:00
1412,8,2026-06-25T00:00:00+00:00,2026-07-03T00:00:00+00:00,DELIVERED,NORMAL,1,Auto-generated for replenishing Vicryl Suture 2-0. Days remaining: 6.4,2,1,2026-06-30T00:00:00+00:00,2026-06-25T00:00:00+00:00,2026-07-03T00:00:00+00:00
1413,10,2026-06-25T00:00:00+00:00,2026-07-03T00:00:00+00:00,DELIVERED,NORMAL,1,Auto-generated for replenishing Pregnancy Test HCG. Days remaining: 6.7,2,1,2026-06-30T00:00:00+00:00,2026-06-25T00:00:00+00:00,2026-07-03T00:00:00+00:00
1414,13,2026-06-25T00:00:00+00:00,2026-07-01T00:00:00+00:00,DELIVERED,NORMAL,1,Auto-generated for replenishing Silk Suture 2-0. Days remaining: 7.0,2,1,2026-06-28T00:00:00+00:00,2026-06-25T00:00:00+00:00,2026-07-01T00:00:00+00:00
1415,14,2026-06-25T00:00:00+00:00,2026-07-03T00:00:00+00:00,DELIVERED,NORMAL,1,Auto-generated for replenishing Syringes (5ml). Days remaining: 6.5,2,1,2026-06-30T00:00:00+00:00,2026-06-25T00:00:00+00:00,2026-07-03T00:00:00+00:00
1416,13,2026-06-25T00:00:00+00:00,2026-07-01T00:00:00+00:00,DELIVERED,NORMAL,1,Auto-generated for replenishing Universal Drape Pack. Days remaining: 6.5,2,1,2026-06-28T00:00:00+00:00,2026-06-25T00:00:00+00:00,2026-07-01T00:00:00+00:00
1417,15,2026-06-26T00:00:00+00:00,2026-07-03T00:00:00+00:00,DELIVERED,NORMAL,1,Auto-generated for replenishing Monocryl Suture 4-0. Days remaining: 6.7,2,1,2026-06-30T00:00:00+00:00,2026-06-26T00:00:00+00:00,2026-07-03T00:00:00+00:00
1418,3,2026-06-26T00:00:00+00:00,2026-06-29T00:00:00+00:00,DELIVERED,NORMAL,1,Auto-generated for replenishing Skin Marker Pen. Days remaining: 6.4,2,1,2026-06-26T00:00:00+00:00,2026-06-26T00:00:00+00:00,2026-06-29T00:00:00+00:00
1419,7,2026-06-26T00:00:00+00:00,2026-06-29T00:00:00+00:00,DELIVERED,NORMAL,1,Auto-generated for replenishing Tramadol 50mg. Days remaining: 6.5,2,1,2026-06-26T00:00:00+00:00,2026-06-26T00:00:00+00:00,2026-06-29T00:00:00+00:00
1420,5,2026-06-26T00:00:00+00:00,2026-07-05T00:00:00+00:00,DELIVERED,NORMAL,1,Auto-generated for replenishing Disposable Scalpel #15. Days remaining: 6.1,2,1,2026-07-02T00:00:00+00:00,2026-06-26T00:00:00+00:00,2026-07-05T00:00:00+00:00
1421,5,2026-06-26T00:00:00+00:00,2026-07-05T00:00:00+00:00,DELIVERED,NORMAL,1,Auto-generated for replenishing Biohazard Bags Medium. Days remaining: 6.7,2,1,2026-07-02T00:00:00+00:00,2026-06-26T00:00:00+00:00,2026-07-05T00:00:00+00:00
1422,8,2026-06-26T00:00:00+00:00,2026-07-04T00:00:00+00:00,DELIVERED,NORMAL,1,Auto-generated for replenishing Gauze Swabs 10x10cm. Days remaining: 6.6,2,1,2026-07-01T00:00:00+00:00,2026-06-26T00:00:00+00:00,2026-07-04T00:00:00+00:00
1423,10,2026-06-27T00:00:00+00:00,2026-07-05T00:00:00+00:00,DELIVERED,NORMAL,1,Auto-generated for replenishing Clopidogrel 75mg. Days remaining: 6.7,2,1,2026-07-02T00:00:00+00:00,2026-06-27T00:00:00+00:00,2026-07-05T00:00:00+00:00
1424,4,2026-06-27T00:00:00+00:00,2026-07-07T00:00:00+00:00,DELIVERED,NORMAL,1,Auto-generated for replenishing Warfarin 5mg. Days remaining: 6.4,2,1,2026-07-04T00:00:00+00:00,2026-06-27T00:00:00+00:00,2026-07-07T00:00:00+00:00
1425,8,2026-06-27T00:00:00+00:00,2026-07-05T00:00:00+00:00,DELIVERED,NORMAL,1,Auto-generated for replenishing Bone Wax 2.5g. Days remaining: 6.5,2,1,2026-07-02T00:00:00+00:00,2026-06-27T00:00:00+00:00,2026-07-05T00:00:00+00:00
1426,3,2026-06-27T00:00:00+00:00,2026-06-30T00:00:00+00:00,DELIVERED,NORMAL,1,Auto-generated for replenishing Amlodipine 5mg. Days remaining: 6.1,2,1,2026-06-27T00:00:00+00:00,2026-06-27T00:00:00+00:00,2026-06-30T00:00:00+00:00
1427,15,2026-06-28T00:00:00+00:00,2026-07-05T00:00:00+00:00,DELIVERED,NORMAL,1,Auto-generated for replenishing Epidural Needle 18G. Days remaining: 6.4,2,1,2026-07-02T00:00:00+00:00,2026-06-28T00:00:00+00:00,2026-07-05T00:00:00+00:00
1428,15,2026-06-28T00:00:00+00:00,2026-07-05T00:00:00+00:00,DELIVERED,NORMAL,1,Auto-generated for replenishing Montelukast 10mg. Days remaining: 7.0,2,1,2026-07-02T00:00:00+00:00,2026-06-28T00:00:00+00:00,2026-07-05T00:00:00+00:00
1429,5,2026-06-28T00:00:00+00:00,2026-07-07T00:00:00+00:00,DELIVERED,NORMAL,1,Auto-generated for replenishing Staple Remover. Days remaining: 6.8,2,1,2026-07-04T00:00:00+00:00,2026-06-28T00:00:00+00:00,2026-07-07T00:00:00+00:00
1430,13,2026-06-28T00:00:00+00:00,2026-07-04T00:00:00+00:00,DELIVERED,NORMAL,1,Auto-generated for replenishing Ibuprofen 400mg. Days remaining: 6.9,2,1,2026-07-01T00:00:00+00:00,2026-06-28T00:00:00+00:00,2026-07-04T00:00:00+00:00
1431,1,2026-06-29T00:00:00+00:00,2026-07-03T00:00:00+00:00,DELIVERED,NORMAL,1,Auto-generated for replenishing Cotton Wool Rolls. Days remaining: 6.5,2,1,2026-06-30T00:00:00+00:00,2026-06-29T00:00:00+00:00,2026-07-03T00:00:00+00:00
1432,1,2026-06-29T00:00:00+00:00,2026-07-03T00:00:00+00:00,DELIVERED,NORMAL,1,Auto-generated for replenishing Lap Sponge 30x30cm. Days remaining: 6.7,2,1,2026-06-30T00:00:00+00:00,2026-06-29T00:00:00+00:00,2026-07-03T00:00:00+00:00
1433,11,2026-06-29T00:00:00+00:00,2026-07-03T00:00:00+00:00,DELIVERED,NORMAL,1,Auto-generated for replenishing Pipette Tips 200uL. Days remaining: 6.5,2,1,2026-06-30T00:00:00+00:00,2026-06-29T00:00:00+00:00,2026-07-03T00:00:00+00:00
1434,10,2026-06-29T00:00:00+00:00,2026-07-07T00:00:00+00:00,DELIVERED,NORMAL,1,Auto-generated for replenishing Azithromycin 250mg. Days remaining: 5.6,2,1,2026-07-04T00:00:00+00:00,2026-06-29T00:00:00+00:00,2026-07-07T00:00:00+00:00
1435,9,2026-06-29T00:00:00+00:00,2026-07-06T00:00:00+00:00,DELIVERED,NORMAL,1,Auto-generated for replenishing Hand Sanitizer 500ml. Days remaining: 7.0,2,1,2026-07-03T00:00:00+00:00,2026-06-29T00:00:00+00:00,2026-07-06T00:00:00+00:00
1436,6,2026-06-29T00:00:00+00:00,2026-07-03T00:00:00+00:00,DELIVERED,NORMAL,1,Auto-generated for replenishing Microscope Slides. Days remaining: 6.5,2,1,2026-06-30T00:00:00+00:00,2026-06-29T00:00:00+00:00,2026-07-03T00:00:00+00:00
1437,6,2026-06-29T00:00:00+00:00,2026-07-03T00:00:00+00:00,DELIVERED,NORMAL,1,Auto-generated for replenishing HCV Rapid Test Kits. Days remaining: 7.0,2,1,2026-06-30T00:00:00+00:00,2026-06-29T00:00:00+00:00,2026-07-03T00:00:00+00:00
1438,12,2026-06-30T00:00:00+00:00,2026-07-07T00:00:00+00:00,DELIVERED,NORMAL,1,Auto-generated for replenishing Suction Tubing 3m. Days remaining: 6.2,2,1,2026-07-04T00:00:00+00:00,2026-06-30T00:00:00+00:00,2026-07-07T00:00:00+00:00
1439,9,2026-06-30T00:00:00+00:00,2026-07-07T00:00:00+00:00,DELIVERED,NORMAL,1,Auto-generated for replenishing Silk Suture 3-0. Days remaining: 6.6,2,1,2026-07-04T00:00:00+00:00,2026-06-30T00:00:00+00:00,2026-07-07T00:00:00+00:00
1440,13,2026-07-01T00:00:00+00:00,2026-07-07T00:00:00+00:00,DELIVERED,NORMAL,1,Auto-generated for replenishing Levothyroxine 50mcg. Days remaining: 6.4,2,1,2026-07-04T00:00:00+00:00,2026-07-01T00:00:00+00:00,2026-07-07T00:00:00+00:00
1441,12,2026-07-01T00:00:00+00:00,2026-07-08T00:00:00+00:00,DELIVERED,NORMAL,1,Auto-generated for replenishing Cetirizine 10mg. Days remaining: 6.0,2,1,2026-07-05T00:00:00+00:00,2026-07-01T00:00:00+00:00,2026-07-08T00:00:00+00:00
1442,13,2026-07-01T00:00:00+00:00,2026-07-07T00:00:00+00:00,DELIVERED,NORMAL,1,Auto-generated for replenishing Vicryl Suture 4-0. Days remaining: 7.0,2,1,2026-07-04T00:00:00+00:00,2026-07-01T00:00:00+00:00,2026-07-07T00:00:00+00:00
1443,5,2026-07-01T00:00:00+00:00,2026-07-10T00:00:00+00:00,DELIVERED,NORMAL,1,Auto-generated for replenishing 3-Ply Surgical Mask. Days remaining: 6.9,2,1,2026-07-07T00:00:00+00:00,2026-07-01T00:00:00+00:00,2026-07-10T00:00:00+00:00
1444,7,2026-07-01T00:00:00+00:00,2026-07-04T00:00:00+00:00,DELIVERED,NORMAL,1,Auto-generated for replenishing Glucose Test Strips. Days remaining: 6.2,2,1,2026-07-01T00:00:00+00:00,2026-07-01T00:00:00+00:00,2026-07-04T00:00:00+00:00
1445,11,2026-07-01T00:00:00+00:00,2026-07-05T00:00:00+00:00,DELIVERED,NORMAL,1,Auto-generated for replenishing Bandage Roll 3-inch. Days remaining: 6.4,2,1,2026-07-02T00:00:00+00:00,2026-07-01T00:00:00+00:00,2026-07-05T00:00:00+00:00
1446,7,2026-07-02T00:00:00+00:00,2026-07-05T00:00:00+00:00,DELIVERED,NORMAL,1,Auto-generated for replenishing IV Cannula 20G. Days remaining: 6.1,2,1,2026-07-02T00:00:00+00:00,2026-07-02T00:00:00+00:00,2026-07-05T00:00:00+00:00
1447,8,2026-07-02T00:00:00+00:00,2026-07-10T00:00:00+00:00,DELIVERED,NORMAL,1,Auto-generated for replenishing Serum Sep Tubes (SST). Days remaining: 6.4,2,1,2026-07-07T00:00:00+00:00,2026-07-02T00:00:00+00:00,2026-07-10T00:00:00+00:00
1448,14,2026-07-02T00:00:00+00:00,2026-07-10T00:00:00+00:00,DELIVERED,NORMAL,1,Auto-generated for replenishing Surgical Gown Sterile. Days remaining: 6.7,2,1,2026-07-07T00:00:00+00:00,2026-07-02T00:00:00+00:00,2026-07-10T00:00:00+00:00
1449,15,2026-07-02T00:00:00+00:00,2026-07-09T00:00:00+00:00,DELIVERED,NORMAL,1,Auto-generated for replenishing Disposable Scalpel #11. Days remaining: 6.8,2,1,2026-07-06T00:00:00+00:00,2026-07-02T00:00:00+00:00,2026-07-09T00:00:00+00:00
1450,9,2026-07-02T00:00:00+00:00,2026-07-09T00:00:00+00:00,DELIVERED,NORMAL,1,Auto-generated for replenishing Sterile Water 10ml. Days remaining: 6.9,2,1,2026-07-06T00:00:00+00:00,2026-07-02T00:00:00+00:00,2026-07-09T00:00:00+00:00
1451,2,2026-07-02T00:00:00+00:00,2026-07-06T00:00:00+00:00,DELIVERED,NORMAL,1,Auto-generated for replenishing IV Infusion Set. Days remaining: 6.0,2,1,2026-07-03T00:00:00+00:00,2026-07-02T00:00:00+00:00,2026-07-06T00:00:00+00:00
1452,1,2026-07-03T00:00:00+00:00,2026-07-07T00:00:00+00:00,DELIVERED,NORMAL,1,Auto-generated for replenishing Disposable Gown Blue. Days remaining: 6.7,2,1,2026-07-04T00:00:00+00:00,2026-07-03T00:00:00+00:00,2026-07-07T00:00:00+00:00
1453,3,2026-07-03T00:00:00+00:00,2026-07-06T00:00:00+00:00,DELIVERED,NORMAL,1,Auto-generated for replenishing IV Cannula 18G. Days remaining: 6.5,2,1,2026-07-03T00:00:00+00:00,2026-07-03T00:00:00+00:00,2026-07-06T00:00:00+00:00
1454,11,2026-07-03T00:00:00+00:00,2026-07-07T00:00:00+00:00,DELIVERED,NORMAL,1,Auto-generated for replenishing Biohazard Bags Large. Days remaining: 6.9,2,1,2026-07-04T00:00:00+00:00,2026-07-03T00:00:00+00:00,2026-07-07T00:00:00+00:00
1455,13,2026-07-04T00:00:00+00:00,2026-07-10T00:00:00+00:00,DELIVERED,NORMAL,1,Auto-generated for replenishing Nitrile Gloves (S). Days remaining: 6.7,2,1,2026-07-07T00:00:00+00:00,2026-07-04T00:00:00+00:00,2026-07-10T00:00:00+00:00
1456,13,2026-07-04T00:00:00+00:00,2026-07-10T00:00:00+00:00,DELIVERED,NORMAL,1,Auto-generated for replenishing Sodium Citrate Tubes. Days remaining: 6.6,2,1,2026-07-07T00:00:00+00:00,2026-07-04T00:00:00+00:00,2026-07-10T00:00:00+00:00
1457,10,2026-07-04T00:00:00+00:00,2026-07-12T00:00:00+00:00,DELIVERED,NORMAL,1,Auto-generated for replenishing Surgical Tape 2-inch. Days remaining: 6.2,2,1,2026-07-09T00:00:00+00:00,2026-07-04T00:00:00+00:00,2026-07-12T00:00:00+00:00
1458,2,2026-07-04T00:00:00+00:00,2026-07-08T00:00:00+00:00,DELIVERED,NORMAL,1,Auto-generated for replenishing Latex Gloves (M). Days remaining: 6.6,2,1,2026-07-05T00:00:00+00:00,2026-07-04T00:00:00+00:00,2026-07-08T00:00:00+00:00
1459,10,2026-07-04T00:00:00+00:00,2026-07-12T00:00:00+00:00,DELIVERED,NORMAL,1,Auto-generated for replenishing Amoxicillin 500mg. Days remaining: 6.5,2,1,2026-07-09T00:00:00+00:00,2026-07-04T00:00:00+00:00,2026-07-12T00:00:00+00:00
1460,14,2026-07-04T00:00:00+00:00,2026-07-12T00:00:00+00:00,DELIVERED,NORMAL,1,Auto-generated for replenishing Surgical Blades #22. Days remaining: 7.0,2,1,2026-07-09T00:00:00+00:00,2026-07-04T00:00:00+00:00,2026-07-12T00:00:00+00:00
1461,11,2026-07-04T00:00:00+00:00,2026-07-08T00:00:00+00:00,DELIVERED,NORMAL,1,Auto-generated for replenishing Aprons Waterproof. Days remaining: 6.8,2,1,2026-07-05T00:00:00+00:00,2026-07-04T00:00:00+00:00,2026-07-08T00:00:00+00:00
1462,11,2026-07-04T00:00:00+00:00,2026-07-08T00:00:00+00:00,DELIVERED,NORMAL,1,Auto-generated for replenishing Syringes (2ml). Days remaining: 6.5,2,1,2026-07-05T00:00:00+00:00,2026-07-04T00:00:00+00:00,2026-07-08T00:00:00+00:00
1463,7,2026-07-04T00:00:00+00:00,2026-07-07T00:00:00+00:00,DELIVERED,NORMAL,1,Auto-generated for replenishing IV Cannula 22G. Days remaining: 7.0,2,1,2026-07-04T00:00:00+00:00,2026-07-04T00:00:00+00:00,2026-07-07T00:00:00+00:00
1464,15,2026-07-04T00:00:00+00:00,2026-07-11T00:00:00+00:00,DELIVERED,NORMAL,1,Auto-generated for replenishing Urine Drainage Bag. Days remaining: 6.6,2,1,2026-07-08T00:00:00+00:00,2026-07-04T00:00:00+00:00,2026-07-11T00:00:00+00:00
1465,14,2026-07-05T00:00:00+00:00,2026-07-13T00:00:00+00:00,DELIVERED,NORMAL,1,Auto-generated for replenishing Normal Saline 500ml. Days remaining: 6.3,2,1,2026-07-10T00:00:00+00:00,2026-07-05T00:00:00+00:00,2026-07-13T00:00:00+00:00
1466,7,2026-07-06T00:00:00+00:00,2026-07-09T00:00:00+00:00,DELIVERED,NORMAL,1,Auto-generated for replenishing Adhesive Plasters. Days remaining: 6.6,2,1,2026-07-06T00:00:00+00:00,2026-07-06T00:00:00+00:00,2026-07-09T00:00:00+00:00
1467,12,2026-07-06T00:00:00+00:00,2026-07-13T00:00:00+00:00,DELIVERED,NORMAL,1,Auto-generated for replenishing Bouffant Caps Blue. Days remaining: 6.1,2,1,2026-07-10T00:00:00+00:00,2026-07-06T00:00:00+00:00,2026-07-13T00:00:00+00:00
1468,12,2026-07-06T00:00:00+00:00,2026-07-13T00:00:00+00:00,DELIVERED,NORMAL,1,Auto-generated for replenishing Alcohol Prep Pads. Days remaining: 6.4,2,1,2026-07-10T00:00:00+00:00,2026-07-06T00:00:00+00:00,2026-07-13T00:00:00+00:00
1469,1,2026-07-07T00:00:00+00:00,2026-07-11T00:00:00+00:00,DELIVERED,NORMAL,1,Auto-generated for replenishing Syphilis Test Kits. Days remaining: 6.2,2,1,2026-07-08T00:00:00+00:00,2026-07-07T00:00:00+00:00,2026-07-11T00:00:00+00:00
1470,10,2026-07-07T00:00:00+00:00,2026-07-15T00:00:00+00:00,DELIVERED,NORMAL,1,Auto-generated for replenishing EDTA Blood Tubes (K2). Days remaining: 6.3,2,1,2026-07-12T00:00:00+00:00,2026-07-07T00:00:00+00:00,2026-07-15T00:00:00+00:00
1471,2,2026-07-07T00:00:00+00:00,2026-07-11T00:00:00+00:00,DELIVERED,NORMAL,1,Auto-generated for replenishing Atorvastatin 20mg. Days remaining: 6.7,2,1,2026-07-08T00:00:00+00:00,2026-07-07T00:00:00+00:00,2026-07-11T00:00:00+00:00
1472,6,2026-07-08T00:00:00+00:00,2026-07-12T00:00:00+00:00,DELIVERED,NORMAL,1,Auto-generated for replenishing Pipette Tips 1000uL. Days remaining: 6.5,2,1,2026-07-09T00:00:00+00:00,2026-07-08T00:00:00+00:00,2026-07-12T00:00:00+00:00
1473,9,2026-07-08T00:00:00+00:00,2026-07-15T00:00:00+00:00,DELIVERED,NORMAL,1,Auto-generated for replenishing Omeprazole 20mg. Days remaining: 6.5,2,1,2026-07-12T00:00:00+00:00,2026-07-08T00:00:00+00:00,2026-07-15T00:00:00+00:00
1474,8,2026-07-08T00:00:00+00:00,2026-07-16T00:00:00+00:00,DELIVERED,NORMAL,1,Auto-generated for replenishing Vicryl Suture 3-0. Days remaining: 6.3,2,1,2026-07-13T00:00:00+00:00,2026-07-08T00:00:00+00:00,2026-07-16T00:00:00+00:00
1475,3,2026-07-09T00:00:00+00:00,2026-07-12T00:00:00+00:00,DELIVERED,NORMAL,1,Auto-generated for replenishing Ringer Lactate 500ml. Days remaining: 6.3,2,1,2026-07-09T00:00:00+00:00,2026-07-09T00:00:00+00:00,2026-07-12T00:00:00+00:00
1476,5,2026-07-11T00:00:00+00:00,2026-07-20T00:00:00+00:00,DELIVERED,NORMAL,1,Auto-generated for replenishing Face Shield Clear. Days remaining: 6.2,2,1,2026-07-17T00:00:00+00:00,2026-07-11T00:00:00+00:00,2026-07-20T00:00:00+00:00
1477,12,2026-07-11T00:00:00+00:00,2026-07-18T00:00:00+00:00,DELIVERED,NORMAL,1,Auto-generated for replenishing Foley Catheter Fr18. Days remaining: 6.6,2,1,2026-07-15T00:00:00+00:00,2026-07-11T00:00:00+00:00,2026-07-18T00:00:00+00:00
1478,7,2026-07-11T00:00:00+00:00,2026-07-14T00:00:00+00:00,DELIVERED,NORMAL,1,Auto-generated for replenishing N95 Respirator Mask. Days remaining: 7.0,2,1,2026-07-11T00:00:00+00:00,2026-07-11T00:00:00+00:00,2026-07-14T00:00:00+00:00
1479,7,2026-07-11T00:00:00+00:00,2026-07-14T00:00:00+00:00,DELIVERED,NORMAL,1,Auto-generated for replenishing Bandage Roll 4-inch. Days remaining: 6.5,2,1,2026-07-11T00:00:00+00:00,2026-07-11T00:00:00+00:00,2026-07-14T00:00:00+00:00
1480,13,2026-07-11T00:00:00+00:00,2026-07-17T00:00:00+00:00,DELIVERED,NORMAL,1,Auto-generated for replenishing Malaria Antigen Kit. Days remaining: 6.2,2,1,2026-07-14T00:00:00+00:00,2026-07-11T00:00:00+00:00,2026-07-17T00:00:00+00:00
1481,11,2026-07-11T00:00:00+00:00,2026-07-15T00:00:00+00:00,DELIVERED,NORMAL,1,Auto-generated for replenishing Metformin 500mg. Days remaining: 6.1,2,1,2026-07-12T00:00:00+00:00,2026-07-11T00:00:00+00:00,2026-07-15T00:00:00+00:00
1482,13,2026-07-11T00:00:00+00:00,2026-07-17T00:00:00+00:00,DELIVERED,NORMAL,1,Auto-generated for replenishing Suction Yankauer Tip. Days remaining: 6.8,2,1,2026-07-14T00:00:00+00:00,2026-07-11T00:00:00+00:00,2026-07-17T00:00:00+00:00
1483,15,2026-07-12T00:00:00+00:00,2026-07-19T00:00:00+00:00,DELIVERED,NORMAL,1,Auto-generated for replenishing Latex Gloves (S). Days remaining: 6.5,2,1,2026-07-16T00:00:00+00:00,2026-07-12T00:00:00+00:00,2026-07-19T00:00:00+00:00
1484,6,2026-07-12T00:00:00+00:00,2026-07-16T00:00:00+00:00,DELIVERED,NORMAL,1,Auto-generated for replenishing D-Dimer Test Kits. Days remaining: 7.0,2,1,2026-07-13T00:00:00+00:00,2026-07-12T00:00:00+00:00,2026-07-16T00:00:00+00:00
1485,3,2026-07-12T00:00:00+00:00,2026-07-15T00:00:00+00:00,DELIVERED,NORMAL,1,Auto-generated for replenishing Amlodipine 5mg. Days remaining: 6.0,2,1,2026-07-12T00:00:00+00:00,2026-07-12T00:00:00+00:00,2026-07-15T00:00:00+00:00
1486,7,2026-07-12T00:00:00+00:00,2026-07-15T00:00:00+00:00,DELIVERED,NORMAL,1,Auto-generated for replenishing Paracetamol 500mg. Days remaining: 6.7,2,1,2026-07-12T00:00:00+00:00,2026-07-12T00:00:00+00:00,2026-07-15T00:00:00+00:00
1487,6,2026-07-12T00:00:00+00:00,2026-07-16T00:00:00+00:00,DELIVERED,NORMAL,1,Auto-generated for replenishing Protective Goggles. Days remaining: 6.6,2,1,2026-07-13T00:00:00+00:00,2026-07-12T00:00:00+00:00,2026-07-16T00:00:00+00:00
1488,10,2026-07-13T00:00:00+00:00,2026-07-21T00:00:00+00:00,DELIVERED,NORMAL,1,Auto-generated for replenishing Hand Sanitizer 100ml. Days remaining: 5.8,2,1,2026-07-18T00:00:00+00:00,2026-07-13T00:00:00+00:00,2026-07-21T00:00:00+00:00
1489,7,2026-07-13T00:00:00+00:00,2026-07-16T00:00:00+00:00,DELIVERED,NORMAL,1,Auto-generated for replenishing Latex Gloves (L). Days remaining: 6.8,2,1,2026-07-13T00:00:00+00:00,2026-07-13T00:00:00+00:00,2026-07-16T00:00:00+00:00
1490,10,2026-07-14T00:00:00+00:00,2026-07-22T00:00:00+00:00,DELIVERED,NORMAL,1,Auto-generated for replenishing Foley Catheter Fr16. Days remaining: 6.5,2,1,2026-07-19T00:00:00+00:00,2026-07-14T00:00:00+00:00,2026-07-22T00:00:00+00:00
1491,4,2026-07-14T00:00:00+00:00,2026-07-24T00:00:00+00:00,DELIVERED,NORMAL,1,Auto-generated for replenishing Pregnancy Test Cassette. Days remaining: 6.2,2,1,2026-07-21T00:00:00+00:00,2026-07-14T00:00:00+00:00,2026-07-24T00:00:00+00:00
1492,14,2026-07-14T00:00:00+00:00,2026-07-22T00:00:00+00:00,DELIVERED,NORMAL,1,Auto-generated for replenishing Syringes (5ml). Days remaining: 5.9,2,1,2026-07-19T00:00:00+00:00,2026-07-14T00:00:00+00:00,2026-07-22T00:00:00+00:00
1493,15,2026-07-14T00:00:00+00:00,2026-07-21T00:00:00+00:00,DELIVERED,NORMAL,1,Auto-generated for replenishing Nitrile Gloves (L). Days remaining: 6.6,2,1,2026-07-18T00:00:00+00:00,2026-07-14T00:00:00+00:00,2026-07-21T00:00:00+00:00
1494,8,2026-07-15T00:00:00+00:00,2026-07-23T00:00:00+00:00,DELIVERED,NORMAL,1,Auto-generated for replenishing C-Section Drape. Days remaining: 6.5,2,1,2026-07-20T00:00:00+00:00,2026-07-15T00:00:00+00:00,2026-07-23T00:00:00+00:00
1495,14,2026-07-15T00:00:00+00:00,2026-07-23T00:00:00+00:00,DELIVERED,NORMAL,1,Auto-generated for replenishing Losartan 50mg. Days remaining: 6.4,2,1,2026-07-20T00:00:00+00:00,2026-07-15T00:00:00+00:00,2026-07-23T00:00:00+00:00
1496,1,2026-07-15T00:00:00+00:00,2026-07-19T00:00:00+00:00,DELIVERED,NORMAL,1,Auto-generated for replenishing Metoprolol 25mg. Days remaining: 6.0,2,1,2026-07-16T00:00:00+00:00,2026-07-15T00:00:00+00:00,2026-07-19T00:00:00+00:00
1497,14,2026-07-15T00:00:00+00:00,2026-07-23T00:00:00+00:00,DELIVERED,NORMAL,1,Auto-generated for replenishing Surgical Blades #10. Days remaining: 6.5,2,1,2026-07-20T00:00:00+00:00,2026-07-15T00:00:00+00:00,2026-07-23T00:00:00+00:00
1498,5,2026-07-16T00:00:00+00:00,2026-07-25T00:00:00+00:00,DELIVERED,NORMAL,1,Auto-generated for replenishing Pantoprazole 40mg. Days remaining: 6.3,2,1,2026-07-22T00:00:00+00:00,2026-07-16T00:00:00+00:00,2026-07-25T00:00:00+00:00
1499,2,2026-07-16T00:00:00+00:00,2026-07-20T00:00:00+00:00,DELIVERED,NORMAL,1,Auto-generated for replenishing Prednisone 10mg. Days remaining: 6.9,2,1,2026-07-17T00:00:00+00:00,2026-07-16T00:00:00+00:00,2026-07-20T00:00:00+00:00
1500,8,2026-07-16T00:00:00+00:00,2026-07-24T00:00:00+00:00,DELIVERED,NORMAL,1,Auto-generated for replenishing Blood Culture Bottles. Days remaining: 6.1,2,1,2026-07-21T00:00:00+00:00,2026-07-16T00:00:00+00:00,2026-07-24T00:00:00+00:00
1501,2,2026-07-16T00:00:00+00:00,2026-07-20T00:00:00+00:00,DELIVERED,NORMAL,1,Auto-generated for replenishing Blood Grouping Anti-A. Days remaining: 6.0,2,1,2026-07-17T00:00:00+00:00,2026-07-16T00:00:00+00:00,2026-07-20T00:00:00+00:00
1502,7,2026-07-16T00:00:00+00:00,2026-07-19T00:00:00+00:00,DELIVERED,NORMAL,1,Auto-generated for replenishing Tramadol 50mg. Days remaining: 6.1,2,1,2026-07-16T00:00:00+00:00,2026-07-16T00:00:00+00:00,2026-07-19T00:00:00+00:00
1503,4,2026-07-16T00:00:00+00:00,2026-07-26T00:00:00+00:00,DELIVERED,NORMAL,1,Auto-generated for replenishing Albuterol Inhaler. Days remaining: 6.4,2,1,2026-07-23T00:00:00+00:00,2026-07-16T00:00:00+00:00,2026-07-26T00:00:00+00:00
1504,14,2026-07-16T00:00:00+00:00,2026-07-24T00:00:00+00:00,DELIVERED,NORMAL,1,Auto-generated for replenishing Surgical Stapler. Days remaining: 6.9,2,1,2026-07-21T00:00:00+00:00,2026-07-16T00:00:00+00:00,2026-07-24T00:00:00+00:00
1505,8,2026-07-17T00:00:00+00:00,2026-07-25T00:00:00+00:00,DELIVERED,NORMAL,1,Auto-generated for replenishing Gauze Swabs 10x10cm. Days remaining: 6.2,2,1,2026-07-22T00:00:00+00:00,2026-07-17T00:00:00+00:00,2026-07-25T00:00:00+00:00
1506,2,2026-07-17T00:00:00+00:00,2026-07-21T00:00:00+00:00,DELIVERED,NORMAL,1,Auto-generated for replenishing HIV Rapid Test Kits. Days remaining: 6.6,2,1,2026-07-18T00:00:00+00:00,2026-07-17T00:00:00+00:00,2026-07-21T00:00:00+00:00
1507,13,2026-07-17T00:00:00+00:00,2026-07-23T00:00:00+00:00,DELIVERED,NORMAL,1,Auto-generated for replenishing Silk Suture 2-0. Days remaining: 6.5,2,1,2026-07-20T00:00:00+00:00,2026-07-17T00:00:00+00:00,2026-07-23T00:00:00+00:00
1508,4,2026-07-17T00:00:00+00:00,2026-07-27T00:00:00+00:00,DELIVERED,NORMAL,1,Auto-generated for replenishing Gabapentin 300mg. Days remaining: 6.2,2,1,2026-07-24T00:00:00+00:00,2026-07-17T00:00:00+00:00,2026-07-27T00:00:00+00:00
1509,15,2026-07-17T00:00:00+00:00,2026-07-24T00:00:00+00:00,DELIVERED,NORMAL,1,Auto-generated for replenishing Monocryl Suture 4-0. Days remaining: 7.0,2,1,2026-07-21T00:00:00+00:00,2026-07-17T00:00:00+00:00,2026-07-24T00:00:00+00:00
1510,15,2026-07-17T00:00:00+00:00,2026-07-24T00:00:00+00:00,DELIVERED,NORMAL,1,Auto-generated for replenishing Epidural Needle 18G. Days remaining: 6.5,2,1,2026-07-21T00:00:00+00:00,2026-07-17T00:00:00+00:00,2026-07-24T00:00:00+00:00
1511,3,2026-07-17T00:00:00+00:00,2026-07-20T00:00:00+00:00,DELIVERED,NORMAL,1,Auto-generated for replenishing Skin Marker Pen. Days remaining: 6.4,2,1,2026-07-17T00:00:00+00:00,2026-07-17T00:00:00+00:00,2026-07-20T00:00:00+00:00
1512,10,2026-07-18T00:00:00+00:00,2026-07-26T00:00:00+00:00,DELIVERED,NORMAL,1,Auto-generated for replenishing Azithromycin 250mg. Days remaining: 6.4,2,1,2026-07-23T00:00:00+00:00,2026-07-18T00:00:00+00:00,2026-07-26T00:00:00+00:00
1513,9,2026-07-18T00:00:00+00:00,2026-07-25T00:00:00+00:00,DELIVERED,NORMAL,1,Auto-generated for replenishing Rheumatoid Factor Kit. Days remaining: 7.0,2,1,2026-07-22T00:00:00+00:00,2026-07-18T00:00:00+00:00,2026-07-25T00:00:00+00:00
1514,8,2026-07-18T00:00:00+00:00,2026-07-26T00:00:00+00:00,DELIVERED,NORMAL,1,Auto-generated for replenishing Vicryl Suture 2-0. Days remaining: 6.6,2,1,2026-07-23T00:00:00+00:00,2026-07-18T00:00:00+00:00,2026-07-26T00:00:00+00:00
1515,5,2026-07-18T00:00:00+00:00,2026-07-27T00:00:00+00:00,DELIVERED,NORMAL,1,Auto-generated for replenishing Disposable Scalpel #15. Days remaining: 6.7,2,1,2026-07-24T00:00:00+00:00,2026-07-18T00:00:00+00:00,2026-07-27T00:00:00+00:00
1516,15,2026-07-18T00:00:00+00:00,2026-07-25T00:00:00+00:00,DELIVERED,NORMAL,1,Auto-generated for replenishing Disposable Scalpel #11. Days remaining: 6.9,2,1,2026-07-22T00:00:00+00:00,2026-07-18T00:00:00+00:00,2026-07-25T00:00:00+00:00
1517,5,2026-07-18T00:00:00+00:00,2026-07-27T00:00:00+00:00,DELIVERED,NORMAL,1,Auto-generated for replenishing Biohazard Bags Medium. Days remaining: 6.9,2,1,2026-07-24T00:00:00+00:00,2026-07-18T00:00:00+00:00,2026-07-27T00:00:00+00:00
1518,10,2026-07-18T00:00:00+00:00,2026-07-26T00:00:00+00:00,DELIVERED,NORMAL,1,Auto-generated for replenishing Nitrile Gloves (M). Days remaining: 6.5,2,1,2026-07-23T00:00:00+00:00,2026-07-18T00:00:00+00:00,2026-07-26T00:00:00+00:00
1519,2,2026-07-18T00:00:00+00:00,2026-07-22T00:00:00+00:00,DELIVERED,NORMAL,1,Auto-generated for replenishing IV Infusion Set. Days remaining: 6.5,2,1,2026-07-19T00:00:00+00:00,2026-07-18T00:00:00+00:00,2026-07-22T00:00:00+00:00
1520,6,2026-07-18T00:00:00+00:00,2026-07-22T00:00:00+00:00,DELIVERED,NORMAL,1,Auto-generated for replenishing Shoe Covers Disposable. Days remaining: 6.5,2,1,2026-07-19T00:00:00+00:00,2026-07-18T00:00:00+00:00,2026-07-22T00:00:00+00:00
1521,7,2026-07-18T00:00:00+00:00,2026-07-21T00:00:00+00:00,DELIVERED,NORMAL,1,Auto-generated for replenishing Syringes (10ml). Days remaining: 6.8,2,1,2026-07-18T00:00:00+00:00,2026-07-18T00:00:00+00:00,2026-07-21T00:00:00+00:00
1522,10,2026-07-19T00:00:00+00:00,2026-07-27T00:00:00+00:00,DELIVERED,NORMAL,1,Auto-generated for replenishing Troponin I Rapid Kit. Days remaining: 6.5,2,1,2026-07-24T00:00:00+00:00,2026-07-19T00:00:00+00:00,2026-07-27T00:00:00+00:00
1523,12,2026-07-19T00:00:00+00:00,2026-07-26T00:00:00+00:00,DELIVERED,NORMAL,1,Auto-generated for replenishing Cetirizine 10mg. Days remaining: 6.9,2,1,2026-07-23T00:00:00+00:00,2026-07-19T00:00:00+00:00,2026-07-26T00:00:00+00:00
1524,6,2026-07-19T00:00:00+00:00,2026-07-23T00:00:00+00:00,DELIVERED,NORMAL,1,Auto-generated for replenishing Microscope Slides. Days remaining: 6.9,2,1,2026-07-20T00:00:00+00:00,2026-07-19T00:00:00+00:00,2026-07-23T00:00:00+00:00
1525,11,2026-07-20T00:00:00+00:00,2026-07-24T00:00:00+00:00,DELIVERED,NORMAL,1,Auto-generated for replenishing Bandage Roll 3-inch. Days remaining: 6.5,2,1,2026-07-21T00:00:00+00:00,2026-07-20T00:00:00+00:00,2026-07-24T00:00:00+00:00
1526,10,2026-07-20T00:00:00+00:00,2026-07-28T00:00:00+00:00,DELIVERED,NORMAL,1,Auto-generated for replenishing Pregnancy Test HCG. Days remaining: 6.6,2,1,2026-07-25T00:00:00+00:00,2026-07-20T00:00:00+00:00,2026-07-28T00:00:00+00:00
1527,1,2026-07-20T00:00:00+00:00,2026-07-24T00:00:00+00:00,DELIVERED,NORMAL,1,Auto-generated for replenishing Cotton Wool Rolls. Days remaining: 6.6,2,1,2026-07-21T00:00:00+00:00,2026-07-20T00:00:00+00:00,2026-07-24T00:00:00+00:00
1528,4,2026-07-20T00:00:00+00:00,2026-07-30T00:00:00+00:00,DELIVERED,NORMAL,1,Auto-generated for replenishing Warfarin 5mg. Days remaining: 5.8,2,1,2026-07-27T00:00:00+00:00,2026-07-20T00:00:00+00:00,2026-07-30T00:00:00+00:00
1529,12,2026-07-20T00:00:00+00:00,2026-07-27T00:00:00+00:00,DELIVERED,NORMAL,1,Auto-generated for replenishing Urine Dipsticks 10T. Days remaining: 6.9,2,1,2026-07-24T00:00:00+00:00,2026-07-20T00:00:00+00:00,2026-07-27T00:00:00+00:00
1530,12,2026-07-21T00:00:00+00:00,2026-07-28T00:00:00+00:00,DELIVERED,NORMAL,1,Auto-generated for replenishing Suction Tubing 3m. Days remaining: 6.7,2,1,2026-07-25T00:00:00+00:00,2026-07-21T00:00:00+00:00,2026-07-28T00:00:00+00:00
1531,7,2026-07-21T00:00:00+00:00,2026-07-24T00:00:00+00:00,DELIVERED,NORMAL,1,Auto-generated for replenishing IV Cannula 20G. Days remaining: 6.8,2,1,2026-07-21T00:00:00+00:00,2026-07-21T00:00:00+00:00,2026-07-24T00:00:00+00:00
1532,13,2026-07-21T00:00:00+00:00,2026-07-27T00:00:00+00:00,DELIVERED,NORMAL,1,Auto-generated for replenishing Levothyroxine 50mcg. Days remaining: 6.4,2,1,2026-07-24T00:00:00+00:00,2026-07-21T00:00:00+00:00,2026-07-27T00:00:00+00:00
1533,3,2026-07-21T00:00:00+00:00,2026-07-24T00:00:00+00:00,DELIVERED,NORMAL,1,Auto-generated for replenishing CRP Latex Slide Kit. Days remaining: 7.0,2,1,2026-07-21T00:00:00+00:00,2026-07-21T00:00:00+00:00,2026-07-24T00:00:00+00:00
1534,13,2026-07-22T00:00:00+00:00,2026-07-28T00:00:00+00:00,DELIVERED,NORMAL,1,Auto-generated for replenishing Sodium Citrate Tubes. Days remaining: 6.5,2,1,2026-07-25T00:00:00+00:00,2026-07-22T00:00:00+00:00,2026-07-28T00:00:00+00:00
1535,13,2026-07-22T00:00:00+00:00,2026-07-28T00:00:00+00:00,DELIVERED,NORMAL,1,Auto-generated for replenishing Ibuprofen 400mg. Days remaining: 6.6,2,1,2026-07-25T00:00:00+00:00,2026-07-22T00:00:00+00:00,2026-07-28T00:00:00+00:00
1536,15,2026-07-22T00:00:00+00:00,2026-07-29T00:00:00+00:00,DELIVERED,NORMAL,1,Auto-generated for replenishing Urine Drainage Bag. Days remaining: 6.7,2,1,2026-07-26T00:00:00+00:00,2026-07-22T00:00:00+00:00,2026-07-29T00:00:00+00:00
1537,15,2026-07-22T00:00:00+00:00,2026-07-29T00:00:00+00:00,DELIVERED,NORMAL,1,Auto-generated for replenishing Montelukast 10mg. Days remaining: 6.5,2,1,2026-07-26T00:00:00+00:00,2026-07-22T00:00:00+00:00,2026-07-29T00:00:00+00:00
1538,9,2026-07-22T00:00:00+00:00,2026-07-29T00:00:00+00:00,DELIVERED,NORMAL,1,Auto-generated for replenishing Silk Suture 3-0. Days remaining: 6.0,2,1,2026-07-26T00:00:00+00:00,2026-07-22T00:00:00+00:00,2026-07-29T00:00:00+00:00
1539,13,2026-07-22T00:00:00+00:00,2026-07-28T00:00:00+00:00,DELIVERED,NORMAL,1,Auto-generated for replenishing Nitrile Gloves (S). Days remaining: 6.7,2,1,2026-07-25T00:00:00+00:00,2026-07-22T00:00:00+00:00,2026-07-28T00:00:00+00:00
1540,7,2026-07-22T00:00:00+00:00,2026-07-25T00:00:00+00:00,DELIVERED,NORMAL,1,Auto-generated for replenishing Glucose Test Strips. Days remaining: 7.0,2,1,2026-07-22T00:00:00+00:00,2026-07-22T00:00:00+00:00,2026-07-25T00:00:00+00:00
1541,9,2026-07-22T00:00:00+00:00,2026-07-29T00:00:00+00:00,DELIVERED,NORMAL,1,Auto-generated for replenishing Sterile Water 10ml. Days remaining: 6.1,2,1,2026-07-26T00:00:00+00:00,2026-07-22T00:00:00+00:00,2026-07-29T00:00:00+00:00
1542,11,2026-07-23T00:00:00+00:00,2026-07-27T00:00:00+00:00,DELIVERED,NORMAL,1,Auto-generated for replenishing Syringes (2ml). Days remaining: 6.6,2,1,2026-07-24T00:00:00+00:00,2026-07-23T00:00:00+00:00,2026-07-27T00:00:00+00:00
1543,13,2026-07-23T00:00:00+00:00,2026-07-29T00:00:00+00:00,DELIVERED,NORMAL,1,Auto-generated for replenishing Universal Drape Pack. Days remaining: 7.0,2,1,2026-07-26T00:00:00+00:00,2026-07-23T00:00:00+00:00,2026-07-29T00:00:00+00:00
1544,10,2026-07-23T00:00:00+00:00,2026-07-31T00:00:00+00:00,DELIVERED,NORMAL,1,Auto-generated for replenishing Clopidogrel 75mg. Days remaining: 7.0,2,1,2026-07-28T00:00:00+00:00,2026-07-23T00:00:00+00:00,2026-07-31T00:00:00+00:00
1545,1,2026-07-24T00:00:00+00:00,2026-07-28T00:00:00+00:00,DELIVERED,NORMAL,1,Auto-generated for replenishing Disposable Gown Blue. Days remaining: 6.9,2,1,2026-07-25T00:00:00+00:00,2026-07-24T00:00:00+00:00,2026-07-28T00:00:00+00:00
1546,4,2026-07-24T00:00:00+00:00,2026-08-03T00:00:00+00:00,APPROVED,NORMAL,1,Auto-generated for replenishing Disinfectant Wipes. Days remaining: 6.2,2,1,2026-07-24T02:00:00+00:00,2026-07-24T00:00:00+00:00,2026-07-24T00:00:00+00:00
1547,11,2026-07-24T00:00:00+00:00,2026-07-28T00:00:00+00:00,DELIVERED,NORMAL,1,Auto-generated for replenishing Biohazard Bags Large. Days remaining: 6.9,2,1,2026-07-25T00:00:00+00:00,2026-07-24T00:00:00+00:00,2026-07-28T00:00:00+00:00
1548,10,2026-07-24T00:00:00+00:00,2026-08-01T00:00:00+00:00,APPROVED,NORMAL,1,Auto-generated for replenishing Amoxicillin 500mg. Days remaining: 6.1,2,1,2026-07-24T02:00:00+00:00,2026-07-24T00:00:00+00:00,2026-07-24T00:00:00+00:00
1549,7,2026-07-24T00:00:00+00:00,2026-07-27T00:00:00+00:00,DELIVERED,NORMAL,1,Auto-generated for replenishing IV Cannula 22G. Days remaining: 6.9,2,1,2026-07-24T00:00:00+00:00,2026-07-24T00:00:00+00:00,2026-07-27T00:00:00+00:00
1550,1,2026-07-24T00:00:00+00:00,2026-07-28T00:00:00+00:00,DELIVERED,NORMAL,1,Auto-generated for replenishing Lap Sponge 30x30cm. Days remaining: 6.8,2,1,2026-07-25T00:00:00+00:00,2026-07-24T00:00:00+00:00,2026-07-28T00:00:00+00:00
1551,11,2026-07-25T00:00:00+00:00,2026-07-29T00:00:00+00:00,DELIVERED,NORMAL,1,Auto-generated for replenishing Pipette Tips 200uL. Days remaining: 6.5,2,1,2026-07-26T00:00:00+00:00,2026-07-25T00:00:00+00:00,2026-07-29T00:00:00+00:00
1552,11,2026-07-25T00:00:00+00:00,2026-07-29T00:00:00+00:00,DELIVERED,NORMAL,1,Auto-generated for replenishing Aprons Waterproof. Days remaining: 6.8,2,1,2026-07-26T00:00:00+00:00,2026-07-25T00:00:00+00:00,2026-07-29T00:00:00+00:00
1553,3,2026-07-25T00:00:00+00:00,2026-07-28T00:00:00+00:00,DELIVERED,NORMAL,1,Auto-generated for replenishing IV Cannula 18G. Days remaining: 6.3,2,1,2026-07-25T00:00:00+00:00,2026-07-25T00:00:00+00:00,2026-07-28T00:00:00+00:00
1554,5,2026-07-25T00:00:00+00:00,2026-08-03T00:00:00+00:00,APPROVED,NORMAL,1,Auto-generated for replenishing 3-Ply Surgical Mask. Days remaining: 6.0,2,1,2026-07-25T02:00:00+00:00,2026-07-25T00:00:00+00:00,2026-07-25T00:00:00+00:00
1555,8,2026-07-25T00:00:00+00:00,2026-08-02T00:00:00+00:00,APPROVED,NORMAL,1,Auto-generated for replenishing Serum Sep Tubes (SST). Days remaining: 6.9,2,1,2026-07-25T02:00:00+00:00,2026-07-25T00:00:00+00:00,2026-07-25T00:00:00+00:00
1556,10,2026-07-25T00:00:00+00:00,2026-08-02T00:00:00+00:00,APPROVED,NORMAL,1,Auto-generated for replenishing EDTA Blood Tubes (K2). Days remaining: 6.5,2,1,2026-07-25T02:00:00+00:00,2026-07-25T00:00:00+00:00,2026-07-25T00:00:00+00:00
1557,5,2026-07-25T00:00:00+00:00,2026-08-03T00:00:00+00:00,APPROVED,NORMAL,1,Auto-generated for replenishing Staple Remover. Days remaining: 6.2,2,1,2026-07-25T02:00:00+00:00,2026-07-25T00:00:00+00:00,2026-07-25T00:00:00+00:00
1558,10,2026-07-25T00:00:00+00:00,2026-08-02T00:00:00+00:00,APPROVED,NORMAL,1,Auto-generated for replenishing Surgical Tape 2-inch. Days remaining: 7.0,2,1,2026-07-25T02:00:00+00:00,2026-07-25T00:00:00+00:00,2026-07-25T00:00:00+00:00
1559,14,2026-07-26T00:00:00+00:00,2026-08-03T00:00:00+00:00,APPROVED,NORMAL,1,Auto-generated for replenishing Surgical Gown Sterile. Days remaining: 6.5,2,1,2026-07-26T02:00:00+00:00,2026-07-26T00:00:00+00:00,2026-07-26T00:00:00+00:00
1560,9,2026-07-26T00:00:00+00:00,2026-08-02T00:00:00+00:00,APPROVED,NORMAL,1,Auto-generated for replenishing Hand Sanitizer 500ml. Days remaining: 6.6,2,1,2026-07-26T02:00:00+00:00,2026-07-26T00:00:00+00:00,2026-07-26T00:00:00+00:00
1561,2,2026-07-27T00:00:00+00:00,2026-07-31T00:00:00+00:00,DELIVERED,NORMAL,1,Auto-generated for replenishing Latex Gloves (M). Days remaining: 6.9,2,1,2026-07-28T00:00:00+00:00,2026-07-27T00:00:00+00:00,2026-07-31T00:00:00+00:00
1562,13,2026-07-27T00:00:00+00:00,2026-08-02T00:00:00+00:00,APPROVED,NORMAL,1,Auto-generated for replenishing Suction Yankauer Tip. Days remaining: 6.4,2,1,2026-07-27T02:00:00+00:00,2026-07-27T00:00:00+00:00,2026-07-27T00:00:00+00:00
1563,1,2026-07-27T00:00:00+00:00,2026-07-31T00:00:00+00:00,DELIVERED,NORMAL,1,Auto-generated for replenishing Syphilis Test Kits. Days remaining: 6.2,2,1,2026-07-28T00:00:00+00:00,2026-07-27T00:00:00+00:00,2026-07-31T00:00:00+00:00
1564,6,2026-07-27T00:00:00+00:00,2026-07-31T00:00:00+00:00,DELIVERED,NORMAL,1,Auto-generated for replenishing HCV Rapid Test Kits. Days remaining: 6.2,2,1,2026-07-28T00:00:00+00:00,2026-07-27T00:00:00+00:00,2026-07-31T00:00:00+00:00
1565,7,2026-07-29T00:00:00+00:00,2026-08-01T00:00:00+00:00,APPROVED,NORMAL,1,Auto-generated for replenishing Adhesive Plasters. Days remaining: 6.6,2,1,2026-07-29T02:00:00+00:00,2026-07-29T00:00:00+00:00,2026-07-29T00:00:00+00:00
1566,14,2026-07-29T00:00:00+00:00,2026-08-06T00:00:00+00:00,APPROVED,NORMAL,1,Auto-generated for replenishing Normal Saline 500ml. Days remaining: 6.5,2,1,2026-07-29T02:00:00+00:00,2026-07-29T00:00:00+00:00,2026-07-29T00:00:00+00:00
1567,14,2026-07-30T00:00:00+00:00,2026-08-07T00:00:00+00:00,APPROVED,NORMAL,1,Auto-generated for replenishing Surgical Blades #22. Days remaining: 6.5,2,1,2026-07-30T02:00:00+00:00,2026-07-30T00:00:00+00:00,2026-07-30T00:00:00+00:00
1568,9,2026-07-30T00:00:00+00:00,2026-08-06T00:00:00+00:00,APPROVED,NORMAL,1,Auto-generated for replenishing Omeprazole 20mg. Days remaining: 6.6,2,1,2026-07-30T02:00:00+00:00,2026-07-30T00:00:00+00:00,2026-07-30T00:00:00+00:00
1569,12,2026-07-31T00:00:00+00:00,2026-08-07T00:00:00+00:00,APPROVED,NORMAL,1,Auto-generated for replenishing Bouffant Caps Blue. Days remaining: 5.9,2,1,2026-07-31T02:00:00+00:00,2026-07-31T00:00:00+00:00,2026-07-31T00:00:00+00:00
1570,13,2026-07-31T00:00:00+00:00,2026-08-06T00:00:00+00:00,APPROVED,NORMAL,1,Auto-generated for replenishing Vicryl Suture 4-0. Days remaining: 6.8,2,1,2026-07-31T02:00:00+00:00,2026-07-31T00:00:00+00:00,2026-07-31T00:00:00+00:00
